Date,Open,High,Low,Close,Volume
2022-01-03,28.989684835531776,28.98008964838729,28.71434229315929,28.960724111420358,1666396
2022-01-04,28.44055635295919,28.42001162189496,28.203544713914354,28.412144208750444,1512658
2022-01-05,27.784653852223695,27.76796845530386,27.61889939057328,27.75689695526843,125947
2022-01-06,27.12523883042663,27.244062436490456,27.068751376994133,27.098140689736894,1526987
2022-01-07,27.453539788071414,27.432909917257916,27.37127192408922,27.42611367439702,887056
2022-01-10,28.146291951593696,28.2213926396325,28.048355738098227,28.118173777815883,980430
2022-01-11,27.647172875463095,27.714798409158785,27.507872364578397,27.61955332214096,1704925
2022-01-12,26.88829449420273,27.091734248368194,26.745145912310708,26.86143306114159,1517195
2022-01-13,26.638585592592143,26.705066904327715,26.41241744107556,26.611973618973174,1735285
2022-01-14,26.668811513911045,26.788568228065625,26.524755339281015,26.642169344566483,211695
2022-01-17,26.335597417872076,26.402232193148823,26.221007152834723,26.309288129742338,165510
2022-01-18,26.151407463341403,26.24112223818655,26.086908878968,26.125282181160244,1413358
2022-01-19,26.386325256766046,26.564914530712674,26.337931204399293,26.359965291474573,1604229
2022-01-20,26.48026109726183,26.498275753991305,26.409689410614245,26.453807289971863,1859338
2022-01-21,26.18959999320386,26.439389921452765,26.0295955720077,26.163436556647216,350825
2022-01-24,25.511744251184975,25.622034326060735,25.37597817854452,25.486257993191785,642361
2022-01-25,25.369961130420233,25.443550603127857,25.34325029435342,25.344616513906328,1388420
2022-01-26,25.780672162343123,25.821606345263298,25.603082866757905,25.754917245098028,1289250
2022-01-27,24.932745514404242,25.06787763080715,24.736327158401252,24.907837676727517,1349242
2022-01-28,25.53854412561534,25.637733730150764,25.457416842478352,25.51303109452082,692330
2022-01-31,25.544096980677292,25.52375579551094,25.34390345068768,25.51857840227502,571243
2022-02-01,26.15548428576559,26.28882279296828,25.763732561683213,26.129354930834758,505217
2022-02-02,25.774957215135917,25.769334737419292,25.536552581601775,25.74920800712879,1415987
2022-02-03,25.337529009658606,25.426361135319947,25.208841684417695,25.312216792865744,880987
2022-02-04,24.661214794956567,25.00510062240892,24.619243209344837,24.63657821673983,1119453
2022-02-07,24.692479310699255,24.760938930591987,24.655747733886756,24.66781149920006,1307328
2022-02-08,24.678684199832436,24.722994273971217,24.542713711780777,24.654030169662775,840557
2022-02-09,24.51718303171124,24.591706959983835,24.40036261015249,24.492690341369872,404604
2022-02-10,24.485985131480152,24.473383743756987,24.312666213581714,24.461523607872284,522976
2022-02-11,24.611168680602535,24.668738395769005,24.56773199698343,24.586582098504035,1288703
2022-02-14,24.195391845357506,24.22891752246327,24.151934489270307,24.171220624732776,1727838
2022-02-15,24.526064422708686,24.689205315693723,24.497114755628836,24.50156285984884,822788
2022-02-16,23.76843890680597,23.91839320064242,23.734266444447826,23.744694212593377,1010257
2022-02-17,23.502477710440523,23.62226216343049,23.451080409901905,23.478998711728796,311550
2022-02-18,23.579748847681213,23.693513925808368,23.54756708657966,23.55619265502619,1057864
2022-02-21,23.403699204407676,23.40141809684568,23.303005413672587,23.380318885522158,201893
2022-02-22,23.405655208878258,23.610767336949948,23.280950334381163,23.382272935942318,1534144
2022-02-23,22.686002864001225,22.72206259376963,22.607828608156197,22.66333952447675,1791655
2022-02-24,22.49549373682261,22.50329024208921,22.350691041132645,22.473020716106507,1806125
2022-02-25,22.409254048229514,22.40835189271228,22.231694805966512,22.38686718104847,1290426
2022-02-28,21.780029752797716,21.821460109030827,21.67195881228512,21.758271481316402,978060
2022-03-01,21.935210680506135,21.924097380318678,21.871431943891125,21.913297383123012,568374
2022-03-02,21.38577246246323,21.442578090206784,21.24903924830662,21.364408054408823,469498
2022-03-03,21.00497248516586,21.012748642570674,20.930946071260838,20.983988496669195,951722
2022-03-04,20.455852281070158,20.50970055228511,20.370215121062326,20.435416864205955,870950
2022-03-07,20.46126303960291,20.51221825271085,20.276277428795613,20.440822217385524,857192
2022-03-08,20.113835684711994,20.167867123289575,20.065487542614612,20.093741942769228,1154135
2022-03-09,20.26165742596609,20.507236158447554,20.08632228518359,20.241416009956136,783654
2022-03-10,20.496979226656762,20.564262563892946,20.458450378751653,20.476502723932832,1108579
2022-03-11,20.303597069729516,20.367926897652275,20.282036499243887,20.283313755973545,359471
2022-03-14,20.433814230784016,20.557396059533634,20.397383785208206,20.413400829954064,1694066
2022-03-15,21.007062322185405,21.052010759384345,20.961493451745064,20.98607624593947,475761
2022-03-16,20.320316607932117,20.30055394350866,20.028830770354276,20.30001659134078,816831
2022-03-17,19.635791562069702,19.738971935281153,19.493999545760033,19.61617538668302,1146000
2022-03-18,20.188424013473835,20.337584374437544,20.15272223864596,20.16825575771612,922812
2022-03-21,19.80871007816167,19.82264082597465,19.58094937540543,19.78892115700467,1432471
2022-03-22,20.756509726515308,20.919501439963838,20.688470505328354,20.73577395256275,1900975
2022-03-23,21.01191391871948,21.0278433830136,20.890717136391995,20.990922995723757,486914
2022-03-24,20.090087485090883,20.09747066720032,20.038359902033736,20.070017467623263,1390309
2022-03-25,20.34333045182966,20.33990333596329,20.293219549190997,20.32300744438528,380729
2022-03-28,20.236147574322523,20.245512575072418,20.132485960471456,20.215931642679845,571209
2022-03-29,20.214847206661748,20.386838140816074,20.16584015483366,20.19465255410764,1592160
2022-03-30,20.460038435394786,20.719637158086403,20.362087686335375,20.43959883655823,1979478
2022-03-31,20.184111859143847,20.315079814139843,20.144485611069452,20.16394791123262,1330488
2022-04-01,20.014377268310973,20.011788187183672,19.919527938518005,19.99438288542555,1793961
2022-04-04,20.0109625225717,20.01084195590134,19.914930265208465,19.99097155102068,1599058
2022-04-05,19.34596119673856,19.404180619929903,19.31013317490957,19.326634562176388,303033
2022-04-06,19.194759417849447,19.204244733986737,19.119687270305477,19.175583834015434,491101
2022-04-07,19.232098870360435,19.21844980193059,19.20571863253765,19.21288598437606,1184765
2022-04-08,19.192186738575984,19.178273621268517,19.11542811335923,19.173013724851135,1078119
2022-04-11,19.189851141816373,19.27734660091803,19.14198938579636,19.17068046135502,449729
2022-04-12,19.140741445079893,19.211233547170192,19.012025013771325,19.12161982525464,606078
2022-04-13,18.426885702792593,18.42369329768296,18.375624727932447,18.408477225567026,1954501
2022-04-14,18.091133839529594,18.15308416887591,18.068627917305555,18.073060778750843,1576932
2022-04-15,17.41969272405313,17.455285148014735,17.38610777934193,17.402290433619513,878624
2022-04-18,17.4751313809964,17.5633719647153,17.422876275877158,17.457673707289114,1891808
2022-04-19,17.73227901563082,17.7963921762076,17.61727093011635,17.71456445117964,1574519
2022-04-20,17.73909304671048,17.875662172217776,17.60689528200002,17.721371675035446,769420
2022-04-21,17.05866103012332,17.141106014162773,17.018182311650484,17.04161941071261,1318005
2022-04-22,16.90453985037808,16.89044438645948,16.7680194257341,16.8876521981799,1017147
2022-04-25,17.105504757893126,17.172230373748963,16.963191596194523,17.088416341551575,626478
2022-04-26,17.212258835286704,17.233339369985906,17.07733590390919,17.19506377151519,948012
2022-04-27,17.407287285807126,17.399931979858813,17.367605824193742,17.38989738841871,710656
2022-04-28,17.624530025834936,17.61504548640185,17.555889425966527,17.606923102732207,1408529
2022-04-29,17.25164515868216,17.283929044229172,17.23173571094677,17.234410747934227,619673
2022-05-02,17.290415243201487,17.365414947827446,17.22203898708918,17.273142101100387,1465526
2022-05-03,17.350520815266652,17.349696203162708,17.258787874651393,17.333187627639013,1580380
2022-05-04,17.003568003333463,17.071789045223063,16.903227768113496,16.986581421911552,1823797
2022-05-05,16.794494613678044,16.811417638969743,16.755001573376607,16.777716896781264,560760
2022-05-06,16.725553389012145,16.775015955834224,16.690882932268682,16.70884454446768,317198
2022-05-09,17.271650558106213,17.459193090272564,17.038121552666524,17.25439616194427,253497
2022-05-10,17.56210587160982,17.558086941157672,17.47359070758156,17.54456131029952,279211
2022-05-11,17.5380721708119,17.543591487323596,17.394962881870466,17.52055161919271,746193
2022-05-12,17.525521149297113,17.566932523454117,17.382235188418974,17.508013136160955,910082
2022-05-13,16.9982122770564,17.05054408478851,16.890844500702578,16.98123104601039,1636775
2022-05-16,16.98113994987189,16.96741082386012,16.85138128135383,16.964175774097793,1023982
2022-05-17,17.256153972376975,17.351610559656105,17.110137728088095,17.23891505731966,405931
2022-05-18,17.103592723740565,17.14951908785859,17.049795545113927,17.086506217523045,543109
2022-05-19,17.239211217764378,17.417352058439455,17.11024542788431,17.221989228535843,1038402
2022-05-20,17.635061845597036,17.634639713302096,17.596026640437557,17.617444401195844,1029814
2022-05-23,17.51191854612442,17.626832935900598,17.46898649564608,17.49442412200242,567559
2022-05-24,17.00647163862411,17.118808557495,16.975250017310824,16.989482156467645,931947
2022-05-25,16.949711320980473,16.960009524041155,16.78847463224227,16.932778542438037,929992
2022-05-26,16.878367623307163,16.86441104331594,16.815641378443676,16.861506117189975,1876543
2022-05-27,17.664167922589215,17.65647116084333,17.537999750087028,17.64652140118803,671348
2022-05-30,17.608716864376607,17.680142922585265,17.468070898817693,17.59112573863797,1553935
2022-05-31,17.547497919184714,17.594919048238896,17.438466478096824,17.529967951233484,130340
2022-06-01,17.83662266406122,17.88104582119433,17.81829307736471,17.818803860201022,1297956
2022-06-02,17.573897650694008,17.6371092384436,17.542895306923732,17.556341309384624,1153560
2022-06-03,17.441830539385734,17.477762805198132,17.29479815727269,17.424406133252482,1537293
2022-06-06,17.36730662327973,17.35687959858365,17.294511190136273,17.34995666661312,1378004
2022-06-07,17.28329743984685,17.4209458743933,17.248543571925797,17.266031408438415,326153
2022-06-08,17.37194464983485,17.39413040844475,17.245283984444125,17.354590059775077,1991057
2022-06-09,17.395638488883645,17.416726941826457,17.350091772574988,17.37826022865499,1028395
2022-06-10,16.6442284691172,16.64575650582167,16.612569172403102,16.62760086824895,273635
2022-06-13,16.948957943627054,16.948790773539884,16.784860894003163,16.932025917709346,1072548
2022-06-14,16.784980471768648,16.955661651754923,16.738504641774956,16.76821225950914,1736251
2022-06-15,16.96649869735826,17.06553902659251,16.718119941981836,16.949549148210053,135325
2022-06-16,16.966392780477378,17.016494284710806,16.812799335259694,16.949443337140238,439347
2022-06-17,17.12314576035185,17.177449981719246,16.99307193504713,17.10603972063122,426447
2022-06-20,17.500335331640276,17.48660068612481,17.395482022952415,17.482852479161117,834252
2022-06-21,17.414828677017077,17.44438086403836,17.330815139869138,17.39743124577131,376135
2022-06-22,17.25191963425173,17.258449780220147,17.15319109662538,17.23468494930243,350655
2022-06-23,17.345577861785184,17.40586480944973,17.179232020982663,17.328249612173014,82743
2022-06-24,17.290805414236985,17.34481236917314,17.24521141907269,17.273531882354632,1733366
2022-06-27,17.81604943577743,17.966997396023867,17.74804182334379,17.79825118459284,1270909
2022-06-28,17.721393841046037,17.926368095784976,17.60521662682478,17.703690150895145,655536
2022-06-29,17.513783002578815,17.51538016559357,17.44373173492047,17.496286715862954,753312
2022-06-30,18.1110621089918,18.096753828659534,17.953018542367477,18.09296913985195,1629695
2022-07-01,17.868613756434222,18.0072527852264,17.835584413258,17.85076299344078,1777124
2022-07-04,18.096909924243626,18.120368897139965,18.034096486051062,18.078831093150477,1058427
2022-07-05,17.883259213662743,17.92924932305317,17.810002411653223,17.865393819842904,651417
2022-07-06,18.074468169169847,18.09034095531951,17.955838790538866,18.056411757412437,946913
2022-07-07,18.566534436417566,18.57243649121669,18.453519147944977,18.5479864499676,1451232
2022-07-08,19.006084602676196,19.15911085751075,18.895290082247094,18.98709750517103,823206
2022-07-11,18.853776657799596,19.11521150933887,18.68052773775471,18.834941716083513,1630873
2022-07-12,19.02669396025208,19.030154263877318,18.918695178172598,19.007686273978102,576390
2022-07-13,19.41783874358031,19.505099935012776,19.385890953603294,19.398440303277038,775391
2022-07-14,19.44767480139336,19.484859758688334,19.41844673102903,19.428246554838527,1865896
2022-07-15,20.08020422325643,20.145176979540484,20.046123527060004,20.060144079177256,275617
2022-07-18,20.628263555456307,20.702384186497703,20.4762972622689,20.607655899556754,977563
2022-07-19,21.24738228190174,21.23692279337059,21.226145405498084,21.226156125775965,1933896
2022-07-20,21.24812438781493,21.340802688319663,21.046301821781913,21.226897490324607,1482956
2022-07-21,21.392112012415943,21.410005694163264,21.35668228544073,21.3707412711448,1173866
2022-07-22,20.922277565632175,20.99706308003336,20.708158725003823,20.901376189442736,186708
2022-07-25,20.58386185157956,20.653092230813197,20.51307733842283,20.563298553026534,1298959
2022-07-26,20.790641800947984,20.861450942295257,20.683216725774898,20.76987192901897,1933534
2022-07-27,20.51753419931182,20.654238467380445,20.312258456530508,20.497037162149674,1110364
2022-07-28,20.52683184456734,20.510513898225835,20.32670139107074,20.506325519048293,1985084
2022-07-29,20.129049450727695,20.306050321336162,20.10671125912435,20.10894051021748,309816
2022-08-01,19.871373459782745,19.942970975222224,19.80157609011287,19.851521937844904,1558539
2022-08-02,19.434316851496245,19.490166765262597,19.370247717335644,19.4149019495467,1225909
2022-08-03,19.535409922889006,19.693402021618752,19.42708841931576,19.51589402886015,1527269
2022-08-04,19.274738668810304,19.288089721459674,19.163656842332447,19.25548318562468,1437020
2022-08-05,19.317496679919408,19.33017105237032,19.285956328553958,19.29819848143797,1250636
2022-08-08,19.516758810421237,19.72310979582145,19.404210195222348,19.497261548872366,668522
2022-08-09,19.387830337516053,19.502100258114787,19.275195509622048,19.368461875640413,902084
2022-08-10,19.39049870223232,19.47024471244229,19.36540656758731,19.371127574657667,1822376
2022-08-11,20.183521186805425,20.32482539734459,20.064368590529956,20.16335782897645,1885004
2022-08-12,20.37912781018626,20.54440150450662,20.29175780761017,20.35876904114512,1578311
2022-08-15,20.95627891845951,21.05504392484712,20.90356259145168,20.935343574884627,1768770
2022-08-16,21.51633424632814,21.58096687021626,21.43349973587836,21.49483940692122,1392292
2022-08-17,21.850823704989153,21.853382896788126,21.709635392702634,21.828994710278877,1972296
2022-08-18,22.056314654013384,22.060319579744096,21.973493208313588,22.034280373639746,379790
2022-08-19,21.415125888298526,21.436136531143077,21.270563930705514,21.393732156142384,1594164
2022-08-22,21.602040382434406,21.662898710415284,21.439735362322992,21.580459922511896,1843244
2022-08-23,21.216460021193246,21.356195011725685,21.158798803883204,21.19526475643681,1451500
2022-08-24,20.706308105037643,20.692917238142677,20.666373401800374,20.68562248255509,1626493
2022-08-25,20.679480131842816,20.71192656174028,20.494923752697392,20.658821310532286,208299
2022-08-26,21.10147012480708,21.224833335573067,20.93247623061629,21.08038973507201,340474
2022-08-29,21.325038892693208,21.315230616565803,21.24845526017668,21.303735157535673,605286
2022-08-30,21.601959186691136,21.718156736284286,21.554171536597444,21.580378807883257,1881720
2022-08-31,21.90366814770814,21.954164399633026,21.84456572754633,21.881786361346794,1898139
2022-09-01,22.208830753766538,22.375207721791462,21.99881873287917,22.186644109656882,1931220
2022-09-02,21.78984417949669,21.846135365778206,21.722900560707323,21.768076103393298,1858818
2022-09-05,21.361842428540882,21.450933153945407,21.17871264157996,21.34050192661427,1696048
2022-09-06,21.394493731245007,21.431272272343577,21.27877978553202,21.373120610634373,267474
2022-09-07,21.79395882814191,21.909677341902242,21.760551886631895,21.77218664150041,342125
2022-09-08,21.77835476286663,21.92387373698319,21.700140357206184,21.75659816470193,1137264
2022-09-09,21.48575833581285,21.500211719469323,21.373841755364055,21.46429404177108,756953
2022-09-12,21.277435826957472,21.312417646860087,21.255023452603854,21.256179647310166,1334659
2022-09-13,21.094916425433965,21.128174940006456,20.971467982576776,21.073842582851118,763635
2022-09-14,20.8474671908503,20.831244266489822,20.73362658923986,20.826640550300002,1523452
2022-09-15,20.44033922446014,20.445600823764615,20.389005258050794,20.419919305154988,696127
2022-09-16,21.027451889666757,21.03494761062006,20.9777088787237,21.006445444222535,1062770
2022-09-19,21.096327601618235,21.256650415552624,20.93823321514225,21.07525234926897,932307
2022-09-20,20.472044492040688,20.455275536892763,20.301398104203777,20.45159289914155,146055
2022-09-21,20.538970458156765,20.567827851405998,20.447441581086053,20.518452006150618,1453697
2022-09-22,20.732382179306395,20.865103830389657,20.621733714177918,20.7116705087976,1977075
2022-09-23,21.04614891239574,21.1500697967995,20.793782620057108,21.025123788607136,1274589
2022-09-26,20.65936193730641,20.650217865397433,20.443447328409334,20.63872321409232,252492
2022-09-27,19.968579822881843,20.0008976254455,19.86977843591287,19.948631191690154,1682702
2022-09-28,20.789860870429262,20.834441135385504,20.539663124060834,20.769091778650612,635282
2022-09-29,20.305188126623783,20.41961844744723,20.248271153298592,20.284903223400384,705283
2022-09-30,19.78843263583726,19.910888371816153,19.76611090382089,19.768663971865397,1849396
2022-10-03,19.85126062435763,19.958644851466417,19.794604511114365,19.831429195162467,1523668
2022-10-04,20.245138648438925,20.315151867133387,20.049491309066305,20.224913734704224,124790
2022-10-05,20.60592676218024,20.703789996338532,20.449527014751986,20.58534142075948,769582
2022-10-06,20.298968217763548,20.292667423579246,20.14717678870622,20.278689528235315,304116
2022-10-07,20.305822138452196,20.315977298130935,20.09411496670145,20.28553660185035,1400059
2022-10-10,20.03383452929224,20.105061418180075,19.93692052709224,20.01382070858366,1314143
2022-10-11,20.030257503507507,20.06906557318434,19.90850750589995,20.010247256251258,1393196
2022-10-12,19.78266769383444,19.8227009921936,19.679098425511963,19.762904789045397,1844634
2022-10-13,20.67018403020032,20.681239567202226,20.564816691885238,20.649534495704618,1123031
2022-10-14,21.10947818312009,21.124517215719884,20.98367038506162,21.088389793326765,1804548
2022-10-17,21.03404413962882,21.111585502677332,21.0024076836759,21.013031108520302,1594558
2022-10-18,20.97836278095707,21.025438752387892,20.916606788838767,20.95740537558149,182836
2022-10-19,21.499052075062824,21.543516398826377,21.380021338553966,21.477574500562266,1877125
2022-10-20,21.227954992915055,21.25922226412444,21.170984177090293,21.206748244670386,576357
2022-10-21,21.124118903659507,21.17273136384709,20.987357327508548,21.10301588777174,355252
2022-10-24,20.94394239210622,21.00355338558605,20.901704523221696,20.92301937273349,644689
2022-10-25,20.950546679838588,21.091951904703322,20.779953275411383,20.929617062775815,1301740
2022-10-26,21.589846722747403,21.6096000917196,21.553694971559224,21.568278444303104,1529556
2022-10-27,21.3355941270161,21.52108526273453,21.293253327014,21.314279847168933,1915725
2022-10-28,20.853604042564715,21.022411541278057,20.753081522454448,20.832771271293424,320292
2022-10-31,20.4255148202718,20.41132597721308,20.273550918260366,20.40510971056124,1879523
2022-11-01,20.192210160058508,20.195913449209538,20.141877020157462,20.172038121936573,93566
2022-11-02,19.68249805076515,19.682911981940787,19.550328327060004,19.662835215549602,451628
2022-11-03,19.237196286570576,19.42278818354208,19.16348227167081,19.217978308262317,552411
2022-11-04,18.94037205381286,19.028788118433564,18.845821301026845,18.921450603209653,402156
2022-11-07,19.106216353944482,19.18736207520885,19.008314950264648,19.087129224719764,94273
2022-11-08,19.188871041923605,19.257545512918846,19.125220269129294,19.169701340583025,1686825
2022-11-09,19.060446275686107,19.162409395803785,18.96824423014552,19.041404870815295,320049
2022-11-10,19.183086298664303,19.228102093292133,19.064181304754374,19.163922376288017,1368814
2022-11-11,19.192424308943682,19.174617669494516,19.062193734730972,19.1732510578858,1524541
2022-11-14,19.148371751516255,19.210254973676594,18.983003031959434,19.12924250900725,750187
2022-11-15,18.837091130944422,18.920778588062035,18.795982139368846,18.81827285808634,161573
2022-11-16,19.103115385184505,19.237121194366136,19.0620883079713,19.084031353830678,927436
2022-11-17,19.086986111646837,19.101224730600006,18.93968023593902,19.067918193453387,311835
2022-11-18,19.009715426725183,19.04917909434359,18.93736442136953,18.99072470202316,908625
2022-11-21,18.87932990172124,18.901056660500785,18.724916535362787,18.86046943228895,111375
2022-11-22,18.924141763000236,18.959072108182642,18.861059852557815,18.905236526473765,347558
2022-11-23,18.88754515773081,18.94517175760979,18.86193894479881,18.86867648124956,1891709
2022-11-24,18.46364559579577,18.580562284237068,18.26583543654627,18.445200395400374,1134912
2022-11-25,18.258214538939374,18.329860762630005,18.168874246683753,18.239974564375,1844387
2022-11-28,17.860308758132444,17.842975226552596,17.80813886065054,17.842466291840605,1077603
2022-11-29,16.912566475383983,16.914099285217375,16.800533997860484,16.895670804579407,692745
2022-11-30,16.50996750873423,16.508252766095268,16.45335278421977,16.493474034699535,1353537
2022-12-01,17.268083198876994,17.328178624080124,17.20789814524753,17.250832366510487,598318
2022-12-02,16.70988575419437,16.79839844300874,16.638978469824988,16.69319256163274,1994865
2022-12-05,16.670627277497882,16.79359690860081,16.526809854475772,16.65397330419369,1022206
2022-12-06,16.891227988796366,16.953827932976882,16.706307809820075,16.874353635161206,307266
2022-12-07,16.831639404587868,16.858914664619277,16.75811008284026,16.814824580007862,1481273
2022-12-08,16.791752586838335,16.89642590217434,16.740008631039153,16.774977609229108,174785
2022-12-09,16.47575545129501,16.473789272990935,16.44652258677837,16.459296155139874,695420
2022-12-12,16.253425110665724,16.28572317339346,16.09877450109108,16.237187922742983,1646971
2022-12-13,16.036855405211693,16.04934136391311,15.8901410643575,16.020834570641053,1540069
2022-12-14,15.690910470168918,15.795586578543212,15.624016881004746,15.675235234933986,869375
2022-12-15,15.641923924152332,15.70357849158099,15.479013214266232,15.626297626525808,1559342
2022-12-16,15.81406332603325,15.872108822545444,15.685204046476228,15.798265060972279,1047399
2022-12-19,16.067229348605288,16.094769378033142,15.995714082707137,16.051178170434856,1189826
2022-12-20,16.559319192086022,16.604520940961567,16.468166230464682,16.542776415670353,1080986
2022-12-21,16.732345560614313,16.780800602683758,16.684370336036448,16.71562993068363,1401910
2022-12-22,17.718698756144192,17.75446306078619,17.663623129924165,17.70099775838581,683061
2022-12-23,17.77398068754488,17.760292293054448,17.68707419465336,17.7562244630818,687577
2022-12-26,17.418668408660643,17.477171585425168,17.33437432931554,17.401267141519128,329999
2022-12-27,16.96399933051872,17.050937880263255,16.93762340276941,16.947052278240484,776763
2022-12-28,17.044585247338418,17.04167135603809,16.943814608320622,17.02755768964877,809636
2022-12-29,17.30782043463819,17.32510977627114,17.213961370675552,17.29052990473346,1912405
2022-12-30,17.604344904998335,17.64530552990978,17.523329653259022,17.586758146851487,580494
2023-01-02,17.6197149258685,17.659982034297954,17.517538841384827,17.602112813055445,735832
2023-01-03,18.04961676238973,18.162734877188907,17.965767779730673,18.031585177212516,706949
2023-01-04,18.075087766901365,18.06633220193531,17.972529065262,18.057030736165203,1462166
2023-01-05,17.95475189047924,17.991726218324192,17.897689643097905,17.93681507540384,673623
2023-01-06,17.910252287241793,17.910530994864153,17.844545939412935,17.89235992731448,1745236
2023-01-09,17.947263957838736,17.965703374073097,17.780626802095696,17.92933462321552,1245615
2023-01-10,18.15637151352656,18.15034029764197,18.08834020860756,18.138233280246318,1366515
2023-01-11,17.761793980583356,17.762517677222423,17.674249250265873,17.744049930652704,53092
2023-01-12,17.43009723648964,17.60129631011785,17.25547807366895,17.412684551937705,770413
2023-01-13,17.807454531801806,17.952391931386632,17.783450123344686,17.789664866934874,735154
2023-01-16,17.69840506751043,17.762945770404606,17.67587586636566,17.680724343167263,1656164
2023-01-17,18.08439425917071,18.069044401830478,18.05558828864512,18.066327931239474,1682071
2023-01-18,18.306497200096285,18.474040811573918,18.160663977415297,18.288208991105183,1955865
2023-01-19,18.418724294383548,18.461709807046066,18.249263396042373,18.400323970413137,1867464
2023-01-20,18.831715165145216,18.983219990682663,18.76072394581374,18.812902262882336,1948607
2023-01-23,18.790935066648043,18.793046909721813,18.75551581777922,18.772162903744302,475895
2023-01-24,19.026770045908737,19.10005619607385,18.904327850148828,19.007762283625116,1961207
2023-01-25,19.32043348152174,19.52984043930078,19.18383817653705,19.30113234917257,1851346
2023-01-26,19.70174682711972,19.793052452714278,19.555243000066586,19.682064762357363,1846817
2023-01-27,19.375074560353966,19.3988399296566,19.347385293181482,19.355718841512456,1300985
2023-01-30,19.37815384595363,19.406535933221466,19.309419462063822,19.358795050902728,837366
2023-01-31,19.92313604484855,19.936253824484393,19.85972313985115,19.903232812036517,1910245
2023-02-01,20.197387257499546,20.235810634960302,20.09879327581216,20.177210047452096,1848048
2023-02-02,20.71305655312654,20.751699720928997,20.606668359448886,20.692364188937603,313629
2023-02-03,21.310145592341613,21.416371828441658,21.17314821411082,21.288856735606007,1670946
2023-02-06,21.100932016017246,21.153125610541146,21.016796286441554,21.079852163853396,1758444
2023-02-07,21.111234256117932,21.2564492628487,20.959956611622662,21.090144112005927,1781585
2023-02-08,21.685764355357446,21.69514893535235,21.636816693194195,21.664100255102344,1799115
2023-02-09,21.91715286331157,21.92479161643707,21.756824222506804,21.89525760570587,820570
2023-02-10,21.588221438811136,21.613420828810266,21.488475234963204,21.56665478402711,1506004
2023-02-13,21.785207306347427,21.825508770202873,21.74356869851234,21.763443862484944,107524
2023-02-14,21.96507990547373,21.944968684863667,21.886751389924125,21.943136768705028,1697852
2023-02-15,21.775596584819546,21.794194956645793,21.718371521483324,21.75384274207747,1472397
2023-02-16,21.643450055321107,21.729423854706916,21.58883036673832,21.621828227094017,1715206
2023-02-17,22.02420155939729,22.204354662803706,21.909186607505436,22.002199360037256,1438351
2023-02-20,22.328396574117086,22.378478563845384,22.237074805348342,22.306090483633454,1397769
2023-02-21,21.903234978199716,21.93144827019759,21.816847816043108,21.881353624575144,504107
2023-02-22,21.558842512850788,21.551511884221874,21.46227979602167,21.537305207643147,1365803
2023-02-23,21.4565371616956,21.499340561321475,21.250824349755966,21.435102059635966,1093224
2023-02-24,21.48029114981929,21.566370885622113,21.448813614531577,21.45883231750179,129972
2023-02-27,21.46869790126453,21.4629587370823,21.435087819544457,21.44725065061392,74467
2023-02-28,21.160432565703452,21.18528624287331,21.05038957785806,21.139293272431022,463035
2023-03-01,21.29993144841412,21.313584972994516,21.070727706565254,21.278652795618505,181915
2023-03-02,20.532215295468095,20.557808452032496,20.490058888361006,20.51170359187622,183616
2023-03-03,20.22968100967899,20.210194194548382,20.165991973694073,20.209471538140853,58399
2023-03-06,20.250791032535112,20.2926861437175,20.10220095244152,20.23056047206305,1116109
2023-03-07,20.26108173849384,20.283962097935714,20.169145617015598,20.240840897596247,1285009
2023-03-08,20.23138136442839,20.271827879694722,20.130221386976654,20.211170194234157,260960
2023-03-09,20.373340345997857,20.558040737798144,20.317306850308142,20.35298735863922,1647773
2023-03-10,20.450324217637036,20.61045078040221,20.314212390766905,20.429894323313725,982221
2023-03-13,20.34344178446299,20.357527882455596,20.291982287146585,20.323118665797193,1931948
2023-03-14,20.943092195239924,21.01112575130532,20.86689703967576,20.92217002521471,52780
2023-03-15,20.915968360497665,20.920226146890386,20.868298132041794,20.895073287210458,125979
2023-03-16,21.919272284925146,21.91888326187625,21.78199121434803,21.897374910015134,589873
2023-03-17,21.26614912500699,21.24794034882242,21.113558835595835,21.244904220786207,70602
2023-03-20,21.6203399079743,21.608196563709736,21.579293021051246,21.598741166807496,1803015
2023-03-21,21.13630478489208,21.1340788900231,20.998204257060465,21.115189595296783,525446
2023-03-22,20.493582691487944,20.564944621443043,20.368337992112,20.47310958190604,1127760
2023-03-23,20.139152116777066,20.175853822539572,20.01123797261347,20.119033083693374,616182
2023-03-24,19.084531001061013,19.06718530808926,19.05200450265623,19.06546553552549,226940
2023-03-27,18.91279253311707,19.07481448412785,18.862024824236652,18.89389863448259,1798125
2023-03-28,18.887406322216123,18.947954201749788,18.84639004494353,18.868537784431695,622269
2023-03-29,18.545771972062113,18.565304845733447,18.50307827487479,18.52724472733478,1969980
2023-03-30,18.394911421468528,18.38488052100662,18.321063413870533,18.376534886581947,545464
2023-03-31,18.552373038967023,18.71587406339428,18.506125118670415,18.533839199767257,1848297
2023-04-03,18.345105586363758,18.409299873733378,18.315388575296833,18.326778807556202,823246
2023-04-04,18.662677161909308,18.833094226478746,18.643842082659116,18.644033128780528,950367
2023-04-05,18.41962384401876,18.46487872218853,18.249333284575954,18.401222621397363,324322
2023-04-06,19.049026832356663,19.04000124746576,18.99663297536736,19.029996835521143,588583
2023-04-07,19.047180391753148,19.036570652874772,18.958921637494786,19.028152239513638,1821960
2023-04-10,18.590841177824462,18.666145095964122,18.516852519935913,18.57226890891555,665563
2023-04-11,18.83904202012974,18.83813401965499,18.78907380445637,18.82022179833141,956242
2023-04-12,18.927697041623787,19.001107331377245,18.82926775159438,18.908788253370417,199236
2023-04-13,18.420467817365346,18.44805048868763,18.34779641787895,18.402065751613733,259464
2023-04-14,19.081220213126866,19.276821709123883,18.962773422042495,19.062158055071794,815020
2023-04-17,18.936735013928093,18.9289482317006,18.856674016991153,18.917817196731363,1958173
2023-04-18,19.141230229737513,19.272302991675065,19.071879399502656,19.1221081216159,1609573
2023-04-19,20.09053597694926,20.132553165244207,19.98785351973116,20.070465511437824,602154
2023-04-20,19.849496697809663,19.953050834305746,19.784880977893526,19.829667030778886,1841375
2023-04-21,19.598560009898666,19.709783257634435,19.50079492006412,19.578981028869798,1725988
2023-04-24,19.77256528852964,19.78354085483942,19.650451807810406,19.752812476053588,451996
2023-04-25,18.925081816744466,18.907029269877544,18.887168317699178,18.906175641103363,1572789
2023-04-26,19.311164785354876,19.42711734210706,19.164032109207053,19.291872912442436,1479716
2023-04-27,19.014279240104432,19.06345205611916,18.94080696747828,18.995283956148285,210138
2023-04-28,19.520205276476343,19.520267568423993,19.30751422406145,19.50070457190444,1263640
2023-05-01,19.96917134513341,19.9793785385696,19.867864388177,19.949222123010404,505009
2023-05-02,19.57227925629643,19.68423065940123,19.50588728315516,19.552726529766666,422743
2023-05-03,19.113069063807593,19.227634652310122,19.08284434523417,19.093975088718878,624839
2023-05-04,19.562975679433453,19.59429205773626,19.384891804413588,19.54343224718627,1456142
2023-05-05,19.135504781179826,19.19210184226543,19.062265562218457,19.11638839278704,1471675
2023-05-08,19.156627704163483,19.143060217112193,19.088481969020656,19.137490213949537,589343
2023-05-09,19.333560741621746,19.402306653855057,19.116604041935307,19.31424649512662,403276
2023-05-10,19.65375728847816,19.708209466082184,19.58612768548765,19.63412316531285,1385664
2023-05-11,19.68405900733454,19.767020369909027,19.644659267257463,19.66439461272182,1701856
2023-05-12,19.408829099628026,19.409780653923303,19.33993822789056,19.38943965996806,226380
2023-05-15,19.719502087555437,19.726446545293854,19.648294488956072,19.69980228527017,427281
2023-05-16,19.903541717493024,19.907322111770696,19.758828763277748,19.883658059433593,256374
2023-05-17,20.31840596801196,20.315196562351492,20.14817920287643,20.29810786015181,1621981
2023-05-18,19.947394344333723,19.9799536345912,19.86656447930909,19.92746687745627,1965200
2023-05-19,20.530111490657394,20.62513909405516,20.39846143015873,20.50960188876863,1792909
2023-05-22,20.743108672072342,20.8468862159979,20.71182796608203,20.72238628578656,1342490
2023-05-23,20.638846077740457,20.619974698980407,20.46992476121779,20.61822784989057,1634038
2023-05-24,20.88674976220322,21.104475451866673,20.826095594820764,20.865883878324897,956005
2023-05-25,20.867635458944694,21.069104525854037,20.581911927204235,20.84678867027442,567914
2023-05-26,20.177651987420067,20.248331260053153,20.10137710710534,20.157494492927142,1385319
2023-05-29,19.950015757922408,20.083683697273262,19.880124544259314,19.93008567225016,1513737
2023-05-30,20.089251258612315,20.069431620127254,19.928412557915916,20.069182076535782,1101792
2023-05-31,20.206701938881213,20.223415468261162,20.12281122119068,20.18651542345776,83094
2023-06-01,20.304137462938865,20.347152855616507,20.28228301341091,20.283853609329537,1354581
2023-06-02,20.032914437233266,20.027651184446757,20.004600154865958,20.01290153569757,268013
2023-06-05,19.663915165324532,19.660673248184697,19.39362080453886,19.644270894430104,919482
2023-06-06,19.51859738892821,19.57973335016744,19.427078238221316,19.499098290637576,1809677
2023-06-07,19.594698114415834,19.582389156359827,19.56632037395725,19.57512299142441,468774
2023-06-08,19.56563540724021,19.663467606495065,19.376396453246908,19.54608931792229,196836
2023-06-09,19.69687463281553,19.725127664167946,19.51909318988565,19.67719743538015,669698
2023-06-12,19.460867395155937,19.502123119659178,19.396539962365477,19.441425969186753,1967022
2023-06-13,19.26074477726179,19.313610576832563,19.241173989559922,19.241503273987806,179375
2023-06-14,19.054296219619236,19.14270596294716,18.98067791868713,19.035260958660576,267437
2023-06-15,18.961025127526437,18.96928616333697,18.845255147003172,18.942083044481958,1780987
2023-06-16,18.758912845831272,18.74789938130726,18.691698478846064,18.740172673158117,955301
2023-06-19,18.745072611676225,18.890302938151187,18.683886563767526,18.726346265410815,1471854
2023-06-20,18.592953688622032,18.775771385093062,18.428945784187135,18.57437930931272,1091701
2023-06-21,19.053649943580773,19.049757637673732,19.02037423811393,19.03461532825252,1730978
2023-06-22,18.811716409598574,18.795840200285518,18.70818406855368,18.792923486112464,493551
2023-06-23,18.49375531066286,18.521388758117634,18.43588065040391,18.47528003063223,1777691
2023-06-26,18.64307142205466,18.64317234586653,18.610769226765356,18.624446975079582,688028
2023-06-27,19.21366588806401,19.413534663248136,19.1886357630826,19.194471416647364,468178
2023-06-28,19.165660028033788,19.223370379292117,19.106824117427188,19.14651351451927,1972698
2023-06-29,18.749289330281922,18.88862073237762,18.69382779649038,18.730558771510413,858071
2023-06-30,19.016778669000036,19.04671086530598,18.978340601220996,18.997780888111926,1043030
2023-07-03,18.658147274409924,18.72265469914226,18.598619901282664,18.639507766643284,1380831
2023-07-04,18.643432887131777,18.634289908038568,18.59169991178201,18.624808079052727,240297
2023-07-05,18.556603374628704,18.570374287345086,18.488375298387076,18.538065309319386,1988087
2023-07-06,18.161425307023123,18.327336690270705,18.058958400707926,18.143282024998125,861973
2023-07-07,18.435968649201552,18.51328687695097,18.298031761738446,18.417551098103452,846893
2023-07-10,18.555393816223432,18.681009864992664,18.29612548853203,18.53685695926417,1357099
2023-07-11,18.507578277200444,18.526033776081132,18.440905241108098,18.489089188012436,1105159
2023-07-12,18.606475687646753,18.601261129892116,18.433291518564953,18.587887799846907,535131
2023-07-13,18.210574356662256,18.198974047341288,18.184660946542714,18.19238197468757,843666
2023-07-14,18.113671716304054,18.192778535761757,18.040251738842557,18.095576140163892,1951841
2023-07-17,18.22514169285796,18.20739544035879,18.17523096177681,18.206934758099862,1204200
2023-07-18,18.462476994380715,18.45261064690844,18.190405288652023,18.4440329614193,1456006
2023-07-19,17.843283135481265,17.86142993066524,17.742091733549138,17.825457677803463,1140345
2023-07-20,17.996567774094295,18.09462740273514,17.84463116449662,17.97858918490939,1223329
2023-07-21,17.651854634541053,17.685949696725725,17.584020322831215,17.63422041412693,1850642
2023-07-24,16.97119071943779,16.978349242886647,16.948292221968327,16.954236482954837,999282
2023-07-25,17.224096991081122,17.225940362836077,17.166750973041992,17.206890100980143,1325119
2023-07-26,17.57202203114625,17.683957695014936,17.523338385048422,17.55446756358267,1014883
2023-07-27,17.242384868547468,17.23416979683182,17.168005630417348,17.225159708838632,1648786
2023-07-28,17.49993377413776,17.578331692027387,17.472277969126225,17.482451322814946,1730381
2023-07-31,17.52257536012458,17.522814563481035,17.424885359400704,17.505070289834748,1438510
2023-08-01,17.779779801849465,17.886328849950072,17.690310686377508,17.7620177840654,807154
2023-08-02,18.397229799746615,18.400516043007517,18.368238238638426,18.37885094879782,300268
2023-08-03,18.817362856258594,18.844717522790326,18.73601789731259,18.79856429196663,83914
2023-08-04,18.879780176977658,18.960513213114158,18.79539887523303,18.86091925771994,191580
2023-08-07,18.487684981825737,18.58585951123296,18.430222428801816,18.46921576605968,429420
2023-08-08,18.249897299099885,18.301374560215177,18.004923986746068,18.23166563346642,1829804
2023-08-09,18.147732258482762,18.150713291101603,18.044839210022403,18.129602655826936,445362
2023-08-10,17.94721053761411,18.02968473576436,17.872415443633916,17.929281256357754,1609245
2023-08-11,18.07140618102807,18.081993021941965,17.97258430609741,18.053352828199873,820928
2023-08-14,18.276262903413937,18.413640472056866,18.139146930483406,18.258004898515424,1060079
2023-08-15,18.900062806951105,19.069421929995958,18.749314451995126,18.88118162532578,829873
2023-08-16,19.30767793520372,19.309490658278808,19.240685242935694,19.288389545658063,719895
2023-08-17,18.860996594516077,18.85204081932022,18.80749940991396,18.842154440076005,1306695
2023-08-18,19.72644584904704,19.73915371178489,19.674978475723133,19.706739109937104,1243742
2023-08-21,19.730882402424196,19.73903559545546,19.55883346269383,19.711171231193006,213799
2023-08-22,19.587528338957867,19.57335745270108,19.474766981376185,19.56796037857929,1518571
2023-08-23,18.959343965128117,18.977188953496228,18.902033348248683,18.94040356156655,1882241
2023-08-24,19.01488130737869,19.021095679301855,18.93540152798389,18.995885421956736,63259
2023-08-25,19.826304852472745,19.89966828459225,19.748454877449703,19.806498354118627,673009
2023-08-28,19.834733370153764,19.888859999899104,19.779392256062238,19.814918451702063,1005177
2023-08-29,20.04750486430386,20.03245635697485,19.969515561508878,20.027477386916946,299784
2023-08-30,20.216697962018504,20.200154816131572,20.015403767441605,20.196501460557947,278611
2023-08-31,20.61807910972528,20.611121943725077,20.450489566046897,20.597481628097185,528250
2023-09-01,20.356225456245184,20.4131689606639,20.23916334331607,20.335889566678507,706235
2023-09-04,20.068568694251606,20.1728793073853,19.876997873587474,20.04852017407753,219666
2023-09-05,20.32278234353197,20.51319010158836,20.281489565959113,20.302479863668303,623996
2023-09-06,20.69876488152191,20.726109840122373,20.566927155702338,20.678086794727186,1317236
2023-09-07,20.4618914617643,20.52894534988015,20.412571012478665,20.44145001175255,1588781
2023-09-08,20.630050217308188,20.63110890888074,20.594643040382685,20.60944077653166,1676249
2023-09-11,21.027222834501476,21.080894119381927,20.837684004441176,21.006216617883595,525917
2023-09-12,21.187897654746084,21.270701080975016,21.157090969691836,21.166730923822264,749614
2023-09-13,21.04093536717852,21.16178375580517,20.93074836187025,21.019915451726796,1033816
2023-09-14,21.87635707455793,21.863267993885025,21.820894284804517,21.854502571985947,806080
2023-09-15,22.485602147435486,22.520804595832768,22.392781443753805,22.46313900842706,1452612
2023-09-18,22.77140395806476,22.843567675919843,22.695692335372176,22.748655302762,417739
2023-09-19,22.73018381866835,22.885266351921032,22.63547338112183,22.70747634232603,1507780
2023-09-20,22.22106296795825,22.199943819531462,22.15941259691429,22.198864103854397,444128
2023-09-21,22.058135008219118,22.075040469727035,21.894233672413222,22.03609890930981,1988512
2023-09-22,22.093702795853993,22.17327392030813,22.035248124334117,22.071631164689308,379649
2023-09-25,21.71889132152258,21.763865305632738,21.62390474351718,21.69719412739519,398165
2023-09-26,22.151593302079906,22.253129836952407,22.1205505933409,22.129463838241666,123663
2023-09-27,21.662216488200677,21.685994982426568,21.632089632675882,21.64057591228839,1054973
2023-09-28,22.33570712893476,22.321299366571772,22.258589514298237,22.313393735199565,522205
2023-09-29,22.189850332099464,22.228163145956596,22.13587630858378,22.16768264945002,1349166
2023-10-02,21.8882721844427,21.884134837036424,21.79749983408777,21.86640577866404,961778
2023-10-03,21.79183974805172,22.1335353696296,21.704104917295844,21.77006967837335,1518192
2023-10-04,22.01216817278555,22.003508420439747,21.965258018701036,21.990177994790763,1574796
2023-10-05,22.454967072568916,22.545259970501142,22.409486932354042,22.432534538030886,660174
2023-10-06,22.01863078068948,22.17883375388425,21.864911946819404,21.99663414654294,1662078
2023-10-09,22.300617483598693,22.396952272170395,22.238368116651085,22.27833914445424,709578
2023-10-10,22.131572969418787,22.164164207952624,22.014703627371773,22.109463505912878,726568
2023-10-11,21.599438474390713,21.67946607030947,21.476777165448908,21.577860613776938,1577708
2023-10-12,21.15356270491459,21.27915719503426,21.118673252878654,21.132430274639955,468087
2023-10-13,21.637280782128176,21.75346637505093,21.496435267861308,21.61566511701117,1236272
2023-10-16,21.107285394664668,21.166961342050193,21.03011105955576,21.086199195469202,1614571
2023-10-17,20.873330489939992,20.928664261539087,20.662877349918787,20.852478011928067,1896907
2023-10-18,20.897889669369007,20.919303084028993,20.566401828388738,20.877012656712296,650278
2023-10-19,21.488773111276267,21.47086756674314,21.448078614577916,21.467305805470797,256822
2023-10-20,20.65220485308061,20.682428112181906,20.51749720041821,20.631573279800815,1319233
2023-10-23,20.717832731638083,20.808901362909072,20.65292416792206,20.697135596042042,1503395
2023-10-24,20.789838069389297,20.831009930860468,20.30153417848654,20.76906900038891,780501
2023-10-25,20.15792182424971,20.165755660642496,19.9981314082166,20.1377840402095,1943744
2023-10-26,19.998489207373623,20.109163104790582,19.84241891282207,19.97851069667695,1221909
2023-10-27,19.883374679787455,19.9260949334342,19.783263855834388,19.86351116861884,545561
2023-10-30,20.09481176756001,20.181712076921016,20.03357210817913,20.074737030529484,1405752
2023-10-31,19.981622600478033,20.239219652809908,19.824402112936415,19.961660939538497,765294
2023-11-01,19.78675770933518,19.887036462437404,19.698059846867594,19.766990718616565,739539
2023-11-02,19.866426415642383,19.879476432061537,19.777220048574016,19.84657983580658,53168
2023-11-03,20.267704991462324,20.411638243355746,20.217238840283592,20.247457533928397,1319100
2023-11-06,19.778727714312947,19.760947370648438,19.677175740604127,19.75896874556738,1158323
2023-11-07,19.800604760451865,19.8372111618149,19.775548540310513,19.78082393651535,926130
2023-11-08,19.72067671068188,19.711748396902568,19.660333108630823,19.700975734946933,987788
2023-11-09,19.70286681473384,19.75053174859863,19.64830436530735,19.68318363110274,1410743
2023-11-10,20.043038763786917,20.033162291062226,19.977719536488095,20.02301574803888,222808
2023-11-13,19.821305705859736,19.906875143625086,19.75965110748105,19.80150420165808,1355175
2023-11-14,19.276085084691186,19.28707522607878,19.1699967785197,19.256828256434755,130159
2023-11-15,19.199899487803155,19.228229949491883,18.998202686375294,19.180718769034122,166636
2023-11-16,18.744988776702478,18.815310552067125,18.681026159067905,18.726262514188292,277978
2023-11-17,19.313870250070362,19.467874016362373,19.218036463777096,19.29457567439597,1516065
2023-11-20,19.81065815932683,19.80583430130699,19.585195281263196,19.790867292034797,1434108
2023-11-21,19.418071475819325,19.399529195756163,19.266573405674972,19.39867280301631,1750393
2023-11-22,19.41901562335303,19.421344329272227,19.329620852249867,19.399616007345685,913532
2023-11-23,18.83369181241373,18.909354510091685,18.729339915086804,18.814876935478253,637296
2023-11-24,18.77174821206898,18.7950824258045,18.678124931060733,18.75299521685213,844771
2023-11-27,18.606955874125497,18.676919550275798,18.563195229122122,18.58836750661888,1981342
2023-11-28,19.262627945053946,19.259949207566354,19.214334126283266,19.243384560493457,746755
2023-11-29,19.437971644076924,19.534223418409457,19.38678541375222,19.41855309098594,840107
2023-11-30,19.523872247531422,19.544619755811727,19.48565770764056,19.504367879651774,895574
2023-12-01,19.93194297652524,19.957414552755953,19.88456173987998,19.912030945579662,711450
2023-12-04,19.787144914554464,19.98436804337515,19.760556738652543,19.76737753701745,759453
2023-12-05,20.040270359795375,20.113823236611047,19.744827186484223,20.02025010968569,355728
2023-12-06,19.78905694900225,19.935470454758754,19.635822789287236,19.76928766134091,1807282
2023-12-07,19.57432129878914,19.618375590897834,19.47968721798091,19.554766532256885,1081352
2023-12-08,20.281013225342786,20.282742735594823,20.242826999996993,20.260752472869918,1648003
2023-12-11,19.224796552649785,19.27911718008767,19.09026157825154,19.2055909616881,461200
2023-12-12,19.445903212783808,19.45014593848443,19.264828444916414,19.42647673604776,305771
2023-12-13,19.17879535149794,19.214933831747903,19.081861276741883,19.15963571578216,503366
2023-12-14,19.515462126120692,19.63223765380314,19.476441960257045,19.495966159960734,1065693
2023-12-15,19.241686698845083,19.257156422292155,19.113348909376874,19.222464234610474,1122961
2023-12-18,19.30416235043006,19.303148501342626,19.187779327998197,19.284877472957106,478568
2023-12-19,18.82407304032734,18.851168364062566,18.765527273237627,18.80526777255479,664892
2023-12-20,19.211030104462296,19.35534562491733,19.14648788689655,19.1918382661961,259788
2023-12-21,18.94956070887173,19.05090266094874,18.89693958310472,18.930630078792937,653002
2023-12-22,18.44302523711473,18.502945533825436,18.403881727220277,18.424600636478253,732770
2023-12-25,17.340604296815034,17.42884714147714,17.2183121729719,17.323281015799235,1501297
2023-12-26,16.751562738147953,16.75795504089956,16.71897092488621,16.73482791023772,831296
2023-12-27,16.97492149961855,16.979134731811325,16.951206166743578,16.95796353608247,254002
2023-12-28,16.572651905401667,16.65355552939109,16.504263799660134,16.556095809592076,516597
2023-12-29,16.162817549792468,16.19647343987644,16.036915657154488,16.146670878913557,1369915
2024-01-01,16.166572919106507,16.1597918587004,16.091274210587056,16.1504224966099,994653
2024-01-02,16.11390581195448,16.20003090324237,16.014423594494986,16.097808003950533,1602673
2024-01-03,16.149073158223963,16.15077349934689,16.10586877766396,16.13294021800596,437498
2024-01-04,16.05614579472614,16.148660902954425,15.97266597194439,16.040105689037105,102584
2024-01-05,16.603083810343886,16.639368141259144,16.516084219949363,16.586497313030858,730424
2024-01-08,16.241509193932803,16.246289487065653,16.215204671068587,16.22528391002278,1958910
2024-01-09,16.03212903084229,16.071621678732615,15.992315655252629,16.016112917924367,966731
2024-01-10,15.951718462051641,15.939017658578532,15.898354767118846,15.93578267937227,1827948
2024-01-11,16.111526552436626,16.153315815873096,16.092318639391458,16.09543112131531,1403177
2024-01-12,16.555547336513445,16.583972728697827,16.40011445644735,16.53900832818526,1341293
2024-01-15,16.56375391375987,16.649053778961722,16.520596164277705,16.54720670705282,1527456
2024-01-16,16.811697980956296,16.82533227337997,16.789960870014912,16.79490307787842,1393813
2024-01-17,16.939270489796918,17.06511702795624,16.874704573394105,16.922348141655263,1250859
2024-01-18,17.880543401329607,17.872028332151647,17.829513857791266,17.862680720609,264060
2024-01-19,17.660874765255244,17.684315473365015,17.548084073390537,17.643231533721526,1698593
2024-01-22,18.11888617065065,18.153387152718608,17.99179852225651,18.100785385265386,251695
2024-01-23,18.109826493893895,18.125532307440594,18.048833163555738,18.091734759134763,493666
2024-01-24,18.194470290290305,18.285409850176297,18.098147430943058,18.176293996294014,1463249
2024-01-25,18.42915895449751,18.457088105220844,18.32282017297599,18.41074820629122,1009576
2024-01-26,18.863095386735736,18.900516772880376,18.814788830735633,18.84425113560014,531290
2024-01-29,18.628112663547792,18.678341743896475,18.438171501048725,18.60950316038741,522086
2024-01-30,18.5816948720154,18.606303279030563,18.511619446394338,18.56313174027513,391959
2024-01-31,18.25611125429223,18.306794163692697,18.215447583910894,18.23787338091132,592674
2024-02-01,17.336012019353653,17.408367467663663,17.220375866507656,17.318693326027628,1458156
2024-02-02,18.023691617460162,18.079930283088782,18.000278509507215,18.005685931528635,1060022
2024-02-05,18.077631538907355,18.162743994283282,18.02096234043974,18.059571966940418,637535
2024-02-06,18.058054159796345,18.125065119499585,17.943237402899285,18.040014145650698,378013
2024-02-07,17.78187127631859,17.78195227191194,17.671298326269667,17.764107169149444,906566
2024-02-08,17.70160797910149,17.83358657335962,17.549565088536635,17.683924055046443,901194
2024-02-09,17.823593679094472,17.868668709393884,17.72782310469682,17.80578789120327,65211
2024-02-12,18.230992415788005,18.297815961401326,18.081375245051756,18.212779636151854,732644
2024-02-13,18.330474447408633,18.350176158589147,18.18718385749721,18.312162285123513,1816070
2024-02-14,18.378096323091793,18.54724239687069,18.228976200284976,18.35973658650529,1661472
2024-02-15,18.006894428505074,18.066153157086926,17.98345096970684,17.988905522982094,983741
2024-02-16,17.79801425630824,17.808998454360477,17.76572175197342,17.780234022285956,1329413
2024-02-19,17.801211738050853,17.907943146619886,17.674899975282358,17.783428309741115,386317
2024-02-20,17.17626181957613,17.189357359611265,16.981797139586064,17.159102716859273,1996180
2024-02-21,17.010133624231493,17.036613276516082,16.943116000196884,16.993140483747748,691938
2024-02-22,17.019862406748636,17.031192525735815,16.870882296683405,17.002859547201435,1445156
2024-02-23,17.52840493349702,17.5810089751199,17.390589897338742,17.51089403945756,1178095
2024-02-26,16.960778896303353,17.072111684845503,16.828543908026244,16.943835061242112,1983175
2024-02-27,16.528395987008025,16.69405080770999,16.511025727587796,16.51188410290512,1510450
2024-02-28,16.771848081983986,16.764743274651405,16.731927716833322,16.755092988994992,1140223
2024-02-29,16.003219649546484,16.044675100316763,15.899559642490436,15.987232417129357,1366348
2024-03-01,16.669360917813282,16.695345044458936,16.62577657274282,16.65270820960368,796412
2024-03-04,16.733514575529256,16.77147011091647,16.638439759592767,16.716797777751506,728108
2024-03-05,17.01573672551385,17.134757055976806,16.809192361985136,16.998737987526326,1099159
2024-03-06,17.203293767124332,17.282411243466385,17.120800313191605,17.18610765946487,1168959
2024-03-07,16.661337183888374,16.660514298822985,16.5740598709319,16.64469249139698,164884
2024-03-08,16.846008568180252,16.89789812624699,16.730711375574955,16.829179388791463,450169
2024-03-11,16.54345022354783,16.625564837838034,16.459667280077305,16.526923300247585,118151
2024-03-12,16.476090236636413,16.492080282594998,16.359274190809145,16.459630606030384,974322
2024-03-13,16.4772446124423,16.49440324475774,16.362877986068046,16.460783828613685,1584423
2024-03-14,16.543244743688717,16.711414586315254,16.51402566395619,16.526718025663055,1042850
2024-03-15,16.786314042309467,16.823187477836093,16.710453779743823,16.76954449781166,251738
2024-03-18,16.7981149020111,16.846421201244702,16.765301462186663,16.78133356844266,1024433
2024-03-19,17.151692104640592,17.165510661651577,17.11478638799018,17.1345575470935,387019
2024-03-20,17.250253877413996,17.27579816385418,17.199265380017994,17.23302085655744,1949218
2024-03-21,17.07220135014296,17.072615079028175,16.967169771746267,17.055146203939024,1748050
2024-03-22,17.214760383197714,17.263825874964496,17.110490706862446,17.19756282037734,757167
2024-03-25,17.075601326418788,17.20054461061586,17.019689038737532,17.058542783635154,1168497
2024-03-26,17.333471688251848,17.440234297418773,17.282638678859556,17.31615553271913,1332541
2024-03-27,17.211288120903536,17.2891523499096,17.1834778341657,17.194094026876662,1973757
2024-03-28,17.101879559309754,17.17264210801535,17.060956062771396,17.08479476454521,404851
2024-03-29,17.41362084838442,17.396993251870324,17.331769883793317,17.39622462376066,1482881
2024-04-01,16.82313004292545,16.866699292882345,16.77407859861196,16.806323719206244,1063877
2024-04-02,16.968035347299054,16.960845044597804,16.877569408824566,16.95108426303602,139978
2024-04-03,16.80953989042507,16.939982051297427,16.75518338635016,16.79274714328179,920803
2024-04-04,17.028400840217262,17.012586471144807,16.979108036160316,17.011389450766497,1050276
2024-04-05,17.226253250392784,17.323388908297208,17.197831978957925,17.2090442061866,681195
2024-04-08,16.922448277685145,16.999308908217802,16.84541075176617,16.905542734950195,264593
2024-04-09,17.06831727017838,17.09856740322893,16.85618043396804,17.051266004174206,1606753
2024-04-10,17.581354582082902,17.84118087629156,17.489034811472667,17.563790791291613,891676
2024-04-11,17.45351519760073,17.536326993332672,17.375207161784704,17.43607911848225,325541
2024-04-12,17.701476204516805,17.775833921396217,17.637673563836984,17.6837924121047,591347
2024-04-15,18.496465952793326,18.52315084289125,18.362296464743423,18.4779879648285,884953
2024-04-16,17.83921210278917,17.837141042195718,17.730310837828373,17.821390712077093,233325
2024-04-17,17.765810536617686,17.78410186072123,17.696829505005702,17.748062474143545,345681
2024-04-18,18.378611088210125,18.384001413367503,18.119474988913474,18.360250837372753,1536723
2024-04-19,18.324461374082578,18.3767222681688,18.219721401681557,18.306155218863715,1058036
2024-04-22,18.276871272529146,18.270335491400427,18.220965390091912,18.25861265986928,1402089
2024-04-23,17.923010617560262,18.002967106227576,17.840504386131,17.905105512048216,1338740
2024-04-24,17.008049327094117,16.99928415181958,16.989236835333887,16.991058268825295,1167979
2024-04-25,17.247013323421292,17.229893702281466,17.21641914704424,17.229783539881414,1808518
2024-04-26,17.453250457917648,17.458899476905515,17.37768928141314,17.435814643274377,1905843
2024-04-29,17.870048466832838,17.959282203211615,17.634816201387146,17.852196270562278,1287779
2024-04-30,18.060947885993695,18.058472759341868,17.978854078530183,18.042904981012683,177002
2024-05-01,17.720048964134172,17.752013295146863,17.657672388555607,17.702346617516657,1752351
2024-05-02,17.08580706202729,17.252750058836543,17.05306224044314,17.068738323703588,1635393
2024-05-03,17.16421039887159,17.27136702850594,16.96533503331875,17.147063335536053,774937
2024-05-06,17.628712578817865,17.662714496460712,17.475092880904924,17.611101477340526,505035
2024-05-07,17.76175805885461,17.768193491831816,17.569874437669036,17.744014044809802,1862207
2024-05-08,17.938118500610543,18.0583413313885,17.868792716057882,17.920198302308236,684861
2024-05-09,18.519895186993992,18.533224050436218,18.464145745674276,18.501393793200794,822269
2024-05-10,18.344423696149065,18.338545679940612,18.321262479927505,18.326097598550515,295400
2024-05-13,18.28273381567074,18.276110784891152,18.231720171252373,18.264469346324415,1916779
2024-05-14,18.60431634068977,18.673521085985893,18.513682350688114,18.585730610079693,294790
2024-05-15,18.456159617871663,18.466345669534164,18.4037759453136,18.437721895975688,700559
2024-05-16,18.199905775146178,18.235473773589085,18.110796624594734,18.181724051095085,272732
2024-05-17,18.054402802870147,18.229573145756476,18.00692309036401,18.036366436433717,1403919
2024-05-20,18.275013663670705,18.32692915925713,18.1151946615247,18.256756906763943,487880
2024-05-21,18.011367779529536,18.00069827380255,17.94519974711394,17.993374405124413,716809
2024-05-22,17.893054870487557,17.95116030487957,17.627679491121853,17.875179690796763,153455
2024-05-23,17.988550437353872,17.99291896516653,17.964548012405352,17.97057985749638,774556
2024-05-24,17.695232371755505,17.765926947602786,17.58406512029835,17.677554816938567,1256884
2024-05-27,17.50924128992316,17.537916328330912,17.377052799269496,17.49174954038278,1268305
2024-05-28,17.571069560768276,17.555189581070987,17.465954192724066,17.553516044723555,153842
2024-05-29,17.64693201959853,17.643827827420555,17.6172476537701,17.62930271688165,1670464
2024-05-30,17.388294117395873,17.535069231751432,17.34504139979448,17.370923194201673,1115777
2024-05-31,17.203824222218643,17.31829677350151,17.14100622489928,17.18663758463401,337234
2024-06-03,17.49253072138637,17.65638023633684,17.394473981401454,17.47505566572065,316302
2024-06-04,17.336651873821854,17.39448460496897,17.293880721010428,17.319332541280573,182466
2024-06-05,17.323694578632892,17.36522613270439,17.207425131643525,17.30638819044245,865177
2024-06-06,17.27630610452034,17.43684314400417,17.225571609098672,17.25904705746288,842695
2024-06-07,17.060162153674355,17.06707865053155,17.00124229856929,17.043119034639716,1678855
2024-06-10,17.27966608554551,17.434626265722272,17.165611992148385,17.26240368186365,1344524
2024-06-11,17.183571107804905,17.385950118952824,17.103746006718417,17.166404703101804,675018
2024-06-12,16.62475693017636,16.75122466286138,16.503417555198002,16.608148781394966,1384501
2024-06-13,17.123144793510665,17.14313422821113,17.085751712820656,17.10603875475591,1409656
2024-06-14,17.038862383766173,17.091841006053027,16.959635838333316,17.02184054322295,1833765
2024-06-17,17.077905267322965,17.097205595639068,16.957629769603898,17.060844422900068,434560
2024-06-18,17.169206401729078,17.198928518260136,17.1086780311858,17.152054347381696,1969518
2024-06-19,17.025200407148056,17.077980576303897,16.994841911850703,17.008192214933125,1250428
2024-06-20,16.673976990173188,16.777079808767652,16.597595001645548,16.657319670502687,957387
2024-06-21,16.3767772122024,16.391441830327814,16.310256934481792,16.360416795406994,1330314
2024-06-24,16.1877578563188,16.260772199784366,16.10180605121316,16.171586270048753,1885716
2024-06-25,16.383197042043072,16.59245346939026,16.358012357464762,16.366830211831243,125016
2024-06-26,16.276880320853394,16.317249599700105,16.046365196660975,16.260619701152244,1918174
2024-06-27,16.41182860004277,16.482566927203916,16.32885589214656,16.395433166875897,819446
2024-06-28,15.693419036734978,15.694024544286842,15.67704233402809,15.67774129543954,973395
2024-07-01,15.394582941764012,15.398029790794054,15.366982279825685,15.379203738025987,657709
2024-07-02,15.415736313765438,15.459577276672022,15.37845484381493,15.400335977787652,957342
2024-07-03,15.085819111126684,15.113852521653413,14.926782799369265,15.070748362763922,1375802
2024-07-04,15.281427824044297,15.391887546086135,15.243054541188354,15.266161662381917,706005
2024-07-05,15.211164313891144,15.34313376195862,15.185328261245933,15.1959683455456,175887
2024-07-08,15.11798884904223,15.15599139006674,15.096157172101874,15.102885963079153,1621288
2024-07-09,14.826240847504558,14.883268892962809,14.735685798630612,14.811429418086473,356138
2024-07-10,14.764972733092675,14.767900998846809,14.739033032459858,14.750222510582095,1247729
2024-07-11,14.34920630238482,14.349380706381393,14.296637172213314,14.334871430953868,1924593
2024-07-12,14.581544216814597,14.581101519750547,14.484742940370301,14.566977239575024,830401
2024-07-15,14.653836102057568,14.730098371782153,14.621648108850193,14.639196905152417,1939273
2024-07-16,14.559213033299125,14.596512938891287,14.48185445936411,14.544668364934193,572145
2024-07-17,14.256147235560428,14.26417253004284,14.08532507775867,14.2419053302302,1888486
2024-07-18,14.35913543946185,14.349682752054909,14.311536211257012,14.344790648813039,1325025
2024-07-19,14.123433005277793,14.17937627587129,14.07902400988244,14.109323681596198,737239
2024-07-22,14.378970898239027,14.416597334569616,14.285258692291816,14.364606291947082,347481
2024-07-23,14.547916297878068,14.619088876634581,14.50112448011155,14.533382914963106,990329
2024-07-24,14.34482982502021,14.360152989558664,14.21152192533378,14.330499325694516,1804942
2024-07-25,14.278547965013171,14.335308953160407,14.256271909670536,14.264283681331841,284874
2024-07-26,14.733455545644478,14.755316668249627,14.716319013610551,14.718736808835644,1936627
2024-07-29,14.892359601848666,15.059510651798877,14.80422879438288,14.877482119728938,197820
2024-07-30,15.14947032648095,15.138075867058609,15.13235071562505,15.134335990490461,1070317
2024-07-31,14.991008089396159,15.025967565420952,14.954095936932804,14.976032057338822,600213
2024-08-01,15.191337718187134,15.234149801265566,15.099859460506257,15.176161556630504,1475480
2024-08-02,14.81706517958825,14.87659876542954,14.700377891799219,14.80226291667158,610858
2024-08-05,14.983367640485525,15.01462670416632,14.950606572628566,14.968399241244283,707880
2024-08-06,15.235989881261927,15.34037281539877,15.154647487195547,15.22076911214978,1074008
2024-08-07,15.16153599474696,15.16287385730902,15.1098649541305,15.146389605141819,1784287
2024-08-08,15.273981683122352,15.2825755996499,15.170100597778625,15.258722960162192,1705282
2024-08-09,15.157477719023568,15.225128862979112,15.04555435983571,15.14233538363993,1183001
2024-08-12,15.069065915073603,15.091578456292384,15.035442137523475,15.054011903170434,1931502
2024-08-13,15.12578741876921,15.172684572363998,15.041231077619244,15.110676742027184,113743
2024-08-14,15.23636575532918,15.336114560214117,15.080475605328084,15.221144610718463,318949
2024-08-15,15.268488301860552,15.286988015307674,15.144600241869027,15.25323506679376,374512
2024-08-16,15.388714226182186,15.411411870324482,15.294112987595417,15.37334088529689,1135250
2024-08-19,15.09103518963093,15.237394765311894,15.049485940383786,15.07595923040053,1577962
2024-08-20,14.674564574539568,14.67674066521087,14.622253707442054,14.6599046698697,475640
2024-08-21,14.783840653983706,14.806763899385514,14.655398795185004,14.769071582401306,1447944
2024-08-22,14.121285882057824,14.118789236429357,13.970676946042188,14.10717870335447,1308027
2024-08-23,13.682457624937062,13.670772202726482,13.653704469168712,13.668788836100962,1190138
2024-08-26,13.334110624762856,13.329568300511195,13.254382595005977,13.320789834927929,258132
2024-08-27,13.506364631070982,13.553386831509938,13.423375478849911,13.492871759311672,1437543
2024-08-28,13.658500366308763,13.698016502460328,13.641286770045713,13.644855510797967,985944
2024-08-29,14.41622201263383,14.515157567335171,14.377959566444677,14.40182019244139,965289
2024-08-30,14.325899310443269,14.367753942374305,14.175724340321542,14.31158772272055,400463
2024-09-02,14.226076652173408,14.330526869411282,14.092158003487215,14.211864787386023,1829838
2024-09-03,14.182305560483771,14.223696412681829,14.160157094065111,14.168137423060712,1640124
2024-09-04,13.811683878047894,13.855589709556284,13.767306847111014,13.79788599205584,1714549
2024-09-05,14.053482577733822,14.04070850060696,13.992774690603472,14.039443134599225,919353
2024-09-06,13.807315956822203,13.891106265588622,13.781114362384441,13.793522434387816,533870
2024-09-09,13.595122039055088,13.590893341717818,13.544505716427933,13.581540498556533,1378799
2024-09-10,13.631057172771685,13.622224013467887,13.561601543478512,13.617439733038648,872221
2024-09-11,13.491718330215432,13.511699499383433,13.462390549530863,13.47824009012531,775023
2024-09-12,13.604027605780612,13.6083202511719,13.49166877804904,13.590437168612,172114
2024-09-13,13.776458164759607,13.80650506876901,13.719997537810254,13.762695469290318,1609510
2024-09-16,13.961885761328864,14.01237683732764,13.752053382956623,13.94793782350536,1914425
2024-09-17,13.944629464614861,13.942258722452399,13.895931462837957,13.930698765849014,93826
2024-09-18,13.713385266403236,13.700455217806704,13.666557350893848,13.699685580822415,341267
2024-09-19,13.698308332332097,13.693074084508291,13.68116124489189,13.684623708623475,1002511
2024-09-20,13.410814488349603,13.534969814315437,13.374388756892598,13.397417071278326,1191163
2024-09-23,13.02577466816945,13.028375600643045,12.953300006782706,13.012761906263188,364367
2024-09-24,12.638153636944676,12.70119841100438,12.579035849697398,12.62552810883584,1435304
2024-09-25,12.858760482275398,12.848889137108108,12.795692849691694,12.845914567707693,272710
2024-09-26,12.517481421633097,12.539808542771599,12.477681792640492,12.50497644518791,1221150
2024-09-27,12.769982191275602,12.788404828678516,12.73029910753448,12.757224966309295,221666
2024-09-30,12.742242366139532,12.733187881703593,12.7219056598889,12.729512853286247,458070
2024-10-01,12.648427136898755,12.714420412425476,12.603293417116925,12.635791345553203,709783
2024-10-02,12.650244164721189,12.638899973584863,12.570916725402677,12.637606558163027,1184622
2024-10-03,13.0105941393028,13.101152415598333,12.908868583367454,12.997596542760041,1668904
2024-10-04,12.65886166629222,12.748343430160883,12.628134024002819,12.64621545084138,416667
2024-10-07,12.752086163912228,12.855758006383038,12.65596782042435,12.739346817095134,1007924
2024-10-08,12.62943445636225,12.692564073448619,12.498866234260468,12.616817638723527,93605
2024-10-09,12.373107459164604,12.390109407298521,12.285569842546185,12.360746712452153,162905
2024-10-10,11.887050278320567,11.993009863779578,11.836047851337383,11.875175103217352,680216
2024-10-11,11.664522548025364,11.653719971679704,11.637149125645031,11.652869678347018,1119880
2024-10-14,11.446215796494846,11.489663039307706,11.366291925609666,11.434781015479368,491437
2024-10-15,11.439594255806387,11.464061888466958,11.425848091224202,11.428166089716672,155810
2024-10-16,11.609977053463515,11.612240143055866,11.558326058851973,11.598378674788728,1102042
2024-10-17,11.685703490474479,11.720703576956582,11.558506778456461,11.674029461013467,406507
2024-10-18,11.61933418993888,11.628674664418,11.569106713271552,11.607726463475405,700516
2024-10-21,11.97430642128322,12.077959688210612,11.939703852530117,11.962344077206016,1300461
2024-10-22,11.828617987242628,11.84075521698712,11.711284795414674,11.816801186056573,1711168
2024-10-23,11.828671269708789,11.83225094377676,11.760410737030789,11.816854415293497,1154824
2024-10-24,11.746697670408272,11.7510717764437,11.62806253206198,11.734962707700573,786006
2024-10-25,11.881465671865467,11.887617911207435,11.865694208679784,11.869596075789678,764241
2024-10-28,11.97739824674558,11.965985423931647,11.944281223600965,11.965432813931649,850330
2024-10-29,11.965849498675947,11.999227823739835,11.903655580214698,11.953895603072876,441061
2024-10-30,12.09338550610211,12.130098417270498,11.943297749946447,12.08130420190021,1616800
2024-10-31,12.149717661771176,12.155222285280159,12.077217525754547,12.137580081689487,1715092
2024-11-01,11.996059131612721,11.990374305810143,11.873387899432466,11.984075056556167,1283320
2024-11-04,12.198596387991282,12.186995583906343,12.182763927781924,12.18640997801327,911795
2024-11-05,12.081238471693524,12.16271077115655,12.026890395934545,12.069169302391135,996300
2024-11-06,11.93524939580803,12.013315828006972,11.870828135336996,11.923326069738293,1328766
2024-11-07,12.087948682322756,12.183142315069574,11.995470661695963,12.075872809513244,539201
2024-11-08,11.975284233641483,11.999538229550186,11.949292693841208,11.963320912728756,1244129
2024-11-11,11.97821527704329,12.123505400092794,11.953597377972594,11.966249028015277,1987649
2024-11-12,12.537507408131205,12.53325357014882,12.48859939869659,12.5249824257055,60255
2024-11-13,12.733598379645802,12.745244018298427,12.617766082181337,12.72087750214366,856874
2024-11-14,12.609452826077925,12.619047780968144,12.554082363974802,12.59685597010782,1977440
2024-11-15,12.483594789199634,12.502013965449507,12.452736919524003,12.471123665534101,591550
2024-11-18,12.706082866043134,12.724608026871845,12.686302875142019,12.69338947656657,1453458
2024-11-19,12.787042081566206,12.804122291141539,12.769330154727928,12.774267813752454,787602
2024-11-20,12.571164053263116,12.636445447499593,12.473132247557713,12.558605447815303,525913
2024-11-21,12.721016667402838,12.759776657263025,12.69486871440028,12.708308359043794,993481
2024-11-22,12.346841123490615,12.370773959563184,12.280111155262997,12.334506616873743,1328636
2024-11-25,12.638444518353868,12.716721721654846,12.540260605462931,12.625818699654216,1270231
2024-11-26,12.93022654216323,12.917331684769112,12.852137976420467,12.9173092329303,122725
2024-11-27,13.318450161306163,13.387106811945275,13.24304441975117,13.305145016289876,218374
2024-11-28,13.003181137915888,13.053376221026788,12.92323412667775,12.990190946968921,1465938
2024-11-29,13.150411284104802,13.241101731011028,13.028525019168358,13.137274010094709,814529
2024-12-02,13.62712938182971,13.689148206534021,13.535612321556663,13.613515865963747,55581
2024-12-03,13.736924941469628,13.75579658253523,13.62661162310424,13.7232017397299,162011
2024-12-04,13.695404487675695,13.760852303147468,13.655197933511316,13.681722764910786,1362962
2024-12-05,14.029780711670927,14.097700769859548,13.993229501349658,14.015764946724204,614139
2024-12-06,13.66854030056692,13.714925075391847,13.619985361018541,13.654885415151771,1617175
2024-12-09,13.648976618158848,13.640844859071219,13.600196173478611,13.635341276881967,690098
2024-12-10,13.760516572700963,13.8449607411582,13.740802600809818,13.746769802898067,754662
2024-12-11,13.648739373898698,13.68992630080615,13.617330458364826,13.63510426962907,1352716
2024-12-12,13.66691339204621,13.80805626008716,13.538878178029998,13.653260131914298,1603546
2024-12-13,13.899141268220939,13.95339098525803,13.87563947232686,13.885256012208732,412067
2024-12-16,14.111859136859755,14.100561860930888,14.06715699641056,14.097761375484271,953865
2024-12-17,14.101114482212434,14.124681666349307,14.071928833486638,14.087027454757678,711520
2024-12-18,13.796284550486018,13.957842607130944,13.774537888399788,13.782502048437582,546847
2024-12-19,13.416297668748301,13.534385391986936,13.309510008680341,13.402894773974328,76993
2024-12-20,13.19572537004747,13.30137036648566,13.166239374548427,13.182542827220251,742499
2024-12-23,13.071485935135186,13.061207928663121,13.018055887977752,13.05842750762756,695065
2024-12-24,12.892689958793305,12.98454686320721,12.739810573108915,12.879810148644662,571782
2024-12-25,13.55668122858092,13.549819761378872,13.43903087225699,13.543138090490432,1977622
2024-12-26,13.509594104531681,13.556855713241411,13.399797735767635,13.496098006525157,969523
2024-12-27,13.478241358131767,13.541605453962845,13.36339109246414,13.464776581550218,1626207
2024-12-30,13.636140598066891,13.654796819197726,13.574494185842546,13.622518079986905,1692764
2024-12-31,13.314923508598604,13.397013288624972,13.24453623318388,13.301621886711892,1305557
2025-01-01,13.175803170718606,13.252443227659164,13.041331218652761,13.162640530188419,427270
2025-01-02,13.320323422278276,13.322524032001192,13.285724922246864,13.307016405872405,813947
2025-01-03,13.14956919209575,13.143550816214319,13.085755135679197,13.136432759336415,1901959
2025-01-06,13.392101084003047,13.453957979382794,13.32991154437437,13.378722361641406,171065
2025-01-07,13.23910851425009,13.335208331666841,13.175756873667702,13.225882631618472,1462982
2025-01-08,13.296785468700682,13.343551703821149,13.172329127577331,13.28350196673395,1300542
2025-01-09,13.650461446260042,13.643805938399877,13.5592796844423,13.636824621638405,578184
2025-01-10,13.925708855402775,13.947750802595019,13.872833682183167,13.911797058344431,1463315
2025-01-13,13.964290700730801,13.977461080085831,13.916438949098373,13.950340360370433,119077
2025-01-14,14.003576663355606,14.058513517833953,13.939799716750473,13.989587076279328,1011635
2025-01-15,14.193612461897672,14.195668537513562,14.129683621229606,14.179433028868806,129898
2025-01-16,14.091970920527046,14.162426853518834,14.076415821091754,14.077893027499549,535010
2025-01-17,13.817587642895111,13.807073243247181,13.677696814291055,13.803783859036077,964473
2025-01-20,14.070669445415346,14.13985567603067,14.018595580326147,14.056612832582765,1925039
2025-01-21,14.36505923151819,14.42422401004271,14.327825573931321,14.350708522995197,922012
2025-01-22,14.443018648218343,14.478799002388719,14.29117776362646,14.428590058160184,1567695
2025-01-23,14.387825450191206,14.61882026898585,14.332300608555526,14.373451998193016,1719240
2025-01-24,14.09820880897961,14.172659638518795,14.026031641812267,14.084124684295316,426282
2025-01-27,13.944319889740862,14.005095601542827,13.927478739401502,13.930389500240624,1077247
2025-01-28,13.861482861036002,13.938964275347884,13.826811407572578,13.847635225810194,360342
2025-01-29,13.932721803275093,13.984074261297991,13.808855463070225,13.91880300027482,1720445
2025-01-30,14.150174782494426,14.140706817624087,14.085529301223715,14.136038743750678,1303087
2025-01-31,14.169757959405041,14.22766448124863,14.14790698310253,14.155602357047995,1962560
2025-02-03,14.276625117224205,14.358539984665912,14.184631052696135,14.262362754469736,549555
2025-02-04,13.949236491225726,14.060783096807317,13.892749419546634,13.935301190035691,866881
2025-02-05,13.984934308401636,13.991349724572332,13.87519483041908,13.97096334505658,1955587
2025-02-06,14.284513078122155,14.294645814035709,14.262151573154776,14.270242835286869,994233
2025-02-07,14.114987429636656,14.115141418280103,14.065731503168156,14.100886543093564,1696658
2025-02-10,13.63775514841275,13.713218702448966,13.598896112229577,13.624131017395356,52163
2025-02-11,13.80993206152488,13.901082819181706,13.70305373748913,13.796135925599282,774453
2025-02-12,14.186672457002826,14.22344698927348,14.164919863988349,14.172499957045781,1882213
2025-02-13,14.37798678308349,14.370512767343289,14.304552883168796,14.363623159923568,1524357
2025-02-14,14.255647574815706,14.3280486610204,14.217605388178756,14.24140616864706,459137
2025-02-17,14.414578246088537,14.44936562450716,14.395066739903367,14.400178068020518,254548
2025-02-18,13.876194867723342,13.892387342099488,13.747055068953712,13.862332535188155,361246
2025-02-19,13.898559589618673,14.022541180392064,13.81748930576372,13.88467491470397,275642
2025-02-20,13.715703361453365,13.833738929717786,13.658354734814454,13.702001360093274,1789427
2025-02-21,13.998773815978911,14.058736528029572,13.867998028349547,13.98478902695196,535692
2025-02-24,13.752453786778148,13.80679730438928,13.719827179877282,13.738715071706443,1523816
2025-02-25,14.263782885383964,14.419619749323605,14.187821663164904,14.249533352031934,1808895
2025-02-26,14.888175509540112,14.905552969828067,14.713550385660504,14.873302207332781,1499698
2025-02-27,15.416044017233284,15.424184458352793,15.338122935498337,15.400643373859427,1700867
2025-02-28,15.696544649371708,15.6839389305653,15.666954723049171,15.680863785586123,1165917
2025-03-03,15.493745528815252,15.54179306206887,15.455370544974299,15.4782672615537,1951952
2025-03-04,15.417360565091114,15.48359764419577,15.373913089842576,15.40195860648463,519094
2025-03-05,15.694666647867304,15.724589452504274,15.675437186300133,15.678987660207099,813039
2025-03-06,15.809271956292001,15.873663005667636,15.788882607972864,15.793478477814189,1738293
2025-03-07,15.634218694996518,15.653302099203138,15.522056273619585,15.618600094901618,1198784
2025-03-10,15.574612873215832,15.630190450480665,15.491402331210912,15.559053819396437,239891
2025-03-11,15.349734813119007,15.42109288001472,15.264495049668447,15.334400412706302,1877937
2025-03-12,15.463569960498452,15.480933522859234,15.366518031323276,15.448121838659794,359698
2025-03-13,15.449452720478776,15.53609017059524,15.385782345021463,15.434018701777001,1864623
2025-03-14,15.812661781957155,15.812177358605304,15.761744678624463,15.796864917040116,970671
2025-03-17,16.023713953450788,16.09041362694297,15.990302490173576,16.007706247203586,1474655
2025-03-18,15.925458213682845,15.91763356790066,15.868002600528346,15.909548665017828,892015
2025-03-19,16.3283928238922,16.39162956996315,16.288731445388667,16.312080743149053,1195171
2025-03-20,15.65685212737962,15.753476039946202,15.584886756117125,15.641210916463159,654100
2025-03-21,15.256107290600204,15.364228099561402,15.232015938362492,15.24086642417603,1293088
2025-03-24,15.09646522870779,15.154196060269191,15.029006448891039,15.081383844862929,485258
2025-03-25,15.246473502128236,15.253821328011341,15.158841033156731,15.231242259868369,51491
2025-03-26,15.772605704391795,15.84147876636568,15.721027700941079,15.75684885553626,1807680
2025-03-27,16.00483077613289,16.037996157219954,15.945285322421514,15.988841934198694,1129034
2025-03-28,16.095082584172147,16.08114614851542,15.93572753382148,16.079003580591557,1664343
2025-03-31,16.097606503096113,16.09501760780375,16.057476529239292,16.081524978117997,1871050
2025-04-01,15.587494229765898,15.59563622988434,15.504215531864654,15.571922307458442,1677664
2025-04-02,15.424915893666999,15.453774313962416,15.340577570905413,15.40950638727972,1922125
2025-04-03,15.730125899957686,15.776131726325945,15.667671752258403,15.714411488469219,228162
2025-04-04,15.82760019661038,15.842343857788798,15.627161796039951,15.81178840820218,936633
2025-04-07,15.66399284295309,15.790596558792222,15.597517445382703,15.648344498454637,138138
2025-04-08,15.66018547229527,15.714086369207811,15.569187419006935,15.644540931363908,1111775
2025-04-09,15.479399926439227,15.680280345882254,15.289427173915698,15.46393599044878,401948
2025-04-10,14.947831246571415,14.999334243086643,14.87532437891196,14.932898348223192,1380109
2025-04-11,14.891569003676722,14.917766019871559,14.800201948888523,14.876692311365359,1659843
2025-04-14,14.723318113865929,14.731484005423637,14.682532961633466,14.708609504361569,1044410
2025-04-15,14.396884578897048,14.431586515171604,14.32664119941004,14.382502076820229,484038
2025-04-16,14.348603397315934,14.390806403739306,14.325256761372788,14.334269128187747,1744018
2025-04-17,14.269252659308357,14.38200010221264,14.239017790820846,14.254997661646712,1208447
2025-04-18,14.312715627029304,14.335749701664385,14.17106870831752,14.298417209819487,683657
2025-04-21,14.320076825236683,14.388477709492054,14.218415623104834,14.305771054182502,653435
2025-04-22,14.368110304849155,14.370239279542488,14.332061238686823,14.353756548300856,1989041
2025-04-23,14.309546273839668,14.308108659510589,14.277308195424695,14.295251022816853,1175936
2025-04-24,14.119326190708998,14.220487262988808,14.064784491751233,14.10522096973926,1739725
2025-04-25,14.093653119492357,14.186681329796357,13.990223167514308,14.079573545946412,1333783
2025-04-28,14.091836235999244,14.186004239888403,14.014836870343698,14.077758477521725,1288181
2025-04-29,14.336395807847913,14.39349830434434,14.240577777792371,14.3220737341138,571101
2025-04-30,14.34879649646811,14.398668123296225,14.249839095609438,14.334462034433678,1285845
2025-05-01,14.17077513343647,14.242368060576212,14.073125209030502,14.15661851492155,292015
2025-05-02,14.378569850492193,14.414659653996262,14.33041655255396,14.364205644847347,1290541
2025-05-05,14.37056043554132,14.370066750293805,14.247538460919062,14.356204231310011,789169
2025-05-06,14.583534188881675,14.580308745180147,14.54131270068812,14.568965223658019,181450
2025-05-07,15.149491702729327,15.214935252689262,15.079665714525516,15.134357345383945,787385
2025-05-08,15.369550481770988,15.449195031318741,15.351005001785039,15.354196285485504,859558
2025-05-09,15.01736687901446,15.099967242935492,14.923405947648192,15.002364514499963,721187
2025-05-12,14.766862108062742,14.950207748403772,14.678769984535291,14.752109998064679,339534
2025-05-13,14.903502884832937,14.949053592119965,14.872465221427237,14.888614270562377,1662695
2025-05-14,14.459008974500765,14.474158039337162,14.405371016914305,14.444564410090676,798378
2025-05-15,14.335311206111475,14.347708174459138,14.22817650763843,14.32099021589558,1281405
2025-05-16,14.389999852536494,14.478650381967036,14.325804875409073,14.375624228308189,885182
2025-05-19,14.259546985758071,14.341811028660116,14.173020611184407,14.245301684073999,1328014
2025-05-20,14.036841256593434,14.109407460263816,13.936722229563435,14.02281843815528,976851
2025-05-21,14.021555186838945,14.081371249832664,13.9869688482171,14.007547639199748,508922
2025-05-22,13.922494468135582,14.009191024696529,13.861247379256021,13.90858588225333,1780248
2025-05-23,13.788864581058332,13.834396445394116,13.761480678551681,13.775089491566767,507653
2025-05-26,13.914513458666958,14.021685159723285,13.865262494717387,13.900612845821138,1478561
2025-05-27,13.746474989224367,13.805465499953668,13.687149713716355,13.732742246977391,1037614
2025-05-28,13.685052871156186,13.715519731313574,13.610325108873564,13.671381489666521,50985
2025-05-29,13.98906722804603,14.033654651338688,13.96594113716733,13.975092135910122,295022
2025-05-30,14.205517400113715,14.2391767950174,14.168257655708125,14.191326074039678,374613
2025-06-02,14.21004170680584,14.20120907684435,14.165783707909336,14.195845860944896,1380157
2025-06-03,14.158091456390084,14.23467994952408,14.10307097669558,14.143947508881205,438815
2025-06-04,14.222876643552727,14.27777841378555,14.121245433238544,14.208667975577152,982489
2025-06-05,14.279812906187487,14.312621158781994,14.243791914632107,14.26554735882866,294630
2025-06-06,13.94654171981576,13.980451147155835,13.917247273393954,13.932609110705057,398742
2025-06-09,13.75071896992996,13.750916138963435,13.704149393831702,13.736981987942018,591457
2025-06-10,14.023376033257536,14.0831386668428,13.998137831564087,14.009366666590946,1627708
2025-06-11,13.779892329431602,13.80343864000028,13.740906834004543,13.766126203228376,979204
2025-06-12,14.188236147941723,14.262852892832475,14.133859323362552,14.17406208585587,573972
2025-06-13,14.364177058137804,14.434310385684135,14.340785723580334,14.349827230906898,1954557
2025-06-16,14.356922103879468,14.355587026926116,14.249683986079408,14.342579524355115,797656
2025-06-17,14.23509016278023,14.261584211369444,14.145085820506711,14.220869293486745,409537
2025-06-18,14.26704297589078,14.279936795462362,14.239233000560532,14.252790185705075,200445
2025-06-19,14.473902209283553,14.57731719069666,14.425535119858633,14.459442766517038,75164
2025-06-20,14.596755005545182,14.612862915312952,14.481412090670316,14.582172832712471,1190150
2025-06-23,14.950788678577174,14.964962239147392,14.86380678299134,14.935852825751425,109454
2025-06-24,15.082597813924892,15.139308789003959,15.020767251961871,15.067530283641252,1428334
2025-06-25,14.911357117775264,14.956053030250986,14.745801303040253,14.896460657118148,610426
2025-06-26,15.067048724513095,15.057358778579164,14.977258072065888,15.05199672778531,975543
2025-06-27,15.277194969638924,15.371612132232311,15.216620851042158,15.261933036602322,246197
2025-06-30,15.25646406765085,15.263635128541878,15.240686450080903,15.241222844806046,1792657
2025-07-01,15.01434890406229,15.019703009820825,14.921061124502888,14.999349554507784,117939
2025-07-02,14.811599639815975,14.883962780116066,14.662276530085624,14.796802836978998,103752
2025-07-03,14.96841436111087,14.980494931319265,14.875031110267091,14.953460900210661,106384
2025-07-04,14.736588539271509,14.786032195645342,14.64518999250628,14.721866672598912,1743516
2025-07-07,15.213724849972026,15.208069759553,15.144588242547737,15.19852632364838,1044193
2025-07-08,15.426589394050723,15.534852538182452,15.400788373886966,15.41117821583489,161403
2025-07-09,14.932614342975501,15.056680386456039,14.886787799412367,14.917696646329174,376618
2025-07-10,14.648692735166598,14.706828391822045,14.62696803136276,14.63405867649011,595158
2025-07-11,14.673569029323884,14.666055389591966,14.624094991820092,14.65891011920468,163578
2025-07-14,14.347918288700383,14.376914049931559,14.294478880550034,14.333584703996388,265418
2025-07-15,14.31513544128764,14.323763393952325,14.230212138383301,14.300834606680962,612149
2025-07-16,14.551909808140657,14.644592563376436,14.532475622297437,14.537372435704954,1855118
2025-07-17,14.724949577621894,14.760921379967623,14.692891632471248,14.710239338283612,1514841
2025-07-18,14.44208648286193,14.495041983077996,14.366546938075192,14.427658824037893,391187
2025-07-21,14.643747009047562,14.709876529611588,14.509182502696307,14.629117891156408,1120943
2025-07-22,14.912408991738396,14.911479678557589,14.892096108329993,14.897511480258139,1097257
2025-07-23,14.726765862359207,14.715098675925333,14.677423738111372,14.712053808550657,1354742
2025-07-24,14.899732631959179,14.948475171174957,14.828625212591351,14.884847784175005,1337426
2025-07-25,14.739535287996024,14.842406004648085,14.69869866209924,14.724810477518506,1548238
2025-07-28,14.392779270254284,14.394630288128225,14.27333089936164,14.378400869384901,1072674
2025-07-29,14.706137477053606,14.817398499834313,14.564425960127357,14.691446031022585,1030093
2025-07-30,15.01395691917335,15.023634573336523,14.836854546067446,14.998957961212138,1005709
2025-07-31,14.766805154214353,14.769766262627115,14.681907248679556,14.75205310111324,1923223
2025-08-01,14.072216343854729,14.084222877399506,13.942202744465115,14.058158185669061,1431721
2025-08-04,14.333944364650792,14.33694553998466,14.236607795198466,14.319624739910882,830992
2025-08-05,14.180620067389588,14.237754633494706,14.096491745710383,14.166453613775815,1685469
2025-08-06,14.278857518615872,14.357244118741733,14.167092114774361,14.264592925690184,759070
2025-08-07,13.942811570271349,13.996906688090114,13.854045694430823,13.928882687583767,1119737
2025-08-08,14.071715955381427,14.107708477029826,13.948119426346178,14.057658297084345,490920
2025-08-11,14.349647655460945,14.393700386058764,14.205695033942549,14.33531234311783,693846
2025-08-12,14.389916497264032,14.435950332702744,14.335586229199972,14.375540956307725,1462195
2025-08-13,14.602208214097393,14.683972008495315,14.561683306039422,14.58762059350389,1952978
2025-08-14,14.688602260983647,14.780877468140273,14.636273470290773,14.673928332650997,964832
2025-08-15,14.948990646252776,14.96569240797735,14.90034222356684,14.934056589663115,1796796
2025-08-18,14.806872799530982,14.864657535731988,14.771042695206066,14.792080718812171,887102
2025-08-19,14.658185176059618,14.664105824834875,14.614255636257571,14.643541634425194,658977
2025-08-20,14.143327732934964,14.13833311703114,14.056723690079641,14.129198534400565,1476984
2025-08-21,14.032240698473647,14.032565586611954,14.00156667927706,14.01822247599765,1024382
2025-08-22,13.957552086044512,14.08572078444345,13.939417702397172,13.943608477566947,314934
2025-08-25,13.670804995179054,13.762252855985066,13.651884908730569,13.657147847331723,1834342
2025-08-26,13.922681567296443,13.950840918980246,13.827348919179812,13.908772794501942,1209121
2025-08-27,13.856150212909355,13.877785715134502,13.798091103490775,13.842307905004352,1034826
2025-08-28,14.603777098940816,14.65996856864461,14.486670053352142,14.589187911029788,1873713
2025-08-29,14.7628678028278,14.755364250913505,14.692777400875544,14.748119683144658,1943963
2025-09-01,14.547334288962915,14.597687552678995,14.441697395447443,14.53280148747544,1998512
2025-09-02,14.547207209161629,14.534735284398122,14.391119846292513,14.532674534627004,611159
2025-09-03,14.741528141619312,14.750674359532892,14.7218794146974,14.726801340279035,975296
2025-09-04,15.030214050244895,15.146231771859933,14.948632094105056,15.015198851393503,1489613
2025-09-05,15.439451134567413,15.511886415762062,15.332890832599574,15.424027107459954,1055751
2025-09-08,15.315918635483058,15.33348647908529,15.273582181437733,15.300618017465593,263378
2025-09-09,15.594459347093728,15.580004051001554,15.517348907401555,15.578880466627103,1963762
2025-09-10,15.58458428814356,15.59872879278838,15.495602847634036,15.569015272870692,360906
2025-09-11,15.854649293435546,15.92634993302953,15.783806855700945,15.838810482952596,1104119
2025-09-12,15.823265222384816,16.001155866965725,15.774871125324157,15.807457764620198,554849
2025-09-15,15.81475135205321,15.8512342127902,15.754473035240045,15.798952399653558,1755019
2025-09-16,15.914841342525365,15.937535651976209,15.820237520303209,15.898942400125241,1057557
2025-09-17,15.733868320171668,15.744591996545266,15.714943904234092,15.718150170001667,850557
2025-09-18,15.737507213089435,15.829336149715983,15.637527054922206,15.721785427661775,1830473
2025-09-19,15.85137000536334,15.938732501597846,15.808910238957715,15.835534470892448,1258379
2025-09-22,15.33482462591918,15.34271759026116,15.28545146739882,15.319505120798384,262916
2025-09-23,15.194620800821584,15.18274575264807,15.003218496537732,15.179441359462123,289647
2025-09-24,15.068286214847058,15.074646621902271,15.001063984849864,15.053232981865195,1275820
2025-09-25,15.34618810303911,15.346479006954546,15.288812996194446,15.330857245793318,208601
2025-09-26,15.38993752854615,15.456876081282086,15.365408681573353,15.374562965580571,264865
2025-09-29,15.389388332366066,15.500057372526845,15.278609683480632,15.374014318048019,903811
2025-09-30,15.189845964792545,15.233792298629076,15.146295431467244,15.174671293499047,1993446
2025-10-01,15.313661283632989,15.322966591331637,15.190482230080505,15.298362920712279,1323423
2025-10-02,15.234034922448245,15.242394043491059,15.185113098626086,15.218816106341905,432308
2025-10-03,15.504818864732634,15.612590759348718,15.396356685989122,15.489329535197438,1494129
2025-10-06,15.432147491692948,15.438730172696083,15.358264598882329,15.416730760932017,1498304
2025-10-07,15.423919942887165,15.495967905001956,15.290846617444371,15.408511431455711,766862
2025-10-08,15.595403302479085,15.675816625374486,15.408175086440401,15.579823479000087,951096
2025-10-09,15.729354084558265,15.727349026239908,15.674220869955068,15.713640444114153,1773895
2025-10-10,15.293853111304474,15.298277883479145,15.182201191900331,15.278574536767708,1249177
2025-10-13,15.353120609370439,15.342966082632538,15.223578967654204,15.337782826543897,869600
2025-10-14,15.34254161843187,15.388057933971934,15.32449574089892,15.327214404027844,514026
2025-10-15,14.83366773360971,14.826995310932306,14.741164140012701,14.818848884724988,653190
2025-10-16,14.510890268900285,14.617042973740917,14.426844002949581,14.49639387502526,926797
2025-10-17,14.762317666277191,14.75158732262076,14.660093267630659,14.747570096181011,790063
2025-10-20,14.85747754153062,14.914885744323385,14.823758064655532,14.842634906623998,1747623
2025-10-21,14.735630349285886,14.784862879093572,14.703400221044545,14.720909439846041,149778
2025-10-22,14.98829412398895,15.023894092073059,14.94673746305416,14.973320803185766,1407337
2025-10-23,14.523403790302803,14.612141326370073,14.440364858957977,14.508894895407398,147870
2025-10-24,14.88753099885195,14.90717801508108,14.826670386870056,14.87265834051144,1784193
2025-10-27,14.738293421286986,14.82710906837986,14.698839319219882,14.723569851435553,421596
2025-10-28,15.139167205156353,15.151807228942506,15.033613793308115,15.12404316199436,529161
2025-10-29,15.033746166517334,15.141715020632702,14.8729706157221,15.018727439078257,1920290
2025-10-30,14.899505946553884,15.021458006510851,14.801467088187431,14.884621325228657,1563991
2025-10-31,14.982736342365259,15.089805617883043,14.8723347104046,14.967768573791469,1960021
2025-11-03,14.917588239190982,14.915110064495122,14.873695657046934,14.902685553637346,1335099
2025-11-04,15.19772221758739,15.218009325116435,15.136398413289557,15.182539677909483,95130
2025-11-05,15.422477527831814,15.499429930558032,15.333650846352935,15.407070457374441,142678
2025-11-06,15.332167592794,15.34978987830352,15.213760817444063,15.316850742051951,440415
2025-11-07,15.285748542560512,15.310205356202102,15.142911010747362,15.270478064496018,596099
2025-11-10,15.29147614940184,15.323505424085944,15.267497386783324,15.276199949452389,1814088
2025-11-11,15.773004868946183,15.827739270154531,15.69689577358452,15.75724762132486,398590
2025-11-12,15.769820775430349,15.842869500871437,15.717508658499439,15.754066708721629,972355
2025-11-13,16.068969182558035,16.104302778347183,15.948183249720076,16.052916266291746,246174
2025-11-14,16.0654455792169,16.121019960593856,16.02578725272611,16.049396183033867,94909
2025-11-17,15.830287828771086,15.819545781189719,15.746283728569631,15.814473355415672,61060
2025-11-18,15.368922393047802,15.36297235460588,15.254115319880345,15.35356882422358,285000
2025-11-19,15.438805731495883,15.483171186981679,15.331998691958448,15.423382349146738,699329
2025-11-20,15.578766603382102,15.612179923178125,15.4566652681792,15.563203399982122,153151
2025-11-21,15.653069577418481,15.671991066128344,15.602334969808915,15.637432145273209,908767
2025-11-24,16.0199734074972,16.077169624452328,15.951129156220569,16.003969438059144,693553
2025-11-25,16.2356555148673,16.386379057973862,16.156079720966154,16.219436078788515,1856491
2025-11-26,16.777660779377925,16.83054807706432,16.689341290117405,16.760899879498428,1367146
2025-11-27,16.97340532968282,17.004856953028934,16.788220808122713,16.956448880802018,1351009
2025-11-28,16.702385743001795,16.727484630103977,16.62360065721668,16.68570004295884,1745961
2025-12-01,17.048569354123597,17.121492147467,16.91434656170659,17.031537816307292,1470226
2025-12-02,16.72941358632859,16.77463910940994,16.672769250953838,16.712700885443148,1155523
2025-12-03,16.693664290941566,16.70973325108137,16.6719104555004,16.67698730363793,1818508
2025-12-04,16.311018161796607,16.359381716999422,16.28055336998279,16.29472343835825,883201
2025-12-05,16.58797927858125,16.702083534745654,16.446598382418394,16.57140787071054,1304992
2025-12-08,17.019184390330054,17.03949691764377,16.820794417560386,17.002182208121933,1397198
2025-12-09,16.605049882849183,16.63479864070964,16.558959761520338,16.58846142142776,810608
2025-12-10,16.34139961471849,16.412232192532485,16.316807860685618,16.325074540178313,1023470
2025-12-11,16.135407762274323,16.195163941196256,16.042419415779435,16.119288473800523,652011
2025-12-12,15.583561601803094,15.600231579222042,15.510052066444883,15.5679936081949,1171584
2025-12-15,15.547438695322132,15.596690917147631,15.52178317112386,15.5319067885336,413434
2025-12-16,15.467878062857954,15.539827700458849,15.403827223499178,15.452425637220735,1641621
2025-12-17,15.074256797194513,15.064774196086061,15.006918400049518,15.05919759959492,235500
2025-12-18,14.44605355052251,14.52525371612985,14.31896645725937,14.431621928593918,132279
2025-12-19,14.049181361494874,14.112699985027145,14.007616247198438,14.035146215279596,1495814
2025-12-22,14.102926501299516,14.174914749406899,14.066539958620787,14.088837663635882,702251
2025-12-23,13.701542409913912,13.7766604283041,13.663406477857793,13.687854555358555,1293502
2025-12-24,13.689141085752594,13.821645121268073,13.592273744873202,13.675465620132464,1647405
2025-12-25,13.732850527333113,13.744349688023636,13.684779675018172,13.719131395937177,645206
2025-12-26,13.892711247861374,13.96499266907567,13.875394273911041,13.87883241544593,359829
2025-12-29,13.860210971950135,13.858625425752873,13.81619187561105,13.846364607342794,1552243
2025-12-30,13.901971578233136,13.934459515667658,13.790493226806165,13.8880834947384,745571
2025-12-31,14.258398868829492,14.246105289848307,14.230270168719422,14.244154714115378,473503
2026-01-01,14.092034027285276,14.121356196460434,14.07093496469418,14.077956071214064,852552
2026-01-02,14.083540085681113,14.123823580611097,14.020774298438457,14.069470615066049,1950432
2026-01-05,14.393139086377271,14.385103451308098,14.314131183569867,14.378760326051221,206579
2026-01-06,14.076080169701026,14.101097761065668,14.031075080156869,14.062018151549477,71013
2026-01-07,14.223359650245536,14.237240447128617,14.132977328341823,14.209150499745792,1720039
2026-01-08,13.542252691040265,13.544389440928208,13.420485809847037,13.528723967073192,825152
2026-01-09,13.135529717231751,13.170256455633977,13.036578802570963,13.122407309921831,110951
2026-01-12,12.74414505290261,12.740939502773257,12.630740780584922,12.731413639263348,236742
2026-01-13,12.686969603926665,12.683117698038487,12.595210911585447,12.674295308618047,1524798
2026-01-14,12.671885354445973,12.734983101066993,12.593524836042526,12.659226128317657,288066
2026-01-15,12.132337605643572,12.124889677285843,12.001081804706995,12.120217388255318,250850
2026-01-16,12.527858705653435,12.56850257763271,12.418629138379897,12.515343362291144,228436
2026-01-19,12.99536664460647,12.98592100590564,12.949090327052398,12.982384260346125,446215
2026-01-20,13.283750548855027,13.4024724279845,13.23166353827465,13.270480068786242,1780592
2026-01-21,13.228224341867262,13.298603997383498,13.17233850855511,13.215009332534729,1655854
2026-01-22,13.335949693102451,13.413282291425348,13.210991164943,13.322627066036416,1069502
2026-01-23,13.160892201012146,13.239429573640123,13.0654087723454,13.147744456555593,69003
2026-01-26,13.021511086630243,13.135285012018132,13.006010128874948,13.008502584046198,1163927
2026-01-27,12.8366076897468,12.854771321445368,12.750920977220455,12.823783905840962,932072
2026-01-28,12.902045174595083,12.908045330408083,12.870930875305318,12.889156018576507,512947
2026-01-29,12.775881311861319,12.767094629299615,12.674956217658451,12.763118193667653,1928539
2026-01-30,12.665114883112901,12.685437254720101,12.634843172687862,12.65246242069221,1790753
2026-02-02,13.06881906796336,13.18643011685451,13.035840041485317,13.055763304658704,1993653
2026-02-03,12.98636934112015,13.036985227306873,12.923886679927364,12.973395945174977,631299
2026-02-04,13.12636186279367,13.204822109658943,13.079135538661195,13.113248614179492,1640418
2026-02-05,13.217684888909716,13.315321008128999,13.12146469441155,13.204480408501215,1583946
2026-02-06,13.10812490361572,13.113855563260701,13.021102707032988,13.095029873741979,453239
2026-02-09,13.007027862113842,13.038157041723355,12.961045981270566,12.994033828285557,1824137
2026-02-10,13.273605725744428,13.328191551831644,13.182211821017718,13.260345380364065,161920
2026-02-11,13.147115068076552,13.151888481124558,13.133330850299945,13.133981086989564,518278
2026-02-12,13.306084457327106,13.393445546486475,13.259627478760393,13.292791665661447,832278
2026-02-13,13.203205203030157,13.192246574749298,13.185780172643431,13.190015187842317,981239
2026-02-16,13.114075833620271,13.106899209684956,13.052874125031293,13.10097485876151,94722
2026-02-17,13.465475993210363,13.50820669289193,13.394980704569743,13.452023969241123,1573447
2026-02-18,13.043394171034311,13.130676978377222,12.98048451224242,13.030363807227086,616427
2026-02-19,12.876361579008027,12.882937295087197,12.812050149278747,12.863498080927101,1436112
2026-02-20,12.73559206672491,12.766729606487235,12.615809620286946,12.722869197527384,1163724
2026-02-23,12.830897713670845,12.839076013003531,12.738599016691397,12.81807963403681,1136945
2026-02-24,12.670684419026673,12.69864896405452,12.630856236898811,12.65802639263404,200522
2026-02-25,12.694263243296104,12.69823074704925,12.661026756800068,12.681581661634471,1155550
2026-02-26,12.846604100096846,12.94295533741722,12.781219878766944,12.83377032976708,1287315
2026-02-27,13.300036630416106,13.396519423041935,13.230184702526847,13.286749880535572,1106067
2026-03-02,13.52977689642819,13.550394968926026,13.511874125434716,13.5162606357924,1317200
2026-03-03,13.186942647945402,13.229384777424952,13.156056730794507,13.173768879066337,950133
2026-03-04,13.595972670498229,13.615466792761904,13.486217202804118,13.582390280218013,617392
2026-03-05,13.593602205795657,13.607370751036866,13.477693690718473,13.580022183612046,1771211
2026-03-06,13.352112532048153,13.3827984571074,13.338290928827986,13.338773758289864,266859
2026-03-09,13.404359470288782,13.432732984881461,13.37189981684037,13.390968501786997,337759
2026-03-10,13.162957578349888,13.218829355268948,13.114158939305879,13.14980777057931,749900
2026-03-11,13.06657451853771,13.06553126904942,13.013817633264306,13.05352099754017,833068
2026-03-12,12.849445563957316,12.861112761943115,12.767584797130741,12.836608955002315,833881
2026-03-13,12.73214320224677,12.784997528429372,12.608373899121382,12.719423778468302,1291235
2026-03-16,12.156627540847325,12.215464199160374,12.123016676288485,12.144483057789536,1245270
2026-03-17,12.431334783341814,12.479035148646213,12.301158349309823,12.418915867474341,427225
2026-03-18,12.439112944257918,12.507907298288538,12.421126067338008,12.426686257999918,1513237
2026-03-19,12.62115501307377,12.661082250948066,12.606166829837417,12.608546466607164,916842
2026-03-20,12.704465777639477,12.76825350869988,12.690900001229867,12.691774003635842,687864
2026-03-23,12.67717946231263,12.748326736067888,12.633673494178066,12.664514947365266,424526
2026-03-24,12.979698533600127,12.998082550440733,12.805636188090507,12.96673180179833,507730
2026-03-25,13.279857717254936,13.36549270849164,13.237007127069287,13.266591126128809,1996855
2026-03-26,13.186943914074206,13.226523974640656,13.14817594901659,13.173770143930277,1700698
2026-03-27,13.373964179139998,13.37127313841965,13.319327016830364,13.360603575564435,552275
2026-03-30,13.282340723138631,13.371015619112224,13.228335569961265,13.269071651487145,1157140
2026-03-31,13.158126522278868,13.161318397757508,13.138792016000405,13.144981540738131,1581175
2026-04-01,13.25618883370851,13.303479999208609,13.221064948117602,13.24294588782069,133592
2026-04-02,13.268162737279884,13.30565204644943,13.189759169405548,13.254907829450435,1307686
2026-04-03,13.233061447331567,13.317438744419182,13.209097209741687,13.219841605725842,121087
2026-04-06,12.740767648303907,12.7997958360029,12.704799598959555,12.728039608695212,1800261
2026-04-07,12.537882273334915,12.605552399477022,12.46164583715528,12.525356916418499,777319
2026-04-08,12.553044556976612,12.574936012424184,12.535724776367307,12.54050405292369,129196
2026-04-09,12.703451433044059,12.697525038761203,12.667499591468594,12.690760672371688,1884276
2026-04-10,12.846030227538044,12.910043588001496,12.711126156505951,12.833197030507538,1568902
2026-04-13,12.709843807339656,12.732466349315347,12.642906412784797,12.697146660678978,199010
2026-04-14,12.81051663363271,12.808257503372857,12.789448519793833,12.797718914717993,1795367
2026-04-15,12.514275375463148,12.529395124198226,12.469090773293521,12.501773601861288,593410
2026-04-16,12.606588951208755,12.685868017368131,12.557410464535403,12.593994956252503,623222
2026-04-17,13.022131737784354,13.072540861762793,12.95612180945241,13.009122615169186,1861180
2026-04-20,12.960090088459316,12.960864240231798,12.893697904853122,12.947142945513804,1186224
2026-04-21,12.712832639710719,12.731037654715326,12.632514022885207,12.700132507203516,1563701
2026-04-22,12.946280124239964,12.949704202021328,12.825286262436665,12.933346777462503,86342
2026-04-23,12.909369167362211,12.906245519886449,12.891876956450234,12.896472694667544,1001706
2026-04-24,12.902851854122208,12.914605871470263,12.874656206445575,12.889961892229978,1095082
2026-04-27,13.02170016493132,13.02496880245602,13.002270582119396,13.008691473457862,1683714
2026-04-28,12.936412240534985,12.93170578139539,12.906218210028147,12.923488751783204,453144
2026-04-29,13.095649971022223,13.165895327941092,13.058787279494991,13.082567403618606,1890343
2026-04-30,12.919498384181612,12.977745722318442,12.83889015630165,12.906591792389223,411344
2026-05-01,12.734895276753333,12.72512796467825,12.718785587498113,12.722173103649684,1237562
2026-05-04,12.793458972405682,12.786528947346115,12.74106786181865,12.780678294111572,1607713
2026-05-05,12.886987337768867,12.894653878209075,12.785085539488206,12.874113224544324,836780
2026-05-06,12.930893861699,12.972942894320367,12.885460341062343,12.917975885813188,1517611
2026-05-07,13.07838855774811,13.093609942374348,13.001482177377078,13.065323234513597,1134607
2026-05-08,13.057895546192665,13.108784365765123,12.98355812201627,13.04485069549717,593589
2026-05-11,12.897507939290648,13.00682797149228,12.812279792362126,12.884623315974675,1578257
2026-05-12,12.999164531242144,13.051214291519507,12.95455076306455,12.986178352889256,1737037
2026-05-13,12.623345116476097,12.679037665153892,12.59461447947768,12.610734382094003,1047719
2026-05-14,12.615679512146924,12.690953728986534,12.510143659252009,12.603076435711214,167183
2026-05-15,12.826539206361803,12.873418393121929,12.714266459383724,12.813725480880922,1629550
2026-05-18,12.94885330820761,13.009205412321181,12.92783135545609,12.935917390816796,838682
2026-05-19,13.207945511444477,13.290175721046015,13.132197137833183,13.194750760683794,1174461
2026-05-20,13.143179376550219,13.198140426481277,13.0252311917571,13.130049327222997,1016894
2026-05-21,13.079357263624328,13.075910846684483,13.019318972345191,13.066290972651677,1197749
2026-05-22,12.960265037729648,12.95604904993605,12.807396840944248,12.94731772000964,567463
2026-05-25,12.838079452232709,12.87947683615214,12.819020471405326,12.825254198034676,1964094
2026-05-26,12.88041115205827,12.913677006836078,12.8061530056652,12.867543608449822,811039
2026-05-27,13.102360268479764,13.120163468598076,13.060656210037706,13.089270997482283,1986648
2026-05-28,13.088187585517403,13.16375577099158,13.052326388090593,13.07511247304436,142291
2026-05-29,13.452479630721474,13.454092657218892,13.336852239993293,13.439040590131343,568360
2026-06-01,13.561710956379818,13.603202574054507,13.492539587556598,13.548162793586233,326672
2026-06-02,13.059966445175743,13.080259190120785,12.941948726352829,13.046919525650093,404545
2026-06-03,13.21087646370158,13.205571856650682,13.087369543719245,13.197678784916665,187794
2026-06-04,13.095271722800069,13.103215640626127,12.987037461141604,13.082189533266803,1517094
2026-06-05,13.11430064696898,13.213021533996836,13.097177184669244,13.10119944752146,1163103
2026-06-08,12.939530140698263,13.008152837819239,12.888356132534918,12.926603537161103,1990588
2026-06-09,12.812529695658876,12.863322519682473,12.703342903880918,12.799729965693183,1038517
2026-06-10,13.285372182803332,13.382773721420344,13.223846985144691,13.272100082720613,329033
2026-06-11,13.5327903016136,13.607335224179213,13.49266095000904,13.519271030583019,394246
2026-06-12,13.445129609502573,13.469140089766627,13.400512125068678,13.431697911590984,1019845
2026-06-15,13.26211001551893,13.294530153335131,13.2000907392474,13.248861154364567,1498888
2026-06-16,13.171488720491455,13.158365063692106,13.1087904590842,13.158330390101355,1723588
2026-06-17,13.023277355673201,13.075790570019898,12.992297486579215,13.010267088584618,1643061
2026-06-18,13.168763267845742,13.216711678494812,13.151880987600368,13.155607660185558,1423397
2026-06-19,13.439976581271143,13.485735863902352,13.372239848179174,13.426550031239904,1510613
2026-06-22,13.066223371942941,13.103453296587789,12.902518729897087,13.053170201741201,1352206
2026-06-23,13.173380395123605,13.160447596422182,13.149046878541856,13.160220174948657,1001032
2026-06-24,13.158616254634525,13.159053725469265,13.004097756493337,13.145470783850676,1401081
2026-06-25,13.096881239140128,13.126666504836074,13.012242630383936,13.083797441698431,1495691
2026-06-26,13.284711235033102,13.342940714188954,13.201131897308452,13.271439795237866,1001322
2026-06-29,13.106505591366236,13.176536594364377,13.053071260207837,13.09341217918705,1231420
2026-06-30,12.9093315802711,12.923173792279663,12.861745241781431,12.896435145125976,1723895
2026-07-01,12.889932721109021,12.9428877833099,12.871335923672286,12.87705566544358,1790687
2026-07-02,12.724217196949299,12.719500685661815,12.704243419044149,12.711505691258042,1520158
2026-07-03,12.607646218081449,12.613123357015565,12.51971395424902,12.595051166914535,166965
2026-07-06,12.795250137788281,12.891777659600159,12.639230655256776,12.782467670118164,1763118
2026-07-07,12.501093768159143,12.574793758627733,12.34072699508278,12.488605162996148,618944
2026-07-08,12.786041779657175,12.827503136595013,12.734343429091473,12.77326851114603,1453023
2026-07-09,13.104305727354381,13.11920944241767,13.079085981183287,13.09121451284154,1413524
2026-07-10,13.032944449201382,13.056923831548195,13.003220164091866,13.019924524676707,1020529
2026-07-13,13.193329302423928,13.245585559391394,13.112539966562254,13.180149153270659,423549
2026-07-14,12.950121764138702,12.955848728603264,12.909790947417715,12.937184579559144,1608214
2026-07-15,12.895502258130213,12.944645701905866,12.880930190014226,12.882619638491722,1896109
2026-07-16,12.80066701813228,12.803173624624261,12.749910383567599,12.787879138993288,1960355
2026-07-17,12.620174211989541,12.670821475354025,12.546500335836841,12.607566645344198,1626863
2026-07-20,12.848251319863856,12.922513509980245,12.697056005961251,12.835415903959897,900667
2026-07-21,12.944940170496501,13.00091062443473,12.930361529239661,12.932008162334169,1137976
2026-07-22,13.181313336175315,13.265765403802595,13.152547199491952,13.168145190984331,1398521
2026-07-23,12.826510391873516,12.897569485170939,12.797954752510364,12.813696695178338,517598
2026-07-24,12.81327018778887,12.853579738036238,12.778507659627419,12.8004697180708,1189465
2026-07-27,12.72802910892315,12.782878746353708,12.651612804554574,12.715313795128024,1820704
2026-07-28,12.392011866732146,12.444537274470695,12.279283733883139,12.379632234497649,1970879
2026-07-29,12.646826839774286,12.64928287840949,12.600428412754116,12.634192647127161,310854
2026-07-30,12.682358325540338,12.67480905777143,12.58831285125771,12.669688636903436,1211878
2026-07-31,12.783124549758945,12.856823137704984,12.769251803170864,12.770354195563383,914058
2026-08-03,13.147900897082739,13.172022719761264,13.056119875033627,13.134766130951789,834370
2026-08-04,13.039715156297744,13.03270666292485,12.983359051138239,13.026688467829915,1337601
2026-08-05,13.430545426644136,13.504484106125483,13.37710117919988,13.41712829834579,1355813
2026-08-06,13.007458286416,13.102666227482633,12.952664659054157,12.994463822593408,1356149
2026-08-07,13.353433182707011,13.381392067384418,13.317293138784125,13.340093089617396,488317
2026-08-10,13.56748632439755,13.758926264670961,13.513559587355493,13.553932392005546,1462114
2026-08-11,13.302257591549013,13.338894750616566,13.26609528470456,13.288968622926088,974308
2026-08-12,13.017963923548884,13.10829424251939,12.930152972044697,13.0049589645843,190340
2026-08-13,13.639982039566819,13.68310338931897,13.600490760823773,13.626355683882938,112667
2026-08-14,13.515964703591472,13.636798130627765,13.418278464005699,13.502462241350123,592952
2026-08-17,13.832267836307867,13.906340887595391,13.7528118434861,13.818449386920948,729505
2026-08-18,13.958216757569057,13.985558582468846,13.87215831096344,13.944272485083975,497838
2026-08-19,14.015844289655549,14.025413786796065,13.971165881906762,14.001842447208341,1856347
2026-08-20,14.004269728299803,14.053728880069666,13.977681582864363,13.990279448850954,465860
2026-08-21,13.715789231090097,13.74235021608008,13.601610232178105,13.702087143946153,1990766
2026-08-24,13.452525269120882,13.644811775991723,13.334712716321441,13.439086182937945,530051
2026-08-25,13.278294761796843,13.31750872793951,13.261200448934947,13.26502973206478,1017020
2026-08-26,13.523223799145875,13.511368680024145,13.472548409979245,13.509714085060816,1403791
2026-08-27,13.076785595116167,13.106577843530602,13.025828071699204,13.063721873242926,452161
2026-08-28,12.845134233654,12.926311490348398,12.802488061148896,12.83230193172228,1014801
2026-08-31,12.963257480285284,13.036750658919427,12.822904679330744,12.950307173112174,1015454
2026-09-01,12.957546824499072,13.019774585064345,12.898730921858888,12.944602222276798,480317
2026-09-02,12.862044581260538,12.917787976582762,12.783881534025303,12.849195385874664,1950507
2026-09-03,12.64912193558675,12.639073592597388,12.597854592139031,12.636485450136615,313174
2026-09-04,12.266115970421717,12.34728087562907,12.242184089579334,12.253862108313406,1544798
2026-09-07,12.1093537004781,12.142802772866412,12.085951851745119,12.097256444034066,1195307
2026-09-08,11.867942617653023,11.964709031537168,11.802921407146238,11.856086531121903,977577
2026-09-09,11.769513178055899,11.875949448139796,11.718417039973838,11.757755422633267,1640909
2026-09-10,11.576478242304459,11.591038155605284,11.546252006197342,11.564913328975484,1460269
2026-09-11,11.266031123235884,11.404461242836273,11.242043313157119,11.254776346888995,1661959
2026-09-14,11.54842557453187,11.573086084493902,11.475904322100051,11.536888685846025,548227
2026-09-15,11.121251073106922,11.257144525500895,11.092795172309597,11.11014093217475,1515806
2026-09-16,11.286657117619587,11.289733584889136,11.221050896978833,11.275381735883704,930018
2026-09-17,11.20479860910803,11.219610290142409,11.172890774853496,11.193605004103928,1764270
2026-09-18,11.091275079709343,11.10834547823833,11.041726747267738,11.08019488482452,1438603
2026-09-21,10.849187044776162,10.94068495588244,10.80414555547305,10.838348696080082,1127406
2026-09-22,10.665441987335674,10.770444290428605,10.583505341091712,10.654787200135539,96311
2026-09-23,10.582204420055035,10.586081730133282,10.511099722554372,10.571632787267768,1293625
2026-09-24,10.186151817592075,10.278440322265084,10.069805071489139,10.175975841750326,1219738
2026-09-25,10.373816853605694,10.369258396923652,10.346766616653856,10.36345340020549,287081
