Date,Open,High,Low,Close,Volume
2022-01-03,186.1235301528506,187.6545861215589,184.11292171163828,185.93759256029034,142114
2022-01-04,184.43119083449474,185.49347485866073,183.5049189454054,184.24694389060417,1393070
2022-01-05,183.44128112101012,184.1829828664465,182.9217936331002,183.25802309791223,745077
2022-01-06,180.99551856228146,180.9029956430431,179.8828961448275,180.81470385842306,799748
2022-01-07,178.32709454151995,179.08348973456492,177.13500356785852,178.14894559592406,1105751
2022-01-10,176.89966727452585,176.92906931837504,176.0939086548057,176.72294433019567,1942176
2022-01-11,175.21283185156904,175.07908370740807,173.60006437576948,175.03779405751155,610893
2022-01-12,177.67129299345814,178.54520501977572,176.305524294263,177.4937991942639,782950
2022-01-13,174.05280526576416,174.40170162632697,173.745575232807,173.87892633942477,164948
2022-01-14,174.36782003223195,175.4472722989009,173.5681407901619,174.19362640582614,568877
2022-01-17,170.87609203314088,170.9590803102196,169.16911516322094,170.7053866464944,1671282
2022-01-18,173.34837581489091,174.1302274040146,172.7750297436344,173.17520061427666,189176
2022-01-19,174.366851049215,174.2450078257076,173.7247381520342,174.1926583908242,1153909
2022-01-20,178.3243653143331,178.6715601564181,177.63499411352603,178.14621909523788,1065291
2022-01-21,180.13074601153016,180.20710961649326,179.58684642981305,179.95079521631388,915700
2022-01-24,177.00007465683913,177.66046908710697,176.18986726204926,176.82325140543372,1269620
2022-01-25,177.21686204142796,177.34478547947603,176.57357315482307,177.03982221920876,749238
2022-01-26,175.3669311104228,175.4838740088628,175.05209141744868,175.19173937105177,1484302
2022-01-27,173.86378439523693,173.96851409102075,172.9062922919749,173.690094300936,74099
2022-01-28,170.8513828275605,170.93336675783632,170.45542215765622,170.6807021254351,1374965
2022-01-31,170.02804349459188,170.69174655824796,169.18353345033037,169.85818530928262,1246479
2022-02-01,170.39760443866408,171.3788889646685,169.93394412222375,170.22737706160248,1521762
2022-02-02,171.12582477555227,172.27436179559436,170.5453681687547,170.95486990564666,1567787
2022-02-03,178.6473922104666,178.64608174956518,177.38971701007492,178.46892328717942,1864192
2022-02-04,178.24175726499817,179.21986657906083,177.1222150962053,178.06369357142677,383287
2022-02-07,178.6136229984038,179.22584197546558,177.819834312334,178.43518781059322,1176842
2022-02-08,178.43181155578452,178.47435346380576,177.8551550157644,178.25355799778674,1960893
2022-02-09,177.7428113069608,177.70895191803015,177.2368422472822,177.5652460608999,1972507
2022-02-10,176.90950994335645,177.1302247038396,176.48213431116747,176.7327771661903,1137273
2022-02-11,177.1823364788572,177.30391284421856,176.53871697051872,177.0053311477095,1570190
2022-02-14,176.67467752588806,176.6418993344174,175.5825082274983,176.49817934654155,1377561
2022-02-15,179.03575900876075,179.1653279128089,178.01485736357714,178.8569021066541,348861
2022-02-16,180.4732867161764,180.58640237086493,179.26086963776842,180.29299372245396,1952030
2022-02-17,177.8085967503325,178.0625846059505,177.60183773688303,177.63096578454798,861472
2022-02-18,177.91987216702245,178.0273294603868,177.45096788517495,177.7421300369855,885466
2022-02-21,178.9775947559635,179.03661419162492,178.7264691256102,178.79879596000353,1427795
2022-02-22,178.22960796834306,178.71362628141972,176.64391721163759,178.05155641193116,646266
2022-02-23,177.6204518494869,177.94639365628134,177.31700075272153,177.44300884064626,458083
2022-02-24,177.43306259354432,178.41080581959676,176.39529063075148,177.25580678675757,1069272
2022-02-25,179.42169002694567,180.55757745264714,178.20560995149296,179.2424475793663,1773597
2022-02-28,180.0790751722492,181.40506019974003,179.0780034334195,179.89917599625295,336333
2022-03-01,178.4986556062169,178.81193925473968,177.4831807845358,178.32033527094595,1618892
2022-03-02,178.4571555600663,178.81535886407764,178.13094733410665,178.27887668338295,1854286
2022-03-03,182.3873954674607,182.22323078510763,181.19649498351552,182.20519027718353,1260024
2022-03-04,179.4761884928096,179.48022464298745,178.99521338790794,179.29689160120842,1802395
2022-03-07,181.6237122846038,181.93026936967757,180.12137223258347,181.44227001458924,523558
2022-03-08,180.95642296817354,182.29807941403678,180.74440976587874,180.7756473208527,717904
2022-03-09,192.7037485679359,192.64567871022888,192.46444957790467,192.5112373306053,1287638
2022-03-10,194.9198787143771,194.77871029378502,194.42662776701204,194.7251535608163,282876
2022-03-11,195.21781632695374,195.57130071717077,194.18539775729622,195.02279353342033,1712524
2022-03-14,194.96952164880642,196.73558685358572,194.32353270663242,194.77474690190454,1015523
2022-03-15,189.96063591217955,190.86653575464712,187.79720129580815,189.77086504713245,1374773
2022-03-16,188.39267961351683,189.24328632083845,187.67704507124,188.20447513837848,1735971
2022-03-17,195.04878010489037,194.865464421568,193.2751559490758,194.85392617871167,539548
2022-03-18,196.38221544672027,198.0683538519919,195.06850100188345,196.186029417303,1490274
2022-03-21,195.52601787699103,195.78035392417098,195.09592469389398,195.33068718980127,1960827
2022-03-22,195.6165277423118,197.1882599387283,195.04438845097036,195.42110663567615,1046566
2022-03-23,195.8891072602124,196.3285997800564,194.81820362102076,195.69341384636604,1056807
2022-03-24,192.79530796133528,193.5163113310246,192.60022564064113,192.60270525607922,1725439
2022-03-25,193.27060807144426,193.6606247774067,192.44756249211707,193.07753054090338,1691191
2022-03-28,195.0906351312839,195.58446925416237,194.7842123383204,194.89573939189202,1252615
2022-03-29,190.23912311018893,192.09454234419223,188.62356793212106,190.0490740361528,1522027
2022-03-30,189.57347968780164,190.04381780704256,186.9861335370719,189.38409559220946,1629242
2022-03-31,180.751274800433,180.92684509060967,179.15803857121287,180.5707040963367,1764270
2022-04-01,175.61069573489158,175.882373843512,174.0275818737397,175.4352604744172,112452
2022-04-04,178.2471245872294,178.3737191788365,177.30576116804937,178.06905553169773,614861
2022-04-05,182.13331181923505,183.43936678323823,180.23576197762327,181.9513604587763,1037459
2022-04-06,188.08287229659942,188.79301884490175,187.41680213376358,187.89497731928017,125601
2022-04-07,184.01471395789494,183.98932268099998,182.46685159307717,183.83088307482015,784929
2022-04-08,183.86236094988197,184.46805313022804,182.75888585853053,183.6786822676144,1721707
2022-04-11,182.91609670061555,182.78252596508443,182.43695528851586,182.7333633372783,855352
2022-04-12,186.38876354468107,187.3713995810505,185.42018891439258,186.2025609836974,1325922
2022-04-13,187.54467362981606,187.83926630093507,186.45943646829056,187.35731631350257,596103
2022-04-14,187.9302875104979,188.7678999153818,186.7147212580456,187.74254496553237,669012
2022-04-15,189.99895910466128,190.39883812556778,189.08015232669217,189.80914995470658,756802
2022-04-18,188.63705945945162,188.6646978557871,186.6288699695001,188.44861084860304,652083
2022-04-19,191.91793457102392,192.1187751889854,191.30849769797055,191.72620836266128,207729
2022-04-20,190.92498574936138,191.28128247965773,190.0416383775506,190.73425149786354,1019514
2022-04-21,194.66644195461456,194.47206660775734,193.2189845064598,194.47196998462994,875062
2022-04-22,195.41456457470662,196.9947887766204,193.57284743672838,195.21934522947717,1860535
2022-04-25,196.3226375450219,196.71802555305385,196.0638566766433,196.12651103398795,158094
2022-04-26,192.61771929898416,192.43413584517862,191.39850862183792,192.4252940049792,403084
2022-04-27,187.64661955110145,188.03028831975698,186.40761532438663,187.45916039071076,295457
2022-04-28,182.71401099091253,183.69634760902758,182.33294097536736,182.53147951140116,1875457
2022-04-29,184.37446027581694,184.653807454916,184.02928202437562,184.19027000581116,1138196
2022-05-02,177.6953366563256,177.9139923641201,176.35964485105634,177.51781883748814,793513
2022-05-03,181.97930867758805,181.93611732605285,181.18274232973823,181.79751116642166,826513
2022-05-04,181.08492597054482,181.63888449903442,180.74306785571204,180.90402194859624,1711010
2022-05-05,177.02723866869297,177.562750938321,176.40557040273856,176.85038828041257,412082
2022-05-06,178.1952841919918,178.09388535935597,178.00881222484196,178.01726692506674,579611
2022-05-09,174.5190566679583,174.36246006700608,173.5118052634853,174.3447119560023,1638228
2022-05-10,174.7501220225179,175.2543223719495,173.961475517123,174.57554647604186,1381102
2022-05-11,174.06320897469473,176.25082687688763,173.3738029153661,173.8893196550397,1750941
2022-05-12,177.75361691333734,177.62515959755316,177.4452194580691,177.5760408724649,1237485
2022-05-13,180.61042950971333,181.0020432095791,180.27338805740277,180.42999951020315,1037213
2022-05-16,183.6321407090042,183.71958572456361,183.0732427584206,183.44869201698722,1755526
2022-05-17,182.29706082296858,184.62832889604053,182.04045528789842,182.11494587709151,1811543
2022-05-18,186.3160025023228,188.2332475330491,185.21594972662405,186.12987262969312,1970557
2022-05-19,186.2099378974923,186.38047348668775,185.26994085361304,186.0239139835088,296669
2022-05-20,186.7023704555322,186.66178740437016,186.23858790506748,186.51585460093128,1355581
2022-05-23,188.23742467377951,189.14086366553607,187.81672010416375,188.04937529848107,1082776
2022-05-24,189.23934314438986,189.12946176539546,188.76572079020445,189.05029285153836,1573050
2022-05-25,185.02825419363623,185.78702826923356,182.81305936018222,184.8434107828534,1921184
2022-05-26,187.1923703945018,188.44328261937872,186.8521612820826,187.00536502947236,698487
2022-05-27,182.22262825169216,182.61433242196804,181.3904580099135,182.04058766402815,1898139
2022-05-30,183.80297120056065,183.88548331869904,183.35356624010456,183.61935184871194,467491
2022-05-31,183.6991917618314,183.7756326871024,183.08540964896335,183.51567608574567,237935
2022-06-01,184.05202419032676,184.12909874784162,183.2254255356508,183.8681560342925,1362857
2022-06-02,180.72252620118542,180.65495224803473,179.53374264770446,180.54198421696847,190610
2022-06-03,183.921646981404,185.33817787198888,183.71772102090424,183.7379090723317,380208
2022-06-06,183.56707352259255,183.47644572373179,182.91151862503824,183.3836898327598,1623595
2022-06-07,186.3464613912787,186.7568496617675,183.48661226565127,186.16030109018854,516071
2022-06-08,184.12966380076128,184.360330886031,183.13618681085353,183.9457180826786,699897
2022-06-09,181.9854669888842,182.07176446873424,181.62704781139306,181.8036633255587,1240065
2022-06-10,182.31332927192844,183.11862193903733,181.59602012204093,182.1311980738546,379547
2022-06-13,185.63392183271574,186.66423951168883,185.43551976008865,185.4484733593564,246855
2022-06-14,181.55776071042396,182.02896415950417,180.64316685992537,181.37638432609788,1072586
2022-06-15,179.87092384648176,180.5319719176551,179.26542626448904,179.69123261386792,288089
2022-06-16,178.4328084686562,179.2222497977059,178.05871419453254,178.25455391474148,785347
2022-06-17,177.71727434286043,178.1788766853267,177.30879827917155,177.5397346082522,1365340
2022-06-20,176.43701543548343,176.53220547801578,176.201388176222,176.26075468080265,1480407
2022-06-21,179.79515748317263,180.7133118592515,178.16892180552819,179.6155419412314,1016479
2022-06-22,182.08697301218837,182.75643820657112,181.6847978372881,181.90506794424414,289313
2022-06-23,182.27219049176446,182.82842872300552,181.75976607444565,182.0901003913731,319386
2022-06-24,185.01701021818383,185.2746147165604,184.17538246213607,184.8321780401437,1023266
2022-06-27,188.39379331735634,188.28897175816766,187.5797608076582,188.20558772962673,1191406
2022-06-28,186.52266520621833,186.42159886602386,185.35187941535824,186.336328877341,1044829
2022-06-29,184.31797668948263,184.28008878770817,183.58594381683378,184.133842846636,1537857
2022-06-30,186.6186468867357,186.7684442577116,185.42347816273428,186.43221467206365,1093697
2022-07-01,193.51835682450923,194.97018317726076,192.9853149386374,193.32503179271654,995577
2022-07-04,185.78788013008827,186.46900242301925,184.78479372076794,185.60227785223606,852021
2022-07-05,183.9266746308753,184.08096693476134,183.55479653119062,183.74293169917615,308141
2022-07-06,186.50573293602088,187.4468590414367,185.14782159732061,186.3194135224984,955745
2022-07-07,184.0519842054178,185.5601492251818,183.35660340114092,183.86811608932848,434114
2022-07-08,186.90500158760761,187.12053117662802,186.43635848412245,186.71828330430333,1991802
2022-07-11,187.74413013144573,187.806240362901,187.5099624491226,187.55657355788787,1566885
2022-07-12,183.83402320444088,184.1346971969222,183.46422290156863,183.6503728316093,60446
2022-07-13,182.49084269244761,182.38376289347573,180.77476027133716,182.30853415828935,366431
2022-07-14,183.77094032722545,183.75262433379623,182.5827182036237,183.58735297425122,126403
2022-07-15,181.06869091386767,182.02669174204698,180.36022518458975,180.88780311075692,1957669
2022-07-18,183.00648522953873,183.72040997555655,182.73380157936995,182.8236615679708,1764925
2022-07-19,184.09768192444125,185.4401986170656,182.8084743959174,183.913768156285,1836816
2022-07-20,183.25365776842372,183.56615029884009,181.86497305105428,183.0705871812425,350758
2022-07-21,184.5962902362788,184.7125241571917,183.36100165597216,184.4118783579209,542041
2022-07-22,183.5736862744919,185.25817592878414,181.80514250828236,183.39029597851342,1790565
2022-07-25,184.3786679159531,184.4177501955444,183.01423062509835,184.1944734425106,590778
2022-07-26,181.34578581733706,181.9320812420983,180.16664123891175,181.16462119614093,836000
2022-07-27,185.8526795058521,186.7437400550636,185.57307021076312,185.66701249335878,1970205
2022-07-28,185.1264747561139,185.02670580699584,183.93869239451232,184.94153322289102,1953978
2022-07-29,188.92569480514226,189.7877958621714,188.70578783555655,188.73695784729497,1744401
2022-08-01,195.9830961970868,197.15387041563622,194.7434072671086,195.78730888819862,520708
2022-08-02,201.410666709933,201.39323883205276,201.09319929509542,201.20945725268035,1975743
2022-08-03,201.47833720691284,201.48967619980013,201.03118882952904,201.2770601467661,935157
2022-08-04,202.1482827607417,202.5530514422691,200.91855179812302,201.9463364243174,1441997
2022-08-05,202.1273871404594,201.96438207874635,201.36711967300388,201.92546167878064,919915
2022-08-08,203.3347428138741,203.81491857774907,202.44639848604922,203.13161120267145,1071904
2022-08-09,200.5844720691833,201.22272734856682,199.84046171643334,200.38408798120213,1529563
2022-08-10,194.48339542025613,194.65936519079932,193.32320454593443,194.2891063139422,671622
2022-08-11,195.679826198389,196.52815269131145,194.37284050577415,195.4843418565325,535920
2022-08-12,195.96387732654688,197.76209222121608,194.6740944109247,195.76810921732957,354319
2022-08-15,201.248964934531,201.80681526398766,199.99513068895854,201.0479170175135,879322
2022-08-16,207.62659064739896,207.57486946717813,206.80345856691252,207.41917147592306,1390003
2022-08-17,202.8874002148128,203.4127605630969,201.8398809794369,202.6847154993135,814441
2022-08-18,199.78410021526,200.20212576779863,199.15225436767562,199.58451569956046,1539965
2022-08-19,202.56854198063914,202.80669241682773,201.43249767046072,202.36617580483434,1839410
2022-08-22,206.79681753559333,208.50371002326733,203.60220363850945,206.59022730828508,1482838
2022-08-23,207.37947763854825,207.6982932595451,206.98919071476698,207.17230533321506,518926
2022-08-24,207.72615064727447,207.58019753715442,206.67709989499647,207.51863201525924,699280
2022-08-25,201.27929513335386,201.71923206265532,200.15711202757436,201.07821691643744,1620560
2022-08-26,209.31880409937096,209.2735342745076,207.58746115786653,209.10969440496604,1469939
2022-08-29,206.9436546120131,207.80052028361342,206.15328926083495,206.7369176943188,137879
2022-08-30,209.08361815778042,209.87052922102626,208.4403968074042,208.87474341436607,1444131
2022-08-31,210.45158362828388,210.46848369577842,208.86385983701751,210.24134228599792,1775820
2022-09-01,207.34947735719965,208.80012279252782,206.6930446866128,207.1423350221775,842639
2022-09-02,210.53310305176007,210.36776269559664,210.18132253545696,210.3227802714886,1628725
2022-09-05,215.95281200030715,216.94773481382538,214.8216212195095,215.7370749253818,243457
2022-09-06,215.91712314067473,216.3750925247805,214.82118155427165,215.7014217189558,640045
2022-09-07,216.59654938180987,216.976895367914,215.02234592406245,216.38016921259728,1976108
2022-09-08,219.19224912253412,219.94603053161586,218.12744239119067,218.97327584668747,679120
2022-09-09,223.0349572531928,224.32000172634238,222.32061043979775,222.81214510808474,1317184
2022-09-12,226.49741801702632,226.9964035031107,225.7927753824146,226.2711468701562,139291
2022-09-13,223.1877135513327,224.44677737697972,222.76919710888635,222.9647488025302,1267632
2022-09-14,219.753437263333,219.85316216589854,219.170351650478,219.53390335997307,1579501
2022-09-15,217.812835252515,218.26585284074662,215.81438840381875,217.5952400125025,184575
2022-09-16,207.86412853731636,208.896992484178,205.5313306140609,207.65647206525114,1519818
2022-09-19,203.27630252424865,203.11653414094377,202.2865714731441,203.0732292949537,1257479
2022-09-20,202.73001304721052,203.45471907279403,202.39679201363072,202.5274855616489,1091782
2022-09-21,200.5392401897338,201.0481793376228,198.34731610937502,200.33890128844536,1112908
2022-09-22,197.76885614879748,197.92227588473236,197.0808740551922,197.57128486393358,357992
2022-09-23,200.90185737889286,200.80655670217735,199.64256873469063,200.70115622267022,832124
2022-09-26,202.19244062632745,203.1213725917352,201.82771892807065,201.9904501761513,1085842
2022-09-27,205.18150359983863,205.31275998635672,204.46354604143215,204.9765270727659,1371415
2022-09-28,204.7201530577592,205.09530604806224,204.43143762991517,204.5156374203389,660461
2022-09-29,203.3867844498258,203.86001496860746,202.0470278942926,203.18360084897685,1829480
2022-09-30,200.49334001280135,201.54218375520355,199.7639362666433,200.29304696583554,1076640
2022-10-03,201.4690682499693,202.8630600322498,200.80523901097663,201.2678004495198,1846514
2022-10-04,195.3372711856519,196.5656067099039,195.05288310718748,195.14212905659534,1885574
2022-10-05,192.5347705266558,192.6185816417696,192.13268687301735,192.34242809855726,277036
2022-10-06,194.60061752083016,195.81151871622703,194.3156575479872,194.40621130952064,269671
2022-10-07,197.56859218525796,197.45665960735468,197.13522729196936,197.37122096429368,276316
2022-10-10,197.4766251343009,198.38945603470128,196.86859782706873,197.2793457885124,1759035
2022-10-11,193.6920530167285,193.61147623847572,192.95132504900195,193.49855446226624,758323
2022-10-12,195.71326727685332,196.63504194915632,195.5143206844528,195.517749527326,677762
2022-10-13,193.36119893994538,193.38121529555082,191.46448244718266,193.16803090903636,1455160
2022-10-14,193.0697087133999,193.4498806401091,192.47384920396377,192.8768318815184,876950
2022-10-17,189.9784042064145,189.9154001163274,189.42348348381617,189.7886155908237,316120
2022-10-18,196.04090799907547,196.25811821148042,192.81370422977216,195.84506293613936,1335289
2022-10-19,201.1911432757081,201.6655017205611,199.90067627153005,200.99015312258553,459562
2022-10-20,198.39460149569058,198.7397802023662,198.18588514097632,198.1964050906,1055835
2022-10-21,194.53909084210758,195.1807704284925,192.1661310044734,194.3447460960116,572094
2022-10-24,194.48474371008265,195.8763310782391,193.85521153351894,194.29045325682586,289410
2022-10-25,196.69885409024698,197.53509343091218,195.52326736521314,196.5023517385085,1073317
2022-10-26,201.05497133721306,201.7783779656913,200.36951992608908,200.8541172199931,1842185
2022-10-27,200.97745352047522,200.78292361093625,199.81902959750937,200.7766768436316,1870038
2022-10-28,196.8177593173105,197.11409690009012,196.52734599098014,196.6211381791314,1387091
2022-10-31,197.9355585701962,198.96486587409072,196.88352631615476,197.73782074944677,1309858
2022-11-01,198.95822537495965,199.53339158676852,198.05445127116076,198.75946590905062,652359
2022-11-02,193.63969102729848,194.51488489824774,193.33163817779382,193.44624478251598,1108174
2022-11-03,192.88808487449708,193.31832239613342,192.6033771565151,192.6953894850121,488991
2022-11-04,192.01693389572534,193.1167193935605,190.2347717542041,191.82510878693842,1101703
2022-11-07,188.8991308683227,190.90834001749232,187.4408870804049,188.71042044787484,1389612
2022-11-08,189.73514170572597,191.2195750348704,188.58113108956147,189.54559610961638,1270566
2022-11-09,193.2831470767827,193.9079015083533,192.0799981221408,193.09005701976298,1753519
2022-11-10,196.75691163938512,197.05800289185996,195.76120319016843,196.56035128809705,1540758
2022-11-11,193.85840365619043,194.3244452947158,192.18636203944223,193.66473891727318,787574
2022-11-14,192.01760807129583,191.93011539667947,189.92749397797033,191.82578228900684,940999
2022-11-15,194.41354508257706,194.77811823275496,193.0903765988777,194.21932575682027,1262514
2022-11-16,193.41783317624606,193.80004353270473,192.88775551272377,193.22460856767842,1271081
2022-11-17,192.36886277851346,192.93878732643483,190.33273900763498,192.17668609242105,984709
2022-11-18,199.76706259537713,200.20903910155016,198.29280467663654,199.56749510027686,1590799
2022-11-21,191.0820125497519,191.0189577689978,188.9444572709943,190.8911214283236,1270674
2022-11-22,189.04685647892958,189.97610936281794,188.06665899369952,188.85799848044917,740552
2022-11-23,186.43450986505562,187.66490850234425,185.7290728282322,186.2482616034522,1996442
2022-11-24,186.37543262313756,187.80631935204988,185.8764451966629,186.1892433797578,788576
2022-11-25,191.95466688021702,192.55913556342685,190.69090238555296,191.7629039762408,1926706
2022-11-28,191.5897002184106,193.13449140968083,190.03396392680534,191.39830191649412,256576
2022-11-29,190.76368771870392,191.59939258007392,190.02607869100584,190.57311460409983,1257035
2022-11-30,191.3929205382178,191.89723670698493,190.80831587600122,191.20171881939842,478957
2022-12-01,190.5013511171378,190.88934840587652,189.08028194543616,190.31104007706077,1340126
2022-12-02,191.85225721663525,192.69350611604142,191.12795940462914,191.66059662001527,1228782
2022-12-05,200.345054906539,200.24153011766012,199.41083674742603,200.14490999654248,1393337
2022-12-06,198.08933345198963,198.81785038692053,196.94001105584408,197.89144200997967,1730117
2022-12-07,197.50403748210198,197.47068155158675,194.12308980388238,197.30673075135064,1832015
2022-12-08,197.3693978855569,197.28487251289673,196.11803231388808,197.17222565989704,891246
2022-12-09,190.3478184785135,193.29579916971568,189.87698954692917,190.1576608176958,1766168
2022-12-12,192.43425107925128,192.44495471124702,191.66525783410972,192.24200907018113,1121059
2022-12-13,192.33709772257268,193.3782379584995,191.5047241044155,192.1449527698029,1399122
2022-12-14,185.9602653767112,186.09165873983503,185.32384338706365,185.7744908858254,1347904
2022-12-15,185.2035363148249,185.2665832713384,184.43790904365218,185.0185177970279,1912087
2022-12-16,185.83237255049258,185.6745577003779,185.561938467446,185.64672582466793,950432
2022-12-19,183.08108492650985,183.49110299885155,182.20393122728788,182.8981867397701,1289226
2022-12-20,186.6071434534624,187.76109832447926,185.52852608680163,186.4207227307317,1523071
2022-12-21,184.80441605208574,186.7895690706964,183.9950786692518,184.61979625582993,328348
2022-12-22,180.1661555657436,181.45254121127627,178.32143340684678,179.98616939634726,346890
2022-12-23,182.751727843803,183.99349826789887,182.28710321855937,182.5691586851179,1298299
2022-12-26,182.42480842473879,182.60796110225692,182.07555238764647,182.2425658588799,352774
2022-12-27,182.96319716889394,183.50593786710732,181.94851587017956,182.78041675214183,363721
2022-12-28,177.99584586814794,178.1219624792239,177.3514209425735,177.81802784030765,1936455
2022-12-29,173.86635809262225,173.75151280417043,173.48993811775725,173.69266542719507,137450
2022-12-30,170.93984000839293,171.59933210140548,169.7295492777079,170.7690709374555,1334752
2023-01-02,170.58027642502307,170.74756389980956,170.36993436620043,170.4098665584646,593667
2023-01-03,170.27432089950665,170.1701496797127,169.88092381396845,170.10421668282385,85124
2023-01-04,174.4048620483868,175.45331975856755,172.5147285882944,174.23063141696986,1183746
2023-01-05,179.11238416241702,180.17847807066443,178.92837726160298,178.93345071170532,1069144
2023-01-06,179.61624146739922,179.7795598629539,178.33960982880555,179.4368046627365,478260
2023-01-09,179.4193301299314,179.72212825917475,178.8451280311523,179.24009003989153,1728375
2023-01-10,185.37103712916198,186.48493962209074,184.98337159163412,185.18585127788413,1312683
2023-01-11,185.65894815332882,185.55575082461695,185.236903463255,185.4734746786502,1749894
2023-01-12,188.98773720379694,189.56453815781427,188.22367770639516,188.79893826553143,585366
2023-01-13,187.5108336561168,189.41674794162617,185.6801679170524,187.32351014597086,1905543
2023-01-16,187.28419250794818,188.8263260203847,187.07337141310015,187.09709541253565,1595584
2023-01-17,186.49521255470916,186.71391646688497,185.88711015799302,186.30890365105813,932590
2023-01-18,184.3757913205182,184.63038009272202,183.58927238916652,184.19159972079743,1274295
2023-01-19,185.6624332855902,186.4339109053781,184.19102147153956,185.47695632926096,251425
2023-01-20,183.12821644942485,183.3149918550548,182.84895840746805,182.94527117824663,1150444
2023-01-23,182.88364909746414,183.44175928340533,182.0126061877822,182.70094814931485,1788352
2023-01-24,184.2792434684508,184.57599018033017,183.45583216308285,184.0951483201307,71492
2023-01-25,191.05990663858617,191.12805529797734,189.3501547488715,190.8690376009852,1949631
2023-01-26,184.91159303141154,185.0651782356847,183.98139206196907,184.72686616524632,145499
2023-01-27,185.25107024471734,186.01279584013722,183.40998653429455,185.06600424047687,259405
2023-01-30,187.44164784122907,188.2860801285754,186.69122119182813,187.2543934477813,1056883
2023-01-31,186.43047016449182,186.47393285979408,185.77443227134512,186.24422593855329,575942
2023-02-01,189.3212492106824,190.3241026187858,188.57294481017067,189.13211709358882,1658239
2023-02-02,191.15050532046692,191.0397431153237,189.88932273657105,190.95954577469226,656346
2023-02-03,192.85834501293743,192.7916813171419,191.9784737037946,192.66567933360386,739371
2023-02-06,191.57439794098858,191.3981021169589,190.56338596599525,191.38301492606254,697465
2023-02-07,190.9714022614474,191.6399952169234,190.75820470719833,190.7806216398076,862688
2023-02-08,190.3312552137009,191.24515310630895,189.53807577723236,190.1411140996013,1728009
2023-02-09,187.20184364278802,189.10733557978017,186.89864718966527,187.01482881397408,595683
2023-02-10,187.8856990687659,187.82425891856897,187.3124312156806,187.69800106769821,706222
2023-02-13,184.57694332398407,185.4774193162598,183.7423295511648,184.39255077321087,835400
2023-02-14,181.72459412610556,183.9308089265955,180.37036883957063,181.54305107503055,127146
2023-02-15,177.49356526040805,178.95064868109756,176.02810142723396,177.31624901139668,761957
2023-02-16,180.9476352099247,180.82063322895556,180.1639654619125,180.76686834158315,1522242
2023-02-17,179.29277525074193,180.22050514662433,177.8330080607923,179.1136615891528,1793464
2023-02-20,176.6611465160871,176.72309863267412,176.06229960327167,176.48466185423288,1039195
2023-02-21,179.16421870644905,179.44022565865865,178.2111341724255,178.9852334729761,568589
2023-02-22,177.97412581217802,178.32438258072997,177.61551873831064,177.79632948269534,1636910
2023-02-23,179.09341776182882,179.49016137407597,178.86130881645803,178.91450325857028,1246090
2023-02-24,178.64048032900553,179.002583683633,178.30347619176356,178.46201831069484,1339145
2023-02-27,179.84313048821474,182.29469395006848,178.32623107819714,179.66346702119355,1037179
2023-02-28,180.5258446146167,180.82034235995167,180.30170671070124,180.3454991155012,1948904
2023-03-01,173.9165455834228,173.90654137409518,173.6490151465577,173.74280278064217,253477
2023-03-02,178.39577389263306,178.44679657311778,177.64784621741188,178.21755633629678,1017074
2023-03-03,181.56390763382737,182.46597475690004,180.66610629572995,181.38252510871868,915678
2023-03-06,177.1175366824801,177.2233573958465,176.35428795696578,176.94059608639373,1030064
2023-03-07,179.9205486590034,179.92430923847792,179.15967787119143,179.74080785115225,1135973
2023-03-08,179.3166002552724,180.8633020915611,178.5118884044331,179.13746279247994,1910559
2023-03-09,179.7679237489316,179.7024424236106,179.0213394764562,179.5883354135181,310042
2023-03-10,183.8237486063158,183.93646022678192,183.57698021786464,183.640108497818,411792
2023-03-13,187.0599064744164,187.765561261437,186.6596767403887,186.87303344097546,1705039
2023-03-14,190.29477657411098,190.60587258355562,189.7350508824529,190.1046719022088,797576
2023-03-15,196.95241993809583,197.9920878770219,196.42610533565144,196.75566427382202,1660828
2023-03-16,200.73936683954466,200.79996686221594,199.54881583696243,200.53882801153316,1955365
2023-03-17,198.7758716159423,200.38784974171617,197.74814183669451,198.57729432162068,328742
2023-03-20,194.52079454912385,195.20304932296617,192.36448770514178,194.32646808104283,1973971
2023-03-21,197.41809987222038,198.46416558406602,196.8418501323439,197.2208789932272,209324
2023-03-22,191.7317874509738,191.73056940842216,191.28447259122436,191.54024720377004,1627311
2023-03-23,190.68144529668675,192.45595946118297,189.36993473625964,190.49095434234442,1017826
2023-03-24,189.60661792434195,189.9807037286903,188.82163185347613,189.41720072361835,1407789
2023-03-27,187.42179861379785,189.42228731438644,186.52830611319746,187.23456404974812,1554770
2023-03-28,191.8760298248881,192.0949128421482,191.59041006074904,191.6843454794087,1664790
2023-03-29,193.03610146235943,193.90367156976006,192.2852979078771,192.8432582041553,914087
2023-03-30,192.39682859589038,192.4413085817413,191.21609951705577,192.2046239719185,1777439
2023-03-31,195.45558263594407,196.15285928001774,193.97273302703502,195.26032231363047,1519666
2023-04-03,194.18903384977543,196.7629918437145,192.77482754541072,193.99503881096447,1288996
2023-04-04,198.2920519238416,198.61935950218498,197.4188236546383,198.09395796587575,1193786
2023-04-05,205.34905426347365,207.6130352612178,204.8381456323802,205.14391035312056,996161
2023-04-06,205.00282265030182,205.6190817732591,204.34894422148628,204.79802462567616,1460272
2023-04-07,204.53621144243954,204.76716943885455,203.93981626599873,204.33187956287668,1083385
2023-04-10,208.68678655110926,209.57873582649867,207.26433139518704,208.47830824286643,992665
2023-04-11,201.78868709593937,202.23318652730762,200.95232526620362,201.58709999594345,664406
2023-04-12,197.56047652774652,197.4610944003806,196.15756905119943,197.36311341433222,1998093
2023-04-13,194.19068087073677,195.6515831200223,193.74446617628746,193.99668418655025,786336
2023-04-14,188.91535797821186,189.25217806178753,188.59923103083068,188.72663134686502,476089
2023-04-17,189.00267652941918,189.5585864896046,187.03070622071763,188.81386266675244,1554386
2023-04-18,190.06203483525283,190.7612060146436,189.38301690607935,189.87216267258026,1709005
2023-04-19,190.07074276287807,190.51316306021192,189.4982270875775,189.88086190097712,141568
2023-04-20,190.07887158930345,190.909977661663,189.15028774698652,189.88898260669677,1431609
2023-04-21,193.1591251366485,193.12561308519068,192.91475866443056,192.96615897767086,1753896
2023-04-24,196.81185001362454,197.40256665959308,195.96342769622018,196.61523477884572,131970
2023-04-25,201.10602841811257,201.02691956514022,199.90501189891867,200.90512329481777,604065
2023-04-26,200.71976782408717,200.9229228401961,199.10601042078676,200.51924857551168,1023347
2023-04-27,200.88537457568097,202.1077992797157,199.41317671183126,200.6846898857952,1181539
2023-04-28,206.05845318588433,207.2648489471915,205.02034912522447,205.85260058529906,1997760
2023-05-01,207.61528654733138,209.10605128575511,206.7575339252213,207.40787866866273,416176
2023-05-02,212.41498530825862,213.46658075391503,209.59676706239944,212.2027825257329,569788
2023-05-03,210.79744025739853,211.59174249193183,209.46636699743837,210.58685340399455,1634301
2023-05-04,210.74346555659113,210.7921633930898,209.95098936683897,210.53293262396718,1919526
2023-05-05,208.53684754660264,208.47644623409442,206.07512732534505,208.32851902757508,1518858
2023-05-08,208.5676469643712,208.4695435966222,207.07524809877575,208.35928767669452,104954
2023-05-09,210.1967093577391,210.03528055297548,209.65517550213966,209.98672263510403,418651
2023-05-10,208.69130993783378,208.9262072991642,208.30286063667648,208.48282711072306,1677462
2023-05-11,215.80977512797602,217.01519950441795,214.58027480884417,215.59418094702903,991084
2023-05-12,210.43009924293779,212.5546735442983,209.218075059693,210.21987936357422,1219507
2023-05-15,213.6565835632538,213.73162930315542,213.21286143509738,213.443140422831,1031175
2023-05-16,209.78511561387648,210.8599407678235,209.29041060718137,209.5755400738027,1524546
2023-05-17,210.95740526706163,210.92498613931804,210.22528705766138,210.7466586084532,1206851
2023-05-18,208.2807760142026,208.5311865215536,207.45254085202055,208.0727033108917,1273151
2023-05-19,208.6439032200424,208.99593135110848,208.36265434099656,208.43546775229012,118170
2023-05-22,209.0066183163664,209.1630741612881,208.76454726294077,208.79782049587055,260455
2023-05-23,206.24920637350436,207.41528319161282,205.41038203671516,206.0431632102941,1578674
2023-05-24,202.04389018453338,202.2524119268076,201.19715091836846,201.842048136397,1516471
2023-05-25,199.67844376183902,200.22121822475845,198.14598568420953,199.478964797042,1409640
2023-05-26,199.8473205284031,199.9507641709334,198.80691344386375,199.64767285554757,1543709
2023-05-29,202.72248845177165,203.19259143289722,200.40177406681303,202.51996848328838,1250485
2023-05-30,208.40086453792878,208.73581168414395,207.60816795882278,208.19267186606274,108598
2023-05-31,202.36006837414547,202.70117123693925,200.8606843085906,202.15791046368182,734432
2023-06-01,204.03941732313803,205.27569777064784,202.55420686414683,203.83558174139665,1001310
2023-06-02,202.4970789191494,202.64798561676753,200.02385394769072,202.2947841350144,1267099
2023-06-05,202.63390325542045,202.9518023439627,201.56083105013266,202.43147178363682,1063468
2023-06-06,203.83804804392184,204.87365628620734,203.32142164099056,203.63441363029156,1179491
2023-06-07,206.70112893757587,206.58148198914537,205.487392505301,206.49463430327262,1921724
2023-06-08,208.23388326837383,209.2634490584109,206.9473724649685,208.02585741096289,595498
2023-06-09,208.2479895117831,208.4909339594801,207.36865125638184,208.0399495622209,906822
2023-06-12,213.91143206637503,215.0876478498984,212.63187656375777,213.697734332043,845290
2023-06-13,215.03971984161382,215.20009560860868,213.99757923228083,214.82489494666717,1355332
2023-06-14,215.122104582282,216.90070286697994,213.34713436529265,214.90719738489713,1893015
2023-06-15,219.4117096295554,219.87817529221522,218.68949430907458,219.19251711244297,1999151
2023-06-16,215.22457990408262,215.27494133863547,214.76586429109042,215.00957033374888,646911
2023-06-19,211.8634707583937,212.7583327297685,210.24151173497967,211.65181893945427,262420
2023-06-20,217.22879557217314,217.68679882492117,216.15064794958667,217.01178378838478,1006619
2023-06-21,216.5886565146092,217.5190258746703,214.74167608436892,216.37228423037885,851418
2023-06-22,210.0755565599935,209.96637260231262,208.33021246186584,209.8656908691244,731742
2023-06-23,213.03608623488338,213.09978680177537,209.3831144046599,212.8232629719115,1303853
2023-06-26,217.5171083791127,217.72223190107047,216.33109039574845,217.29980857054218,1356899
2023-06-27,214.7274403398746,215.02145741475354,214.21651907134776,214.51292741246215,126336
2023-06-28,210.02064440908057,211.00109547407564,208.15925591535748,209.8108335755051,823013
2023-06-29,209.91901792358618,210.65796150861618,209.1676614930272,209.70930861497123,701061
2023-06-30,211.28552562810825,211.61615679332948,209.79281121098643,211.07445117693135,1846848
2023-07-03,209.21070292717403,209.30819909441297,207.70507201995932,209.0017012259481,1893237
2023-07-04,206.0203993359657,205.89421463793582,204.64344310254805,205.8145847512145,345392
2023-07-05,207.94135034744366,208.47766648815383,207.26614263054626,207.73361673071298,1899349
2023-07-06,209.9048214609241,210.6341815340359,209.09364624078876,209.69512633458953,634858
2023-07-07,204.29179777340624,204.50987656224106,203.97623324829243,204.0877100633429,322067
2023-07-10,200.46788775542788,201.89479343934164,199.93501621561623,200.26762013529262,1938702
2023-07-11,199.42594326613983,200.17685334271272,198.05091396738058,199.22671654959026,569368
2023-07-12,197.35117463321828,198.41243429414558,196.9365750247317,197.1540206126057,1334349
2023-07-13,198.13332760804667,198.20225395807773,196.52660841014668,197.93539221583086,846051
2023-07-14,199.92815646986867,200.2515761967314,199.0225670542845,199.72842804182687,1475046
2023-07-17,206.31640011679832,206.3531388058693,205.7840767427683,206.11028982697138,550696
2023-07-18,207.64485943647972,207.70188933153474,206.49186322913712,207.43742201446528,934441
2023-07-19,210.97109116605844,210.8780430332763,210.7349335301203,210.76033083522324,475021
2023-07-20,205.42523911003246,206.20189978049746,204.54787839603085,205.22001909094155,176242
2023-07-21,203.06011890823464,203.5640294375045,201.34037266857626,202.85726164658809,1392794
2023-07-24,206.77654641609686,207.5489389696468,205.3194956861298,206.56997643965724,141887
2023-07-25,201.7041046548886,202.36936936311386,200.6060805354165,201.50260205283578,235451
2023-07-26,206.3625341168204,206.56333445909084,205.6445587341204,206.15637773908134,1553617
2023-07-27,208.34512988414644,208.31278690980199,206.80903722144453,208.1369928912552,871919
2023-07-28,208.87423702200442,208.85837009116923,207.75753749027893,208.6655714505539,1951264
2023-07-31,208.50039991945098,208.73177771929556,207.3668748784468,208.29210781163937,627459
2023-08-01,204.41404112823406,206.04436745140006,203.64164200223593,204.20983129693715,982313
2023-08-02,200.69915410620368,200.59377954445182,200.3531086024407,200.49865545075295,582863
2023-08-03,198.93698266489918,199.19540076106898,197.7723239810167,198.7382444204787,1439554
2023-08-04,197.52286627767342,198.6516088663674,196.88229635047043,197.3255407369365,130777
2023-08-07,201.7063448344754,202.0677390835145,200.37693779787983,201.50483999448093,714491
2023-08-08,198.24474490449546,198.2812758751849,197.5975117917383,198.0466982062892,896284
2023-08-09,196.17274234280865,197.6682133765423,194.04886770793416,195.97676557723145,1519328
2023-08-10,190.39469137785542,190.71665341166022,189.9229815741514,190.2044868909645,1580078
2023-08-11,190.96231817525887,192.04649598702522,190.62028273230067,190.77154662863026,575672
2023-08-14,190.98983747087152,191.22944490218472,190.44185927560238,190.7990384324391,1991049
2023-08-15,194.58580111562281,194.84284023970696,192.29940869066266,194.3914097059169,784563
2023-08-16,200.9829945943142,201.03454774694865,199.8501334969897,200.78221238193228,562009
2023-08-17,202.85714469795718,203.41211025280424,200.92863603781697,202.65449020774946,1564386
2023-08-18,199.93848171146777,199.88037646161487,199.10716164149545,199.7387429684993,1692043
2023-08-21,200.74263230418947,200.92906290753675,199.7850023906542,200.5420902139755,1033002
2023-08-22,201.74950918401305,203.09233698604137,201.3073308934558,201.5479612227903,1228639
2023-08-23,201.58320777930228,202.37637542147044,201.28088125555448,201.38182595334897,1058947
2023-08-24,197.9073617935614,199.18408066964398,196.8610625650421,197.70965214142,1711466
2023-08-25,199.10351389707765,199.50214196330984,198.7018982556561,198.90460928778987,111712
2023-08-28,195.03239178441726,196.5567981316996,192.91574848445532,194.8375542301871,974874
2023-08-29,194.7845730970036,194.8270303629284,193.66270123976344,194.58998311388973,648701
2023-08-30,193.8129222573865,193.7057860174287,190.91149803041557,193.6193029544321,1136010
2023-08-31,185.31480193813528,185.25117658283287,183.75301658855045,185.12967226586943,560776
2023-09-01,187.2665589280554,187.3132480795922,185.08391305904058,187.0794794486068,1617764
2023-09-04,194.0855136742879,194.21563655677562,193.71963132328122,193.8916220522357,881666
2023-09-05,192.90940402224246,193.05019642326528,191.96740769739844,192.71668733490756,833292
2023-09-06,190.90777724864733,190.86472873579518,190.107398612589,190.7170601884589,395431
2023-09-07,193.96070923023274,194.08061459227562,193.4843993097324,193.7669422879448,1112393
2023-09-08,189.66353293162234,189.92316692909964,188.36920140474552,189.47405887274962,1852214
2023-09-11,189.759144189693,190.17346394929405,188.89035978140126,189.56957461507793,1714412
2023-09-12,190.57012827676903,190.72053001007433,189.5532643325808,190.3797485282408,1645318
2023-09-13,188.77919957135325,189.48906277915586,188.07645616181395,188.5906089623909,1184464
2023-09-14,188.57439841169932,190.14409840840034,188.2585705976084,188.38601239930003,1607206
2023-09-15,185.8852888305908,187.29516719533154,183.81147804471885,185.69958924134949,87292
2023-09-18,184.0824800554362,184.00196671849577,182.51673680479686,183.89858147396225,842664
2023-09-19,186.19384771306062,187.00749004471484,185.8768198752434,186.00783987318746,1053654
2023-09-20,183.4561096081275,184.32696445409053,182.3761342670607,183.27283677135617,1308874
2023-09-21,181.69899568183774,181.63340422950193,181.4675724708201,181.51747820363414,848186
2023-09-22,179.57126579769943,180.09362007726997,177.5399924624083,179.39187392377568,717649
2023-09-25,181.15559949299708,181.27899424594014,180.10489374853307,180.97462486812898,159275
2023-09-26,180.03010010142054,180.62912018353984,179.72735787328014,179.850249851569,601884
2023-09-27,177.44813664314688,178.23362369831779,176.71355613298493,177.27086577736952,170170
2023-09-28,178.4769838627178,178.46635762877963,177.4801491952662,178.29868517754028,1828448
2023-09-29,172.4009581225632,173.36145039518095,172.0964131586751,172.22872939317006,944258
2023-10-02,166.8467954693172,168.3667218058954,166.18263136093626,166.68011535396323,1580432
2023-10-03,167.6937006056875,167.72013857445793,166.71896722042032,167.52617443125627,1948562
2023-10-04,173.0335123197145,174.6337553003833,172.62177782275018,172.86065166804647,1736471
2023-10-05,171.61641334074466,172.550891637791,171.44037051848565,171.4449683723723,1567068
2023-10-06,172.6313528729911,173.31286410333095,172.20030565474173,172.45889397901212,1286325
2023-10-09,168.5779896979833,169.57816927279097,166.9119387240574,168.40958011786546,1094320
2023-10-10,168.95680174191256,169.70487934842757,168.41422963198434,168.78801372818438,1361791
2023-10-11,169.5483506813966,169.72129932018075,168.4028121540732,169.37897170968694,149790
2023-10-12,171.23241217560653,172.20415502313494,169.79324666714035,171.06135082478175,1971796
2023-10-13,169.09456353524752,169.04966618157343,168.8433557400391,168.92563789735019,467817
2023-10-16,174.68980451232136,174.88122816571726,174.05597047917922,174.51528922309828,1170869
2023-10-17,171.8679126964635,171.84854930802086,170.78804859128437,171.69621647998352,328350
2023-10-18,176.3412907730392,176.40130167460845,175.10981265712837,176.16512564739182,578494
2023-10-19,173.1440523888077,174.18028379269944,172.7689691794786,172.9710813075002,545231
2023-10-20,175.50584808519153,175.96827357170923,174.85972710732997,175.33051756762393,456248
2023-10-23,179.54713980198719,179.4347298299285,177.91257939208526,179.36777202995725,680482
2023-10-24,186.2205146261386,186.60149855565314,185.5087858032292,186.03448014599263,1844951
2023-10-25,185.8913024803188,185.78201949122402,184.8894173376635,185.7055968834354,1813074
2023-10-26,180.71157904955697,181.31866239915908,180.52646267424748,180.53104800155543,451907
2023-10-27,183.35101262719274,184.92295431084307,181.7754769232546,183.16784478241036,364322
2023-10-30,181.17619474579774,182.05273721232797,179.29741338623666,180.9951995462515,172590
2023-10-31,177.90168079406283,178.72558662435858,177.47974609946053,177.72395683722561,1246097
2023-11-01,176.1629631398299,176.13633264514928,175.90443952505495,175.98697616366627,1161708
2023-11-02,173.47654204009163,173.56038132098575,173.16226043547,173.30323880129035,53512
2023-11-03,175.77760480192293,176.04677235667907,175.36581779976967,175.60200279912382,234746
2023-11-06,176.388190847317,176.33581370724374,176.00648377670487,176.21197886844857,1887999
2023-11-07,178.4923674149151,178.6505504731743,176.77349591518848,178.31405336155356,950919
2023-11-08,181.1586610235227,181.63100613421287,180.27217175519553,180.97768334018255,703678
2023-11-09,180.01471854902698,181.701859937548,179.75496825583647,179.83488366536164,663447
2023-11-10,182.22928900200432,182.5547664092635,181.46212091806353,182.0472417602441,1650053
2023-11-13,186.0545051780434,186.4357846627834,185.01486116373766,185.86863654150193,704355
2023-11-14,192.00367983334326,192.3236790932934,190.10626853587917,191.8118679653779,1717754
2023-11-15,192.61841880655632,193.54437795880406,191.81159251216081,192.4259928137426,1528142
2023-11-16,191.8224469951224,192.74167305696037,191.4653336819911,191.63081617894346,129777
2023-11-17,188.84206968352953,189.0565238359895,188.62397490181993,188.6534162672623,700319
2023-11-20,187.63764819746714,188.14469289183782,186.9294555472706,187.4501979994677,1620186
2023-11-21,187.73259629412436,187.97877358439408,187.0897695693311,187.5450512428815,1831604
2023-11-22,188.60350914335663,189.1447267440935,186.87849567966973,188.41509404930736,703268
2023-11-23,184.34495849486086,184.22542204342938,182.55327180795598,184.16079769716373,1642766
2023-11-24,183.14102443286356,183.64128655758094,182.05000682889568,182.9580663664971,1609358
2023-11-27,182.57958416392748,184.86013819931364,181.66559175515056,182.39718697695054,1697079
2023-11-28,180.8011370518615,182.02109962565942,180.24858026429843,180.6205165353262,1907065
2023-11-29,178.98361491042647,178.86242547861085,177.18418920960826,178.80481010032616,579138
2023-11-30,180.11015253092089,181.39647018318522,178.68410426118305,179.9302223086123,1324130
2023-12-01,177.18523278801,177.46811690151492,176.36407730534953,177.0082245634466,714239
2023-12-04,178.67468231977253,179.268826799633,176.61341794083978,178.4961861336389,954925
2023-12-05,175.46164028431784,176.0195709446162,174.92347086174186,175.28635393038746,579322
2023-12-06,176.17179307464724,177.85257536801203,175.281712872736,175.9957972773699,1168243
2023-12-07,172.89954094165117,173.14601348800954,171.30545589730104,172.72681412752365,847052
2023-12-08,176.441255379655,176.75660102875423,175.35472084993484,176.26499038926573,782439
2023-12-11,178.73508440337898,179.12436357053,177.49624940759028,178.5565278755035,616590
2023-12-12,182.89018460993125,183.84117254393203,182.5114773604353,182.7074771327985,662567
2023-12-13,180.34458613296238,180.50878704611424,178.71031773335753,180.16442171125115,827962
2023-12-14,176.3603478341421,176.906359337444,176.11447677330216,176.18416367047163,624520
2023-12-15,172.46060970574612,174.1805798826006,171.62334541916917,172.28832138436178,1265494
2023-12-18,171.86533156455758,172.54477778113062,170.91311609493076,171.69363792663097,861111
2023-12-19,175.04538740192257,175.57669471799008,173.5859059773416,174.87051688503755,1213144
2023-12-20,177.22443330137986,178.10486878039978,176.64749438255498,177.04738591546442,234133
2023-12-21,179.32669389105385,180.13028449041136,178.7555603301116,179.14754634470916,1532725
2023-12-22,175.62747782957183,175.5823305122472,174.09117476492628,175.4520258037681,838493
2023-12-25,178.94114977780674,179.26335923590335,177.2378872216472,178.76238739041634,1681599
2023-12-26,181.24414620455667,181.89126123042698,180.0087556246224,181.06308312143526,1992362
2023-12-27,179.6245640253007,179.84330861260315,179.02639977175014,179.44511890639433,799946
2023-12-28,171.8849638532079,171.96871047109966,170.72884744623386,171.7132506026053,232796
2023-12-29,169.61673720264446,169.7985679672773,168.82130078091785,169.44728991273175,1808377
2024-01-01,169.29705807355435,170.6191210657555,168.1495340495933,169.12793014341096,602727
2024-01-02,173.916076875162,174.53238915069963,172.8025526806154,173.74233454062139,837654
2024-01-03,174.62328202552587,174.49931177637148,174.32686389255036,174.44883319233355,719860
2024-01-04,174.49618155839184,174.68746174073289,173.2220154870742,174.32185969869317,480754
2024-01-05,179.29667680064924,179.29381461417168,178.68588477072015,179.11755924140786,1689387
2024-01-08,184.12741901083774,184.72871017338622,182.47145539557243,183.94347553530247,812021
2024-01-09,185.3881300862716,185.6420907412531,185.13797775606614,185.2029271591125,762316
2024-01-10,187.4277413011331,187.55561721164432,187.05748305281008,187.2405008003328,597442
2024-01-11,191.51102093387632,192.50669430361097,190.49362519782545,191.3197012326437,1407961
2024-01-12,189.22929423746197,190.47483087614583,187.09430504314912,189.04025398347852,548367
2024-01-15,190.6136965804395,192.55763125678968,190.33542744150446,190.42327330713238,102539
2024-01-16,189.30628440179652,191.22241721125076,189.03335232345546,189.11716723456198,272072
2024-01-17,186.25331001432033,186.9109945853854,185.08086308320517,186.06724277154882,1680997
2024-01-18,187.91429474856147,188.1221484766427,187.5368657586738,187.72656818038112,1766272
2024-01-19,191.54397107148682,191.93197472699026,190.13994507630528,191.3526184530338,452509
2024-01-22,197.75459959406962,197.745139744832,197.50953584844,197.55704255151812,531868
2024-01-23,200.46282100673167,200.43662245334528,199.79565027199803,200.26255844828341,1427935
2024-01-24,204.45623845169007,205.16204267232837,204.04038755088555,204.25198646522486,1807032
2024-01-25,203.92388941994523,203.82290423500098,202.60222526527397,203.72016925069457,987456
2024-01-26,198.76696246977187,200.02244525852456,197.6601811987376,198.5683940756962,1827616
2024-01-29,196.69551248120348,196.82307662116315,195.94537479633493,196.49901346773578,429804
2024-01-30,198.13532064335,199.32435044711397,197.8311020079551,197.93738326008994,1979140
2024-01-31,196.2213651702649,196.17124038766403,195.93087040067206,196.0253398304345,855222
2024-02-01,202.762488548154,202.57606430332717,200.56194944366305,202.5599286195345,742622
2024-02-02,207.0979231483294,207.45696276588055,205.2643443379204,206.89103211621318,867493
2024-02-05,206.50390203413266,207.5215514274565,205.08510541170907,206.29760442970297,104348
2024-02-06,212.7504825987007,214.59694328420676,212.00176743531503,212.53794465404667,1672292
2024-02-07,215.23071258106023,215.07476658806692,214.34679396730914,215.01569688417607,1570328
2024-02-08,221.41143620657238,221.20674918637485,221.1310297856382,221.19024596061178,290043
2024-02-09,220.85348592252694,222.37150136562633,219.89852515669793,220.6328530694575,1590859
2024-02-12,223.95109214432583,224.35755156366733,222.2510827717399,223.7273647795463,348675
2024-02-13,223.19354542537835,223.07829637986478,222.7130604746883,222.97057485052784,1828525
2024-02-14,223.37328975891853,224.36737763679247,222.4365424194071,223.15013961929927,589124
2024-02-15,227.90660681908568,229.5880910807619,226.75353457769708,227.67892789119452,1077754
2024-02-16,235.5226712928054,236.00755800236035,235.0514738494813,235.28738390889652,1470556
2024-02-19,236.172097146706,236.7491718521626,234.2232640408375,235.9361609857203,1710464
2024-02-20,237.5229438599188,238.6579675173879,236.97065914073434,237.2856582017171,340365
2024-02-21,234.0741503055927,235.10024770792344,232.93176805209427,233.84030999559712,684500
2024-02-22,233.36924619714165,233.52002948742265,231.3880813412933,233.13611008705462,1152250
2024-02-23,235.50280110485636,236.13182170380995,233.30001849871488,235.2675335712851,162351
2024-02-26,230.59166326532477,230.6883106007233,229.1598684796884,230.36130196336143,620516
2024-02-27,229.02155232843793,228.7931480257914,228.6513960307237,228.7927595688691,500131
2024-02-28,224.77397833101912,224.5733909924972,224.52162750401638,224.54942890211703,1498732
2024-02-29,225.68446025956652,227.78726699346743,225.30405333355623,225.45900125830823,1749218
2024-03-01,229.28571609833043,229.91175746789392,228.30866910894227,229.05665943889156,1048682
2024-03-04,230.77036545612555,231.44745837251443,228.46079816929418,230.53982563049507,1514016
2024-03-05,229.81021527341326,230.58939940356854,228.71001347242088,229.5806346387745,1361011
2024-03-06,225.97328064456494,226.32296413070378,224.0101867109747,225.74753311145352,347526
2024-03-07,219.85078665872783,219.97925609937835,218.41039934241527,219.63115550322462,1576500
2024-03-08,220.0616422739965,220.64338103401982,219.1091388931058,219.84180047352302,719097
2024-03-11,225.95152567537173,225.76857745072869,224.91164287484733,225.72579987549625,70186
2024-03-12,225.06114838294758,225.31286465848297,223.6612739394386,224.83631207087672,972035
2024-03-13,224.95045700416102,225.21521922105651,223.84269243964116,224.72573127288817,1471345
2024-03-14,223.3798360682334,223.31880894464703,222.3366402571599,223.1566793888446,1846548
2024-03-15,219.19884962128933,220.0179450585381,217.79847500216175,218.97986975153782,1787055
2024-03-18,223.356886436787,223.4580487787446,222.80434093024172,223.13375268410292,1651701
2024-03-19,226.22562947651923,226.38106002556685,225.29015121555636,225.99962984667258,1725036
2024-03-20,220.6371873828052,221.15934854270145,219.5775898470047,220.41677061219303,503332
2024-03-21,216.07802961142866,217.22023181282765,215.24003348456841,215.8621674439847,674236
2024-03-22,221.21095433079958,221.8344900405817,220.77061397683696,220.98996436643318,555707
2024-03-25,218.01174910826668,218.18268290536037,217.79243902800442,217.7939551531136,1989749
2024-03-26,217.98493918283026,217.82103624090107,216.93090714330447,217.76717201081945,1828538
2024-03-27,214.27293495466373,216.5634024903894,212.9780928245118,214.05887607858517,1277229
2024-03-28,215.60036224641334,215.54451561420532,215.24897579857003,215.38497726914423,1521638
2024-03-29,212.8339946672497,213.73994055987436,210.30664993475366,212.62137329395577,327053
2024-04-01,210.76895173359046,211.38194015142415,210.4423707213663,210.55839334025023,1518281
2024-04-02,206.8794305711144,207.9991778071554,205.07050598378612,206.67275781330113,1805205
2024-04-03,213.77335725121893,215.38899472984053,211.28405301830747,213.55979745376519,811446
2024-04-04,223.47243468377806,223.90186135148807,222.1673652214202,223.24918549827981,622858
2024-04-05,224.4800873684914,225.28696426717104,223.91933959434087,224.25583153695447,1813040
2024-04-08,227.21951669340623,227.35853153183996,225.70797244772044,226.99252416923702,755198
2024-04-09,229.60564345228795,231.0824060144812,229.31427534721524,229.37626718510288,405791
2024-04-10,229.78866779498952,231.99779784530065,228.35991443241136,229.55910868630323,1583317
2024-04-11,229.59718454738476,230.8271797567114,227.72389049969084,229.36781673065414,112343
2024-04-12,228.3329401309132,230.80591801710662,227.58764682469348,228.1048352956176,573915
2024-04-15,231.58358676241235,232.15929090843707,230.94806550329102,231.3522345278845,1877762
2024-04-16,226.85694669964323,227.524284146603,224.7035099939897,226.63031638326,1037854
2024-04-17,223.75171637677232,223.66477435381424,223.01803394145728,223.52818818858375,276055
2024-04-18,226.62715141802386,226.75515921032334,226.28712350813998,226.40075066735653,734373
2024-04-19,221.3055818495701,222.11110222934218,219.44940708188864,221.0844973522179,76860
2024-04-22,227.630160230074,228.3859272246027,226.11035688467462,227.40275747260142,1395721
2024-04-23,226.71754133002455,227.4341171169017,225.74688955008514,226.49105027974483,1643227
2024-04-24,227.61035152671545,228.722637699139,226.8581244958711,227.3829685581573,854510
2024-04-25,232.98264492154027,233.3601081699338,231.9272870661565,232.74989502651377,977078
2024-04-26,232.95964387885726,233.07349950069,231.73184324022802,232.7269169618954,192652
2024-04-29,233.65348703284369,234.19490557756734,232.94121459126544,233.42006696587782,1858389
2024-04-30,231.4510210045303,232.04164751039087,231.0045886798843,231.219801203327,430722
2024-05-01,233.67126293576842,234.05955830034378,232.89146721647273,233.4378251106578,970975
2024-05-02,236.631451734456,236.99305696794312,235.97187791353707,236.39505667777823,1488755
2024-05-03,233.20785081949484,233.09655523257845,231.78019347272001,232.97487594355133,1286316
2024-05-06,236.0174052545811,236.88979418645357,234.86905358081157,235.78162363095018,948123
2024-05-07,240.14574812938108,240.41518513062542,238.00481629334,239.905842287094,930202
2024-05-08,242.2693698855649,243.38739267007563,240.6698547763711,242.02734254302192,1768761
2024-05-09,239.3061021340472,242.0155076657117,237.5592159525288,239.06703509894828,1084741
2024-05-10,243.33084524888702,243.1351142991352,242.49849931832676,243.08775749139565,1102742
2024-05-13,249.24717230689143,250.06937053458097,248.3818632772639,248.9981741327587,552061
2024-05-14,247.32415644683815,247.10568472920946,245.77466385109014,247.0770793674707,451622
2024-05-15,239.70069626871378,240.68871624070414,238.72528443831874,239.46123503368014,227911
2024-05-16,236.95687296391077,237.2062088151186,236.620515886592,236.7201528110997,747969
2024-05-17,237.20388965420838,237.37554045776375,236.52219451564946,236.96692273147693,999646
2024-05-20,242.70149029165069,243.60766015276528,242.41825119963428,242.45903126039033,839441
2024-05-21,247.8877881648968,248.68463620425717,246.3276867423148,247.64014801687995,968002
2024-05-22,251.00440256617424,252.19603342125268,249.6221703270324,250.753648917257,1856424
2024-05-23,248.40280164276268,248.30963945119328,247.44622607367933,248.15464699576694,1288845
2024-05-24,251.85050101352385,252.63456021882942,250.70900868022147,251.59890211141246,658830
2024-05-27,252.00034202720127,252.85496768283048,251.12875186449122,251.74859343376752,253252
2024-05-28,247.72668271361624,248.11576864985943,246.44298858598438,247.47920351010617,1966748
2024-05-29,240.24755011110773,240.03938272073233,239.75926683874715,240.0075425685392,585125
2024-05-30,244.57592912899202,244.9472199468658,243.13102478555604,244.33159753146057,1941882
2024-05-31,237.8744404478761,239.78911028297438,236.60384992968477,237.63680364423192,258752
2024-06-03,243.18816018197518,243.072573090244,242.76995827873722,242.94521496700818,1121998
2024-06-04,252.84255363742818,252.89058833508324,251.70573780096933,252.58996367375445,76132
2024-06-05,253.17710025059094,253.19639515676315,252.87585000998277,252.92417607451645,634982
2024-06-06,249.67148955181617,250.24047046095825,249.1797801051374,249.42206748433185,559470
2024-06-07,247.09583720037526,246.979170501595,246.75027241151525,246.84898821216314,254047
2024-06-10,244.37626308977275,246.73632803649804,243.15612331583392,244.13213095881397,279124
2024-06-11,246.16791726902832,245.93315148232892,244.9216888041879,245.9219952737546,759441
2024-06-12,250.60936875076453,252.0450920825539,249.38038035731142,250.35900974102353,438022
2024-06-13,247.51412589755842,247.51460187276882,245.07258998441793,247.26685903851993,67097
2024-06-14,246.26957656527918,246.11931323981855,245.59568938381503,246.02355301226694,1148971
2024-06-17,243.68097790151774,243.85908483971588,242.0486056763115,243.4375403611566,1258768
2024-06-18,248.68836158483816,250.17342550700485,247.92137430846842,248.43992166317503,1090106
2024-06-19,253.07752020147822,253.6571774180856,252.13707316684332,252.82469550597227,1238003
2024-06-20,249.54189582205709,251.08499412309487,248.26170888085105,249.29260321883828,606777
2024-06-21,248.3964170110051,249.4938293498341,247.76367713872065,248.14826874226287,464806
2024-06-24,249.28731993015884,249.8540963282151,248.74121059708744,249.03828164851035,102166
2024-06-25,241.74309294524144,241.62043478673857,240.28133291053612,241.5015913538876,1515396
2024-06-26,239.66422797413497,240.40083301168525,237.12923679486224,239.42480317096403,1870597
2024-06-27,240.4104038313598,241.03238160706434,240.0597182215865,240.17023359776206,1473570
2024-06-28,234.7566440968653,235.6874501984994,234.26250666928996,234.52212197489044,1970076
2024-07-01,235.78571631170053,236.58904612968192,234.69983404315,235.550166145555,1818917
2024-07-02,236.14368375933142,237.15751396236948,235.16752923151333,235.9077759833481,721777
2024-07-03,234.04032523207408,234.6895657168455,233.40555752455808,233.80651871336076,236241
2024-07-04,238.39750662428688,239.05418717152526,236.60629310682856,238.15934727700989,1242738
2024-07-05,234.70006846206573,234.67400268955376,233.83169695074238,234.46560285920654,973017
2024-07-08,236.58594950428758,236.9159928859672,235.98659337201713,236.34959990438324,327125
2024-07-09,235.71035934349388,235.62252681538203,234.0777877926714,235.47488445903488,935001
2024-07-10,240.34598978690158,241.11976313716053,237.72601069114322,240.1058839029986,1314816
2024-07-11,237.25797457824592,239.01041495164486,236.46731793200257,237.0209536246213,849112
2024-07-12,239.88673357426947,241.3225295750161,239.1601800275198,239.6470864877817,434302
2024-07-15,242.61332374030948,243.2775259899238,241.9752523057306,242.370952787522,1432207
2024-07-16,247.55116508953822,247.66316875728396,245.2402544266476,247.30386122830993,1069899
2024-07-17,254.62575654089272,254.86103537742156,252.6999353094008,254.37138515573702,76234
2024-07-18,248.11107045572638,248.90735018536748,246.94946798371313,247.86320724847792,1890216
2024-07-19,247.96568188931013,248.69096309211344,246.771265990219,247.71796392538477,1883222
2024-07-22,243.50174218633427,243.30116667024424,242.37676500321976,243.25848370263165,1535354
2024-07-23,247.78222710765104,249.30698524855904,247.08895026545085,247.53469241523584,1404488
2024-07-24,253.80421897760246,254.7922688332419,251.70229796817156,253.5506683092932,606950
2024-07-25,252.66482148938329,253.68255377472607,252.35329419851942,252.412409080303,1473259
2024-07-26,253.89747168365042,253.82406866431305,252.7938455220462,253.64382785579465,1745170
2024-07-29,259.83389752043036,261.9790578127841,258.8272441498887,259.5743231972331,1295917
2024-07-30,260.9307583184822,261.5361453397753,260.0057748862795,260.670088230252,622592
2024-07-31,260.5197835389175,260.879260790852,259.617022139574,260.25952401490264,1186291
2024-08-01,253.28457415991105,253.91525550606636,251.85957234869113,253.03154261729378,1394541
2024-08-02,250.34455842261886,252.66879459678367,249.3806604977428,250.0944639586602,263057
2024-08-05,254.8458795193224,256.22994144950104,252.90363984710436,254.59128823109134,528349
2024-08-06,248.57522938276622,249.53476686708498,248.1263962319264,248.32690248028595,1774457
2024-08-07,249.98825438456873,254.1703419179007,247.7428721939867,249.73851586870006,1749131
2024-08-08,251.10489423667954,253.4169445005586,249.44020987346534,250.85404019648308,1151762
2024-08-09,251.2234346811253,251.37514796644953,250.63803690505378,250.97246221890643,316816
2024-08-12,254.86141699316727,255.93380543708452,253.7080816417371,254.6068101829843,1359493
2024-08-13,251.7303715024411,253.691859783561,251.47417835289073,251.4788926098313,464371
2024-08-14,257.95177698948436,258.19595424726486,257.0647157188403,257.6940829065778,1232511
2024-08-15,256.1737900962628,255.96618148250428,255.01707657042834,255.9178722240388,1306790
2024-08-16,260.85827958022094,262.5092798083892,259.29996251719797,260.59768189832266,1734483
2024-08-19,258.40506810935966,259.0270577387378,257.7362676199141,258.1469211881715,134142
2024-08-20,259.7537271014399,260.7340919403652,258.4297472841506,259.4942328685714,757390
2024-08-21,258.43868609916456,259.449785237543,257.73431124612137,258.180505593571,1499808
2024-08-22,266.14637750636973,266.22709858162926,264.9532155815245,265.8804970093604,290580
2024-08-23,261.5271249362686,263.10396518551346,259.53349635673544,261.2658590771914,693238
2024-08-26,258.8367191109693,259.86611371671256,257.96284201132505,258.5781409699993,856631
2024-08-27,265.5710661727733,266.497013740476,264.7712638519668,265.305760412361,1700199
2024-08-28,269.48025810552446,270.7434973393294,268.11109983696974,269.211047058466,314831
2024-08-29,269.4902298810644,271.8681160706637,268.03508304952425,269.2210088721923,604162
2024-08-30,268.46637253132786,269.5805324555874,267.06564314536416,268.1981743569709,1912379
2024-09-02,262.66671607255597,264.68329057168756,262.1673883512579,262.4043117607952,1300491
2024-09-03,261.60721237337236,262.7083849242767,261.1354699039307,261.34586650686555,80006
2024-09-04,263.4021631415997,263.95161396135865,261.84917448898045,263.1390241174823,1067046
2024-09-05,269.086508480148,270.48111530521106,268.6690791349047,268.81769078935866,1621298
2024-09-06,273.6326301632247,274.59170720479557,272.5917372923617,273.3592708923324,1634233
2024-09-09,280.71149724301995,280.55771486046996,278.77892716151626,280.43106617684316,357906
2024-09-10,282.77707155113256,282.6283229378665,282.1532491347675,282.49457697415846,607572
2024-09-11,279.48495625998567,280.7026763042665,278.67591151671354,279.2057505094762,1550379
2024-09-12,277.9916747533436,279.5606801820916,276.1205100239426,277.71396079255106,113981
2024-09-13,285.5787353537328,286.1759065468222,283.15853781876433,285.293441911821,439476
2024-09-16,286.3144920281663,288.88755966575195,283.65349039592024,286.02846356460174,1830672
2024-09-17,293.5322204499179,297.3245332509975,290.67579332817223,293.2389814684495,719993
2024-09-18,285.66022402335204,287.6518782623472,285.13972035219047,285.3748491741779,586108
2024-09-19,283.4341775101314,284.1475109802323,282.4561454411966,283.1510264836478,477978
2024-09-20,279.6989997522226,279.7083568655709,277.1278898715083,279.4195801720506,1707893
2024-09-23,281.1596312730613,281.2974610437097,278.7544148218527,280.8787525205408,1649862
2024-09-24,277.5121412084009,278.8560871912073,276.9355647553924,277.23490630209886,714302
2024-09-25,271.3104511419647,271.70251551068384,270.30917731392356,271.03941173023446,1139934
2024-09-26,271.1371162979496,271.58475999532465,268.643651394415,270.86625004790176,679372
2024-09-27,260.5338277250728,262.0241727194619,259.75477970515567,260.27355417090195,1701929
2024-09-30,258.03637282097515,259.1875637478015,255.7867351188808,257.77859422674845,587144
2024-10-01,260.1248298587298,261.0412247829957,259.8171952934721,259.86496489383603,1222604
2024-10-02,255.10782157781625,257.2234498573557,253.44575492560526,254.85296860920707,1579460
2024-10-03,255.05004528037787,255.18857436438304,254.2716257488387,254.79525003034755,536790
2024-10-04,251.313596372708,253.25794159925442,250.35804106842448,251.06253383886914,364333
2024-10-07,249.9773190231207,252.01591336679573,248.50633154179422,249.72759143168906,1666201
2024-10-08,251.19590217125906,252.49887944402082,250.64324253737558,250.94495721404505,1380240
2024-10-09,253.41388891615878,254.59528775340823,250.45550505151894,253.16072818797085,352530
2024-10-10,255.50511174227324,256.24244953144245,255.194257929639,255.24986188039287,988994
2024-10-11,252.32905798194,253.9209627017533,250.64077972123525,252.0769810009391,916413
2024-10-14,259.2156133209849,261.38830720977273,258.2134080220512,258.95665666432063,1113965
2024-10-15,260.8775478269961,261.1642270814007,258.58594532415833,260.61693089610003,683706
2024-10-16,258.11506086132886,258.5142908057972,257.40571541428886,257.8572036576712,1707110
2024-10-17,264.33178201411675,264.2688181493125,263.2744903487093,264.06771429981694,160573
2024-10-18,262.6940417955416,262.67282519226154,260.92874770454637,262.43161018535625,73153
2024-10-21,271.87219652243357,272.0263541221653,270.6282093702577,271.6005959265071,1146152
2024-10-22,276.0984027688445,276.47483170064396,275.10804195806367,275.8225801886559,1376333
2024-10-23,275.80047877549714,275.7723908990695,272.80562479126826,275.52495382167547,952535
2024-10-24,273.7044636567009,275.52688379345335,272.9473042964888,273.43103262407686,1208015
2024-10-25,269.9375569366936,270.5145879951295,269.2284721349314,269.667889047646,899930
2024-10-28,266.4608868910195,266.733285819802,263.87997487352214,266.19469219882075,548054
2024-10-29,265.389637729342,265.39422439443507,264.54334749682687,265.1245132161259,1404619
2024-10-30,271.8828386546972,273.5899261639763,271.3718036077746,271.61122742726997,76036
2024-10-31,272.97626898487005,274.01381513011563,272.5933094368914,272.7035654194506,659136
2024-11-01,272.82785398276997,274.320636485998,272.24004658236396,272.5552986840859,1804442
2024-11-04,275.0984248451065,274.89932678522337,274.1658818701579,274.82360124386264,1072549
2024-11-05,273.8342579388026,275.0247651237695,272.8366276894066,273.56069724156106,1212077
2024-11-06,268.05980822416905,268.75169396654445,266.2794215700175,267.7920162079611,1064867
2024-11-07,261.3306002607301,261.95925451712645,259.4303659130124,261.0695307300001,1994316
2024-11-08,268.09238212389107,269.01924282375234,267.02604917257327,267.82455756632476,898486
2024-11-11,267.03234773549286,267.08130243262724,265.6420235921478,266.76558215333955,1184095
2024-11-12,274.80203837813934,275.62772916375127,272.76647302646563,274.5275108672721,1264341
2024-11-13,284.2296884947129,285.2980402294466,282.9343981295641,283.94574275196095,828987
2024-11-14,285.9122186714016,287.70956496012195,283.74159410323034,285.62659207932234,1828851
2024-11-15,290.06817803881523,290.8893798482579,289.6121674496361,289.7783996391761,1278385
2024-11-18,288.5284275749818,290.1351025433145,286.3681143699541,288.24018738759423,197649
2024-11-19,288.1682127459096,289.2154683982775,285.6449155436903,287.88033241349615,1918600
2024-11-20,288.8846330655677,289.928225689334,288.5356953018534,288.5960370285392,261698
2024-11-21,289.1534657648241,290.03999708020376,288.623871920842,288.86460116366044,438754
2024-11-22,297.1132067179106,299.60972629000435,295.2316137740714,296.81639032758306,1565819
2024-11-25,296.9252364746906,297.1477428777134,295.45174333373785,296.6286078668238,1966507
2024-11-26,301.94319497425715,306.5676050216051,300.3191757044879,301.6415534208364,570302
2024-11-27,302.9128011902991,303.46837146957773,301.6850564526873,302.61019099929985,710921
2024-11-28,306.5789333996851,308.00610900895805,304.67932570683297,306.27266073894623,798058
2024-11-29,316.8367047212749,316.68738679792085,315.77632762034517,316.52018453673816,982317
2024-12-02,308.51929108718787,309.332767759877,307.30164058701,308.2110800071807,116306
2024-12-03,315.2074017776207,314.9102803763258,312.72267148021143,314.8925092683524,1117261
2024-12-04,312.08025053685026,313.18998380589227,311.45822324351667,311.76848205479547,1451844
2024-12-05,313.51777341942466,313.62639377217874,311.9906755525169,313.2045688505741,301907
2024-12-06,311.96377704138064,313.97348886487987,309.30478665170784,311.65212491646423,1644861
2024-12-09,309.684420288102,310.9992632455423,308.4943214432866,309.3750452428592,540913
2024-12-10,302.58965716364537,304.95791392484483,301.21956719995643,302.28736979385155,497072
2024-12-11,288.6344241381251,290.3740383635859,285.99964268201455,288.34607806006505,706530
2024-12-12,299.8745665846918,300.71820064563855,298.3518652141047,299.57499159309873,1080345
2024-12-13,304.8129934592933,304.5844145511371,301.83403877857444,304.508484974319,644308
2024-12-16,303.85704246882904,304.1934233549241,302.04374802066553,303.5534889798492,1267844
2024-12-17,294.17777491172274,294.3160513516296,292.7971759767924,293.8838910207021,108471
2024-12-18,298.00961072387423,298.2832232519813,296.43455614137525,297.7118988250492,567584
2024-12-19,306.6808329197757,307.84189399652263,305.2474423017904,306.3744584613144,1497010
2024-12-20,309.3868376778752,309.56853659851015,307.8590202637377,309.0777599179573,59812
2024-12-23,300.3204613782526,300.99185225304564,299.65341570411834,300.02044093731536,1765552
2024-12-24,297.870121407972,298.37675586854544,297.29087212118156,297.57254885911294,241356
2024-12-25,299.5989886344282,300.5322961312622,299.2882910780233,299.2996889454828,593650
2024-12-26,299.5422215648934,300.05350831903706,298.17236198198185,299.2429785863071,197607
2024-12-27,305.78643540343455,307.31881808371685,303.38032704124447,305.4809544489856,81137
2024-12-30,300.8526952261493,301.39571667836196,300.3295129543572,300.55214308306626,1824303
2024-12-31,297.74544811846164,297.696580311273,295.2012100827295,297.4480001183433,1237797
2025-01-01,284.87625884406157,285.61792526376337,283.3477281216565,284.5916671768847,715216
2025-01-02,290.92179801463027,292.0467737302774,288.23486042502196,290.63116684778254,963427
2025-01-03,294.5348845491542,294.39721907677824,292.1746823842946,294.240643905249,1863316
2025-01-06,292.55271293114845,292.54577782153194,290.60408036632856,292.26045247866983,272841
2025-01-07,283.4693912241166,286.00864369112065,283.0015714094859,283.1862050190975,255852
2025-01-08,288.1449922274301,288.6472821506427,287.34813017388984,287.85713509233784,1784740
2025-01-09,281.1383508761562,280.9556064829049,280.6636213156878,280.85749338277344,619204
2025-01-10,274.9960070646719,277.48308255295655,274.2906011421628,274.72128577889305,1239433
2025-01-13,265.76581163742264,265.8113184499256,264.0776771958518,265.50031132609655,1238686
2025-01-14,259.23409303642325,259.38649854859375,257.45459545351713,258.9751179185048,1614635
2025-01-15,255.0717416278256,255.75144087324412,254.53897245523362,254.81692470312248,1573213
2025-01-16,250.3064080199098,251.4519559613922,249.18546787218875,250.0563516682416,264504
2025-01-17,255.43710816726767,257.01376330886046,253.0025187728094,255.18192624102667,1927865
2025-01-20,258.90715962729706,258.6576761606517,258.54027386661636,258.6485111161809,872828
2025-01-21,259.4620520171361,259.2201851724187,257.40455083458147,259.20284916796817,1227228
2025-01-22,257.00493680385796,257.04746100552916,256.14932503093314,256.7481886152427,1289142
2025-01-23,256.986909401224,259.31249911827325,255.71299307754796,256.73017922200205,493590
2025-01-24,251.06403763997665,250.86676847653814,250.07619574506492,250.8132244155611,866346
2025-01-27,253.03758930090345,252.96048651536682,251.60901656307192,252.78480449640708,1597215
2025-01-28,248.95739402976105,250.7169249043804,248.4109551949653,248.70868534441666,1655488
2025-01-29,246.84301739128904,246.95036084536886,246.35221862935407,246.59642097031875,285161
2025-01-30,248.5110030906138,249.39635053286204,245.07586289580163,248.26274035026356,1880018
2025-01-31,244.7586378335972,245.6343921336572,242.9003160619271,244.51412370988734,1215554
2025-02-03,238.79293552673064,241.0404558813121,237.77799738914257,238.5543811455851,1568630
2025-02-04,243.33987567065145,243.81039443148046,242.2450549070803,243.09677889175973,1453392
2025-02-05,235.92665880387196,235.83713226397123,235.49428124944902,235.69096783603595,764854
2025-02-06,230.62875231909746,230.85332682017423,230.24080433977863,230.39835396513234,728725
2025-02-07,225.90304165131258,226.14374560161485,224.8190987487085,225.67736428702557,823422
2025-02-10,223.08583384152743,226.10548994373502,222.70218189726856,222.8629708706568,436700
2025-02-11,222.6529373008697,223.36584596117913,221.634054435068,222.43050679407565,1106705
2025-02-12,209.8555601397239,211.97870125523298,208.22717170229635,209.64591422549844,1605722
2025-02-13,208.07839187011248,209.1455852583281,207.791048095345,207.87052134876373,313754
2025-02-14,213.47280585138807,214.47280452952924,212.69477575172994,213.259546305083,789832
2025-02-17,218.18694803448764,218.57234409974532,217.75440649618128,217.96897905543224,1247851
2025-02-18,221.7855002271034,224.33186979585594,220.29007056644554,221.56393629081262,937847
2025-02-19,221.5782883003706,222.46189343924573,220.88976348793923,221.35693136900161,1506096
2025-02-20,222.5737828715783,222.62552572793493,222.05624016196953,222.35143144013819,1446834
2025-02-21,220.46319555047327,221.65379135580366,219.31793635317018,220.24295259787542,207481
2025-02-24,213.9200739649666,213.93403275931462,211.65815668106245,213.70636759736925,1954498
2025-02-25,215.42405484532657,215.6255917646423,214.60484961907036,215.20884599932725,1531725
2025-02-26,219.7417075949795,221.22381683515775,218.99896373018808,219.52218540956994,183712
2025-02-27,221.05113995863712,223.76196401595828,220.14255575363708,220.83030964898816,1278726
2025-02-28,221.0608221356209,220.9488043614565,220.1481022411542,220.83998215346745,774791
2025-03-03,224.6521997557304,225.07280806838665,222.69225435501556,224.42777198374668,1454345
2025-03-04,226.06990349697338,226.83239199782702,224.80951462266026,225.84405943753586,1187639
2025-03-05,230.79109136231222,231.48401608284303,230.19959070298955,230.56053083148075,344865
2025-03-06,229.14641867135478,228.9861030127369,228.11653967934075,228.9175011701846,1714456
2025-03-07,221.81363698330958,223.64645719115597,221.26068909009572,221.59204493837123,1438273
2025-03-10,223.90079091163824,224.06802513094033,223.0893261404361,223.67711379784043,1903309
2025-03-11,227.62702485896907,229.79149296124277,227.35814346911678,227.39962523373535,470598
2025-03-12,224.53991431376937,225.70104753596303,223.81671072829798,224.31559871505434,239387
2025-03-13,225.62456973760985,226.2300638984472,225.2045690528372,225.39917056704283,898350
2025-03-14,228.70710067818874,228.49214983101066,227.67892757340988,228.47862205613262,1303810
2025-03-17,217.50194750167313,218.4275287350146,216.2032337576053,217.28466283883432,1769017
2025-03-18,227.3055815700196,227.7933219355973,224.5793226085306,227.07850306695266,247397
2025-03-19,230.6434455825599,231.73463797669447,229.76928329586113,230.41303255000992,1429289
2025-03-20,229.93429690713958,230.07141932971192,228.48067799122057,229.7045923148248,108794
2025-03-21,225.21529414371125,226.71466002606593,223.85668024536074,224.9903038398714,817296
2025-03-24,218.86957587577916,219.6102594932131,217.59097570297743,218.65092495082837,1666740
2025-03-25,232.28481114070567,232.32422914746988,231.03582999728215,232.05275838232336,1832038
2025-03-26,231.02926749127937,231.46693390378823,230.44323612174492,230.79846902225714,1165026
2025-03-27,234.0924298319783,235.01433833937025,233.78029173527875,233.8585712607176,279016
2025-03-28,231.40387575706478,232.95061928312828,230.87257066510506,231.1727030540108,1018977
2025-03-31,230.15941018501235,230.54868911117123,229.83772251667173,229.92948070430808,308426
2025-04-01,233.03444391213307,233.99947853947998,230.84639168983088,232.80164226986324,1277280
2025-04-02,229.15964744552497,229.3654644591763,228.75062273452164,228.9307167287962,1628486
2025-04-03,228.95341948620407,230.19544991554673,228.47537670979634,228.72469479141267,846998
2025-04-04,228.2278706376909,228.71881583374196,227.48850690952517,227.999870766924,764620
2025-04-07,230.34587487047847,231.89655185691956,229.26682147935688,230.11575911136714,1883688
2025-04-08,234.07423695423,235.27509984714132,233.19006422544294,233.84039655767236,1545482
2025-04-09,233.43272455553057,234.48854157337206,232.99249439273206,233.1995250305001,508165
2025-04-10,239.5139829875503,240.00999635302585,236.1381791627227,239.27470827927104,142288
2025-04-11,237.55531069115818,237.84611611756512,236.57310146409125,237.31799269845976,1793979
2025-04-14,236.00005197672934,237.43591097145503,233.42087841023906,235.76428768904032,202150
2025-04-15,236.4905418075507,236.6142590653325,235.1397586192784,236.2542875200307,1316327
2025-04-16,235.50564114010376,235.7595069695839,235.2383757888732,235.27037076933445,987859
2025-04-17,238.97925915718454,240.0358406882405,237.60518213694354,238.74051863854604,1105303
2025-04-18,226.65560837347599,227.02966721168747,224.92778153842394,226.42917919428172,851884
2025-04-21,219.44386924171448,222.3201742777809,219.10834623714777,219.2246445971174,1066194
2025-04-22,210.8398614754608,212.09101550955214,210.44756815187998,210.6292322432176,1365611
2025-04-23,216.3710336039134,216.31693935807218,215.07981096595893,216.1548787251882,927765
2025-04-24,219.7417755552572,219.65236429682847,218.12883995010324,219.52225330195526,1117533
2025-04-25,217.0657495471158,217.17452931731853,216.11819850680558,216.84890064646933,1826327
2025-04-28,218.7247631296159,219.84106159878007,218.2589975527971,218.50625687274317,1813100
2025-04-29,211.7761923735739,212.83267688048542,211.02824223540333,211.5646277458281,631245
2025-04-30,210.69924327296468,211.4302705455508,209.29900741944,210.48875451844626,62113
2025-05-01,216.51880432703953,216.94337031818182,214.02963080375451,216.30250182521434,1601761
2025-05-02,219.20648700688457,221.01792170212062,216.63680652071983,218.9874995073772,881655
2025-05-05,227.89941897306298,228.80089613337634,227.3941325779016,227.67174722583718,1008220
2025-05-06,225.97255464514416,226.2405871609597,223.40915841533217,225.74680783730687,1328999
2025-05-07,230.8690826165865,230.9751558113468,230.3360157955321,230.6384441724141,1038012
2025-05-08,231.45710210422183,231.58218200973474,230.2448493402621,231.22587622799387,166884
2025-05-09,232.94592326753533,232.73241845226113,232.6942397745058,232.71321005747788,1344561
2025-05-12,234.1853329434366,234.69073472473627,233.82600336515165,233.95138156187477,1793123
2025-05-13,237.635241789883,239.00694460932448,236.1594880054123,237.3978439459371,1286634
2025-05-14,243.55891686151398,245.00295595602844,241.0924204612741,243.31560126025374,1435821
2025-05-15,243.99920770459977,243.79980726254658,243.29820883665278,243.75545225234745,1877801
2025-05-16,245.85604190015079,245.63884703838343,244.2228003606594,245.61043146868212,885010
2025-05-19,245.5686498396099,245.69380830583347,243.72583554540768,245.32332651309682,465768
2025-05-20,247.0310603037145,247.92578321095527,245.88922569122087,246.78427602768684,1263261
2025-05-21,243.5483278472664,243.60166942211106,242.34399600178995,243.30502282444198,1109085
2025-05-22,248.18994000277564,248.49174982257946,247.26322252459062,247.9419980047709,568867
2025-05-23,251.57248578042496,251.59556935297232,248.91805255187646,251.32116461580918,1075638
2025-05-26,253.26339222901012,253.3902564052575,252.83519894102363,253.010381847163,986039
2025-05-27,253.39481232038548,253.30237215803675,252.52903109996325,253.14167064973577,955451
2025-05-28,250.50731392926932,250.72235696949065,248.33580148204496,250.25705687239696,392510
2025-05-29,246.36549339739338,247.66953832032766,245.81852331587277,246.11937402337003,1224807
2025-05-30,241.5383630974868,241.8323857722855,240.46921058222998,241.2970660314554,145382
2025-06-02,238.23180216004891,239.1156420787431,237.5965186658616,237.99380835169725,1029463
2025-06-03,242.43024387723926,243.23860332304295,241.97173243246624,242.18805582141786,440681
2025-06-04,244.52775618225212,245.33937730792655,242.76708180362922,244.2834727095426,995566
2025-06-05,238.34112476033104,238.1640965243686,237.23087544967166,238.10302173859247,1549970
2025-06-06,234.30961553619883,234.3445097098504,233.96903949254974,234.07553999620265,101759
2025-06-09,240.2519462028585,240.80334349386897,239.90045958502702,240.01193426858995,687355
2025-06-10,247.8084345763923,248.3220109532608,247.4156039766392,247.56087370268963,917154
2025-06-11,251.87050273476686,252.18019807663313,250.67226224458705,251.61888385091598,1391976
2025-06-12,261.8577927594446,261.7862237748464,261.54925458048774,261.59619656288174,1376637
2025-06-13,258.81520142457646,258.62848919154527,257.65358705747207,258.55664477979667,1801108
2025-06-16,261.1599924843742,263.5699258977724,260.7988938052786,260.89909339098324,1678640
2025-06-17,258.388311211992,258.79179312878614,257.66207178672875,258.13018103096107,348428
2025-06-18,269.18188976031996,269.28324074969055,268.20143672318943,268.91297678353646,1808009
2025-06-19,271.6313183840726,271.4421277708473,269.3272733732847,271.359958425647,1453711
2025-06-20,274.0640288075536,274.8445020225529,272.65448826175447,273.79023856898465,1966416
2025-06-23,276.2767475583654,277.08184970701694,274.8336901141866,276.0007468115539,910723
2025-06-24,273.1718305986751,273.43046977730086,272.0380896960461,272.8989316670081,1226076
2025-06-25,273.2533586860664,275.0253587988617,271.87412836783267,272.98037830775866,1297493
2025-06-26,262.21344870150665,264.12951411604075,260.53652695623714,261.95149720430237,717940
2025-06-27,260.44567311613457,262.2780743491171,260.0743861905744,260.1854876285061,1840151
2025-06-30,256.0303888146933,257.6371465995599,255.57482848939463,255.77461420049286,576157
2025-07-01,260.1001799121516,261.4657687248537,258.9618960694976,259.840339572579,1578929
2025-07-02,266.86491035594975,268.1229005677889,265.9352300327306,266.5983120439059,1480263
2025-07-03,268.6073819073244,269.9100144878893,267.4832285743481,268.33904286445994,1662858
2025-07-04,263.986813463241,264.6674375464093,263.25761030327357,263.72309037286817,399724
2025-07-07,259.1076504756026,261.03311165103116,257.95384064051655,258.84880167392873,372913
2025-07-08,263.04897075350317,263.80431231652534,262.7355287684286,262.7861845689343,180589
2025-07-09,262.1971074081202,262.49083496245305,261.20975385351403,261.93517223588435,1652651
2025-07-10,261.38189923904554,261.966677367086,259.4473872385944,261.120778460585,516323
2025-07-11,256.66275209415187,256.52087976188164,256.3534630270002,256.4063457484035,1944043
2025-07-14,258.25402953949884,259.8035726013353,257.8473361083673,257.9960335059929,1145555
2025-07-15,259.6617589422874,260.5192364582743,259.32149196548124,259.40235658570174,1885247
2025-07-16,263.93650936297723,265.0825212065172,259.7990272763095,263.6728365264508,586107
2025-07-17,259.885634807588,259.855731281675,258.3113531267857,259.62600879878926,1608937
2025-07-18,260.20067365661885,260.4876174662634,259.91392457592104,259.9407329236952,60957
2025-07-21,253.9242497406439,254.93850047269802,252.4532742215908,253.67057916148244,1681361
2025-07-22,255.44009594238486,257.83926075934437,252.786022768505,255.18491103135352,78375
2025-07-23,255.94205703983064,256.35326660057876,255.66929017543833,255.6863706691615,1150477
2025-07-24,254.682331584107,255.49374402097646,253.51115990843215,254.4279036804266,986179
2025-07-25,259.3454499042787,259.22740006645,258.9357180416311,259.08636354073803,1880235
2025-07-28,253.7902413739941,255.06709217033134,250.61749193308495,253.5367046693248,1477408
2025-07-29,261.5030021471011,262.86189766669514,259.70876172497714,261.2417603867144,1502371
2025-07-30,263.96257816716405,264.03752963429366,262.19643997160455,263.6988792878762,1457269
2025-07-31,267.26063911629956,269.4950723992926,265.5780037089001,266.99364547082877,237865
2025-08-01,269.13879721707673,270.48765951171345,268.68267290369727,268.869927289787,226473
2025-08-04,266.2098794448592,268.14206586312736,264.79576314986014,265.9439355093499,764276
2025-08-05,264.0017987003053,265.06053665725034,260.5258562043481,263.73806063966566,1264453
2025-08-06,269.13771478442317,270.27843083947334,268.2227116097447,268.8688459384847,271302
2025-08-07,269.59616692833896,271.1627425797508,267.96719371284263,269.3268400882507,1601379
2025-08-08,271.70557918723483,271.9542793807109,271.4089102919053,271.43414504219265,1846979
2025-08-11,270.52642789572957,271.83946721307336,268.76875981649926,270.2561717240056,849603
2025-08-12,275.2535605748751,277.0074496294013,274.0234404196725,274.97858199288225,58410
2025-08-13,279.1010158991221,279.88184003559167,278.06951519419493,278.82219370541674,1537765
2025-08-14,273.05761155837513,273.294524925843,272.15876749984994,272.78482673164353,1026880
2025-08-15,283.39657990746554,284.2701697663475,280.3527500583868,283.11346644102457,415844
2025-08-18,289.3892822108912,291.03801984499813,287.9976354022041,289.1001820288624,1427574
2025-08-19,294.38977912090354,296.8433299203867,293.13540065885275,294.0956834374661,556616
2025-08-20,296.7711530726578,297.150282151623,295.95974602829966,296.47467839426355,863566
2025-08-21,297.0959730656436,297.298444439385,294.40863349730574,296.7991738917519,757623
2025-08-22,302.3816982039418,303.1994203065744,300.93697549900423,302.0796185853565,1837579
2025-08-25,317.31053431171296,317.04614533314754,316.6930403938937,316.99354077094205,1867880
2025-08-26,317.458225092823,319.1554097023434,315.95140677568696,317.14108400881423,718802
2025-08-27,311.7606795989106,313.28470106409674,309.8797171947538,311.4492303685421,1173770
2025-08-28,312.24238136387703,313.21438477371476,310.9679351470486,311.9304509129641,794064
2025-08-29,313.3182086957715,313.34119253460466,312.04669740170186,313.00520349227924,1760812
2025-09-01,319.461241826092,322.70219167294374,317.83778294079656,319.1420997263657,510168
2025-09-02,312.95963887549095,313.0900349910657,311.69191256060924,312.64699188360737,1938198
2025-09-03,311.0928582148284,313.211699411746,309.74548875565733,310.7820761386898,1727146
2025-09-04,309.93383182371053,309.7670495658946,308.44694229941956,309.62420761609445,962387
2025-09-05,316.09646939966245,320.3224169090638,315.354798961339,315.78068871095155,1265014
2025-09-08,323.1513406072625,324.6378903230963,320.4100003479828,322.82851209516735,1309898
2025-09-09,324.9918664989728,329.0773148438895,322.5570514502323,324.66719929967314,1485485
2025-09-10,331.998268033999,331.9835943803276,329.9334982259486,331.6666014325665,1763267
2025-09-11,333.31581915999953,335.0249166067345,332.4826280005659,332.9828363236759,1219036
2025-09-12,334.5957383230383,337.05352330517417,332.5978500326659,334.2614768461921,189701
2025-09-15,321.29769227750046,322.21528767895074,320.9756899885336,320.97671556193853,873362
2025-09-16,316.650739109861,316.7047305596741,315.4068597686851,316.33440470515586,944838
2025-09-17,310.7451258158066,311.9211898400323,309.6770051829351,310.43469112468193,71436
2025-09-18,313.8744770336429,314.2238116853194,313.4678752360755,313.56091611752544,115698
2025-09-19,314.8721454104585,316.06102282649806,312.62595409186025,314.55758782263587,1533184
2025-09-22,309.2179673284819,309.8790453384636,306.40779470074426,308.90905827021174,462715
2025-09-23,309.9775292449047,309.68373653926113,308.6962024959058,309.6678613835212,1914401
2025-09-24,309.76997283885635,310.9309305133558,309.06586545933845,309.46051232652985,1745701
2025-09-25,312.4573118309753,315.2667260172433,311.3514670412723,312.14516666431103,457028
2025-09-26,309.79229200130675,309.71330897671817,308.8087772830317,309.48280919211464,1463757
2025-09-29,306.215513166608,308.504717427818,304.1405932470634,305.909603563045,1310511
2025-09-30,313.47591221127874,313.2366789759188,310.25801269480957,313.16274946181693,720343
2025-10-01,312.42925804558075,313.15272632844466,311.8046854009478,312.1171409046761,1282378
2025-10-02,318.66530994901586,318.7308399802272,317.2956986658641,318.3469629860299,814772
2025-10-03,313.9929850217883,314.65643146697255,312.4430959013866,313.67930571607224,143594
2025-10-06,313.13915243852284,313.11210708975466,312.0774067232497,312.82632611241047,963761
2025-10-07,311.7253069422256,312.0315546479439,311.2647377380158,311.41389304917647,1120620
2025-10-08,306.6409290895995,307.287326960059,303.89996220873724,306.33459449510445,1749087
2025-10-09,311.04124006678,312.29869991642227,308.6777689450648,310.73050955722283,1353522
2025-10-10,303.8412554221099,304.9269846276045,300.4763206992433,303.5377177044055,1506312
2025-10-13,305.5452487825777,306.6574186976957,302.9990989945373,305.24000877380394,1648875
2025-10-14,294.0762413080579,294.65514135094304,291.6737596581578,293.7824588492087,277464
2025-10-15,298.1433338868299,298.7763428636857,297.49986828817623,297.8454883984315,1089433
2025-10-16,298.73970632729777,299.37380902073676,297.3928972384917,298.4412650622356,837443
2025-10-17,305.23381056799917,306.61236370759644,303.00539676341333,304.9288816863129,57223
2025-10-20,316.78990369233236,317.3190549837574,315.3273299226065,316.47343026207034,1169301
2025-10-21,313.2489525769921,314.4718173464672,312.15338953924146,312.9360165604317,1073920
2025-10-22,313.6931109263137,314.51143837622294,312.4017690091208,313.3797311951186,814749
2025-10-23,306.7401534679312,307.31534078857277,304.823217192071,306.433719748183,1894029
2025-10-24,304.5535432377518,305.2898062727979,304.19364218541637,304.249293943808,436911
2025-10-27,305.24832635061784,306.750776803745,303.57275344426307,304.9433829676502,1091586
2025-10-28,305.80789567411716,305.75945947885475,305.00822681268414,305.5023932808364,226975
2025-10-29,310.5225346743361,311.31339364484865,308.9180655604302,310.21232235198414,1316960
2025-10-30,313.68383560892556,313.49533977554773,313.03883436714165,313.3704651437818,944922
2025-10-31,319.6034292348127,322.2397910924384,317.7554142218215,319.28414508972304,73016
2025-11-03,316.01716963660516,316.8724750505655,314.97291384404076,315.70146816843675,1573040
2025-11-04,317.201922301311,317.66026592814933,316.384867417098,316.885037264047,1661653
2025-11-05,311.57970951176907,311.54156452935433,309.6923972875132,311.26844107069843,255383
2025-11-06,310.9534279752538,312.64331943660363,308.67513633537095,310.64278519006376,757807
2025-11-07,295.8979191499278,295.7719654876527,292.6181260397203,295.60231683309473,1759024
2025-11-10,295.6447044712254,295.4775138387949,294.9727257586543,295.34935511610934,233950
2025-11-11,296.22183210992216,298.614626359701,295.1515606745737,295.92590620371845,1179446
2025-11-12,294.0431455166768,294.82242499367345,289.96678938147966,293.7493961205563,1744395
2025-11-13,292.18503342011763,291.98506470439173,289.51622479435747,291.89314027983784,1726015
2025-11-14,283.4559704499451,284.1118958166738,281.0267326543524,283.17279765229284,660213
2025-11-17,280.39504755557266,280.4135566003448,279.96504228470087,280.11493262294977,1945584
2025-11-18,277.6332537991534,279.67666032223445,276.96305463647104,277.3558979012522,1775478
2025-11-19,278.99893362952025,279.2232436660885,278.22204594320044,278.7202134161042,1446920
2025-11-20,281.5587582269997,281.3853413585893,280.47082661816944,281.2774807462535,689125
2025-11-21,279.56559467582554,279.62912498779093,276.2113852973027,279.2863083674581,941402
2025-11-24,279.1028344334107,282.59540591477577,277.40243378674813,278.8240104229877,441379
2025-11-25,281.1441934970034,280.89192713014904,280.4088766552945,280.8633301668366,535040
2025-11-26,276.8664811791631,277.35012817760537,276.5660696016245,276.5898912878752,1937652
2025-11-27,282.1813070757065,281.96074988572826,280.4357938497615,281.8994076680385,225060
2025-11-28,292.81341186386317,294.2109461307814,289.44009212426346,292.5208909728903,84177
2025-12-01,295.0815453268461,298.19776591441104,292.4142592909834,294.78675856827783,90615
2025-12-02,292.7785157479449,295.0716577416583,290.9062579542098,292.4860297182267,937933
2025-12-03,294.19539609826967,294.4874167462944,292.30167954470835,293.90149460366604,1808753
2025-12-04,300.6489286879215,302.1733000495233,300.0366424312121,300.34858010781375,1284373
2025-12-05,307.8017576448713,308.26104855261633,306.7324241634044,307.4942633814899,990274
2025-12-08,300.62010913035454,302.72417251315534,297.31746915436236,300.3197893410136,1890906
2025-12-09,302.6438050529523,303.5841414034698,301.19184438944706,302.34146358936295,1238637
2025-12-10,298.9416731130178,299.43825675103506,296.2334721002881,298.6430300829349,1136997
2025-12-11,296.82517752764664,298.0940091155133,295.3741085481145,296.5286488787679,1910432
2025-12-12,298.536243852622,298.3303450361373,297.90766482186973,298.23800584677525,946779
2025-12-15,301.6741363739649,301.8330143875419,300.16312404199556,301.3727636103546,1367264
2025-12-16,300.4153217938715,301.14344347668396,298.3727373664507,300.11520658728426,547674
2025-12-17,296.0798391680982,296.4295984065025,292.57276774738756,295.78405511298524,755930
2025-12-18,295.27112094734633,295.97823102049443,294.30410050065,294.97614480254384,623466
2025-12-19,290.043848875233,291.71478154348375,287.5135711342474,289.75409478045253,1557885
2025-12-22,299.3867163676091,300.13115901693305,297.0466927433301,299.08762873887025,584323
2025-12-23,291.24380170912616,291.5041615286984,288.0206853163984,290.95284886026593,839456
2025-12-24,294.62516897110345,295.0685202729883,294.01239651905024,294.3308381329705,991800
2025-12-25,295.4573156397697,296.09074779039395,294.6663975579751,295.16215348628344,591936
2025-12-26,295.7472058932098,296.3036793261638,293.9154936401889,295.4517541390708,191939
2025-12-29,290.42908219588287,291.7175016594425,289.90456203957996,290.13894325263027,331271
2025-12-30,288.1019330572831,290.05134994847987,286.0940590036975,287.8141189383448,1650379
2025-12-31,286.5784389852135,287.0379412301838,285.56319451213284,286.2921468383752,481942
2026-01-01,284.025059594709,286.5668244544723,282.8428475913896,283.7413182764326,1811825
2026-01-02,283.00064371240967,285.8093402290977,281.99267498819626,282.7179257866231,1385274
2026-01-05,283.7714403444833,286.99608357938126,283.0918728280208,283.48795239209124,806169
2026-01-06,281.7129132282899,284.09510028907704,280.4425350893233,281.4314817465434,1287194
2026-01-07,284.1427497607119,287.0030707453314,282.0859040168866,283.8588908698421,1334805
2026-01-08,288.0679189073987,290.7765684612728,287.376373443617,287.7801387686301,698391
2026-01-09,285.4866731463154,286.81045096925106,284.8786696551624,285.2014716746408,1936055
2026-01-12,289.44618426916765,289.9569860956071,288.06284478435634,289.15702724192573,603292
2026-01-13,289.9403353185023,292.376126782443,289.5909938899556,289.6506846338685,1596345
2026-01-14,287.2180609484143,287.15914258787086,285.5192484449985,286.9311298185957,1738815
2026-01-15,289.82206227683685,290.7856795267228,287.2913813615194,289.53252974708977,1003285
2026-01-16,295.79951148342195,296.6042984641282,295.3059595709641,295.504007475946,1240397
2026-01-19,294.2903196652057,294.2349711852595,293.10191801755735,293.99632334186384,202981
2026-01-20,284.8301760998173,285.49306826092794,282.8546692460799,284.545630469348,633164
2026-01-21,288.97375196011944,291.27844814505033,286.23799007199773,288.68506689322624,831654
2026-01-22,294.31738909504287,294.0958387912163,293.5235758056878,294.0233657293136,308929
2026-01-23,288.61911285463094,289.4391720381372,287.43645166302264,288.3307820725584,547186
2026-01-26,288.0917489981328,288.61052599809193,287.6165417427036,287.80394505307976,1444955
2026-01-27,290.6415584334785,290.48626255665255,288.6939228834073,290.3512072262523,197039
2026-01-28,278.44642919772076,278.5950707706264,276.3922908814592,278.168260936784,1658025
2026-01-29,282.48930139427637,282.7814610244379,281.8340925739615,282.2070942999764,268700
2026-01-30,286.2990771023308,287.07492760173784,285.4500529573556,286.0130640382925,202403
2026-02-02,290.6145511132327,292.2126118216029,288.1783211634294,290.3242268863464,1039223
2026-02-03,298.54139125698106,298.7510344884788,295.2139029784491,298.2431481088722,1151862
2026-02-04,293.04507168999555,293.3128062025289,292.6325037727456,292.75231937062495,1452559
2026-02-05,298.15748100133897,298.3680766659308,294.5665494839745,297.85962137995904,437264
2026-02-06,310.4552931702992,310.72684304202124,309.21488774069314,310.145148022277,125036
2026-02-09,298.012974633529,300.2474563272009,297.6186445696495,297.71525937415487,1532637
2026-02-10,296.13713487846644,297.47730077145735,295.6768498387907,295.8412935848816,551445
2026-02-11,299.9820229568005,301.54040638138594,298.02835329432264,299.6823406161844,1802000
2026-02-12,296.2044380608885,298.3473594991105,294.29635332800177,295.90852953135715,201891
2026-02-13,286.5667316610534,287.2536382448032,285.5163516410619,286.2804512098436,237833
2026-02-16,288.27009262489355,289.1459734958349,287.9737059333769,287.9821105143792,1420125
2026-02-17,289.23156591391665,290.5836960555013,287.9569855658869,288.94262329062605,1389261
2026-02-18,285.5377336154428,285.67927898987745,282.71706883213136,285.25248113430854,1384805
2026-02-19,286.86117195635154,288.9907194297555,285.8754489791539,286.5745973589926,515518
2026-02-20,291.65008882788123,292.329903615066,291.0053970115593,291.3587300977835,434923
2026-02-23,296.9823079633578,297.4150335108681,294.90827456136026,296.6856223410168,365955
2026-02-24,299.29091963465225,299.86258535069874,298.62007850473367,298.9919277069453,1443296
2026-02-25,292.690033104535,294.4463926430738,291.31725668751835,292.39763546906596,583340
2026-02-26,291.1181687593937,292.0665807059321,290.09666070688814,290.8273414179758,968763
2026-02-27,279.23205673024637,279.7886310063207,278.34361235988393,278.9531036266198,1483654
2026-03-02,273.92150564810146,274.94890449602946,273.56791442854234,273.64785779031115,1755732
2026-03-03,274.758655012722,276.1832842998088,272.3084583241179,274.48417084188014,1989636
2026-03-04,277.49134535763847,278.53146470428396,275.33487173345634,277.21413122641206,1734542
2026-03-05,277.3880873339618,279.8507186131252,274.806724771977,277.1109763576042,59015
2026-03-06,277.3374099358283,278.1196101405405,276.33449352031255,277.06034958624207,1700147
2026-03-09,267.5772686086355,268.8007837801366,264.02739164234254,267.30995864998556,850694
2026-03-10,261.4046889298382,261.4947859002605,260.67032273100733,261.1435453844538,1465159
2026-03-11,255.9860774198224,256.4353697165182,253.58638559833446,255.73034707274968,1851565
2026-03-12,253.24833894085288,254.80021392831202,252.42048540625964,252.99534359725564,1993263
2026-03-13,250.51637623154915,250.5664301431965,248.76788094684323,250.26611012142774,954828
2026-03-16,260.34365438638787,261.14182759308017,259.5806982995672,260.08357081557233,1249968
2026-03-17,265.04474838135656,265.27301633495205,264.7162831123052,264.7799684129436,1327607
2026-03-18,260.1272902373823,259.9674983355578,259.22231189048273,259.86742281456776,1370705
2026-03-19,256.966858598021,256.92427541743257,256.6459224530078,256.7101484495715,1301252
2026-03-20,254.39768959120565,254.743707551809,254.03069710013287,254.14354604516052,168803
2026-03-23,251.67486306247815,252.91023760980622,249.71115765189077,251.4234396228553,741986
2026-03-24,249.2659551944626,249.81650490478972,248.77618476318716,249.01693825620643,1039894
2026-03-25,240.05042094271496,240.92476246127364,238.29981115845376,239.8106103323826,72784
2026-03-26,245.0610811457574,246.175957393233,244.05883244713667,244.81626488087656,1487105
2026-03-27,248.0094115151941,250.11047998434526,247.3402680796909,247.7616498653288,1202725
2026-03-30,250.8168853603108,251.00180610794263,249.71688894930085,250.56631904126957,1684950
2026-03-31,251.23586443527563,251.21326932794557,250.39791899293667,250.98487955571994,61664
2026-04-01,253.27678183735497,253.6212908911785,251.86532443444582,253.02375807927572,307402
2026-04-02,251.56900586131863,252.57987455708948,251.30875602431593,251.3176881731455,1118743
2026-04-03,242.5459119843574,242.506379301191,242.23223212750807,242.30360837598144,1927825
2026-04-06,243.01942284244373,244.06821241569918,242.17843854933793,242.7766461962475,1004107
2026-04-07,243.06851295294132,242.95686597257173,240.91634494061572,242.82568726567567,621419
2026-04-08,237.22378528807616,237.05244260494314,236.47020330088978,236.9867984895866,1091042
2026-04-09,227.55722208212862,227.51032620715236,226.21256048629485,227.3298921899387,392049
2026-04-10,232.15677388979472,232.31536113558997,231.81227984714437,231.924849040754,1920723
2026-04-13,227.80828280900573,228.1388101711023,227.3900591114258,227.58070210689885,87099
2026-04-14,226.88903655224837,226.66575973458154,225.31530307405765,226.66237417807034,1204616
2026-04-15,223.96282695745654,224.55869095919053,222.7015757781888,223.73908786958697,647807
2026-04-16,230.6872903929195,232.25737540152076,230.0976288147969,230.45683355936015,118212
2026-04-17,224.40199802705098,224.66536108993446,223.53211346820925,224.17782020684416,1678142
2026-04-20,228.58709752876717,229.33361665415217,227.13229682630168,228.35873878997722,773487
2026-04-21,218.06374817356743,218.51554708523142,216.25626545295012,217.84590227129615,1045223
2026-04-22,221.6077802417401,223.29283428676837,220.97445703954477,221.38639384789224,817943
2026-04-23,219.53936384113453,221.6884977207226,218.74235071098656,219.3200437973372,111471
2026-04-24,210.52338044367127,210.97795804715892,209.93717364888238,210.313067376295,1698357
2026-04-27,210.65686997253985,211.21070464160155,209.84374913877605,210.44642354899088,844701
2026-04-28,210.28984197895068,210.42381605910685,208.1903927314169,210.07976221673397,1436600
2026-04-29,204.0727281329752,205.53824889115572,203.6224085142892,203.8688592737015,998585
2026-04-30,205.2913389415279,207.62832422507927,204.9094711994821,205.08625268883907,1882204
2026-05-01,205.08851025220864,205.53855676256012,203.4168749264431,204.88362662558308,1544107
2026-05-04,206.77407430644698,208.37789896403555,205.20339119166982,206.56750679964736,120457
2026-05-05,201.45060609031466,202.6866053718617,200.4780221270987,201.2493567335811,1305155
2026-05-06,198.620937321295,198.72540206037527,197.22069115517672,198.42251480648852,137467
2026-05-07,195.05294452319643,195.54040967632642,194.40169393276366,194.8580864367597,507169
2026-05-08,195.38768895818617,195.62322245186115,194.6083469807112,195.19249646172446,149982
2026-05-11,193.42278526005884,193.52807204927575,192.77608373891792,193.2295557043545,1399419
2026-05-12,189.82111826447218,190.0501120266272,189.47417527546625,189.6314867776945,1034170
2026-05-13,194.46011922965,194.657914290823,193.37573737271273,194.26585337627372,1171292
2026-05-14,192.4965442732523,194.28919752866545,191.09347435156687,192.30424003321912,1380793
2026-05-15,196.2130595418427,196.3647416913437,195.34276169269526,196.01704249934338,196312
2026-05-18,199.07730875956588,198.91897942323018,198.71010620849253,198.87843032923666,1569725
2026-05-19,196.39156816059773,196.74221959707037,196.06282130379816,196.19537278780993,1401777
2026-05-20,189.76626734680985,190.1440213204223,188.76530181805055,189.57669065615372,1084489
2026-05-21,190.36642275629464,191.46625790406299,188.734055101447,190.17624650978487,1326092
2026-05-22,192.61012302328095,193.1262507497356,192.10039313410255,192.417705317963,1608425
2026-05-25,196.60426650699998,197.4488464738088,195.7974865791901,196.40785864835163,1723956
2026-05-26,197.8993829580441,198.39003044066254,196.2555392851857,197.70168127676735,1103785
2026-05-27,199.36513797697387,200.6762614445755,198.24816448495528,199.16597200496892,1260087
2026-05-28,196.99523953367574,198.0804980934729,195.91042467993964,196.79844109258318,774087
2026-05-29,194.3252100508753,195.09502190409188,193.91953134649887,194.13107897190343,1596222
2026-06-01,205.5463494001718,206.42492122016122,205.0784831465722,205.34100839178004,1335974
2026-06-02,209.70496970107214,209.92371352300435,207.91924325749085,209.49547422684532,725649
2026-06-03,204.56703323806138,204.96400027185396,203.53055871413602,204.36267056749392,1935666
2026-06-04,205.60332219055434,206.89561234177958,205.37509885400178,205.39792426628807,1395515
2026-06-05,207.2252970907247,207.0592329593326,206.94393745066927,207.0182788119128,882852
2026-06-08,200.4270157819354,200.4643343269919,198.7528993645848,200.2267889929425,88203
2026-06-09,199.3062425176852,199.70243799282537,198.71618881955376,199.1071353823029,522958
2026-06-10,201.26767476575031,202.2411682549891,200.85359663019,201.06660815759275,1440113
2026-06-11,207.25081272629666,207.65918365599578,206.70531122765732,207.04376895733935,1565171
2026-06-12,213.25828264615683,213.93123235899267,211.67199812602044,213.0452374087481,57373
2026-06-15,211.81852835263976,211.83927719773573,211.22443303358648,211.60692143120858,1695482
2026-06-16,210.52347500469165,210.3281971197047,210.23766622025352,210.3131618428488,1163382
2026-06-17,208.68595897789595,208.91572385855176,206.74792056134982,208.47748149639958,830519
2026-06-18,209.4794564135495,209.92816820793922,208.0366574655525,209.27018622732223,1102316
2026-06-19,212.67592113005284,214.37294894218797,211.8844498849249,212.46345767238049,54907
2026-06-22,208.6038675611567,210.4488039921346,207.4639436430837,208.39547208906765,237815
2026-06-23,207.87361020573775,208.84476781716214,207.61552101970872,207.66594426147628,1638824
2026-06-24,205.59885993374735,205.55594920172763,204.80640340897176,205.3934664672801,866031
2026-06-25,202.657773565739,203.4847834513522,200.06399807437055,202.45531824749153,129599
2026-06-26,200.71678599979154,200.79056575606563,199.71597147043065,200.5162697300615,490866
2026-06-29,207.32486840550348,208.40934932411142,207.04416841244534,207.11775065484866,69358
2026-06-30,213.82839982129778,213.91174857479393,213.03856725135992,213.61478503626154,1568616
2026-07-01,219.4680135469704,219.56304448120605,218.09262563330293,219.24876478218826,1344995
2026-07-02,212.79924519902247,212.78212798261876,212.47133497312257,212.586658540482,843290
2026-07-03,213.93537893025743,215.17527952185088,211.03994980146922,213.72165727298446,1526785
2026-07-06,223.20272523330132,225.25031047962722,222.54218839885857,222.97974548781355,1053909
2026-07-07,224.84043207661543,226.72644679849975,224.09916234049936,224.6158162603551,1562628
2026-07-08,221.88803595816927,223.05736660284745,220.05033624781237,221.66636958858072,258330
2026-07-09,224.2428873568709,224.2135072582135,222.09759893079115,224.01886848838254,346148
2026-07-10,223.1444448650887,223.0143327053082,221.9635241953207,222.921523341747,1317680
2026-07-13,221.4692096651119,222.90001514463268,220.86803732790509,221.2479617034085,1805372
2026-07-14,222.45347935029986,223.3566014865487,221.41228032486512,222.2312481021977,557022
2026-07-15,224.3343001018407,224.59741419567877,223.29089604596462,224.1101899119288,1665674
2026-07-16,223.5892427365163,224.12460817601362,222.94110845455384,223.36587685965665,1726325
2026-07-17,223.46602036895183,223.46795954536063,222.35233132795796,223.2427775913605,703340
2026-07-20,219.2691762122951,221.14474640958744,216.35978768188778,219.0501260862089,1669623
2026-07-21,219.04696158968554,219.26848212288564,217.96121072431433,218.82813345622932,694552
2026-07-22,221.8449507005682,221.69561504435814,221.47158156928487,221.62332737319502,193603
2026-07-23,222.17812684580468,222.08849855425223,221.83041927072054,221.95617067512958,660089
2026-07-24,221.4310279467476,222.82191700690905,220.5656087618973,221.20981812861902,487538
2026-07-27,215.58196364621503,215.63054634426794,215.2559269639021,215.36659704916588,767294
2026-07-28,219.96100443001498,220.74274625742714,219.724584496651,219.74126316684817,260176
2026-07-29,215.27488284394266,215.15302506282038,214.6936548860113,215.05982302092175,591862
2026-07-30,217.89197546163635,218.63392996765356,215.85207795389593,217.6743011604759,1786826
2026-07-31,216.42121157654668,216.9428137016271,215.9409844590502,216.20500656997672,1330426
2026-08-03,219.54465385411362,219.60601572261334,217.77416585218427,219.32532852558805,1363574
2026-08-04,223.66989809249768,223.85936085928176,223.34046163231892,223.44645164085685,845612
2026-08-05,222.35325493713898,222.22474407076615,221.05970681687091,222.13112381332567,94728
2026-08-06,210.0488024491833,210.8319409590328,208.53302027388213,209.83896348569763,1240226
2026-08-07,202.20552920794606,202.6967292433814,201.8644529646961,202.0035256822638,1210854
2026-08-10,198.58565832471055,198.72249183281366,198.20786289830218,198.38727105365692,145411
2026-08-11,195.22098575407153,196.21669823203726,194.97255005717358,195.02595979427727,1503649
2026-08-12,196.22712980647415,198.29506613113702,195.57868562351914,196.0310987077664,716238
2026-08-13,203.26464556866705,203.94789164929801,203.0550742901095,203.0615839846824,90818
2026-08-14,205.6939733513183,206.0914884537501,204.82389470019282,205.48848486645187,71577
2026-08-17,205.15644894342554,205.15961727523023,203.9419640178082,204.95149744597958,468919
2026-08-18,210.17147159813783,210.88289248072033,209.78265944442686,209.9615100880498,1327845
2026-08-19,209.421874366945,210.69669912745508,208.4993491547878,209.21266170523978,461321
2026-08-20,212.66872087936358,212.7532471608676,211.83545051542782,212.45626461474885,818465
2026-08-21,214.0848785336812,215.24762958436438,212.6231824647818,213.87100752615507,326304
2026-08-24,206.5412896371222,207.76330701565473,205.5814937769391,206.3349546824398,1309477
2026-08-25,210.16122822754636,211.0289476221703,209.2558236637615,209.9512769505958,250554
2026-08-26,216.87519892378347,217.18409550744678,215.66573967865577,216.6585403834001,1132687
2026-08-27,215.50344017964278,215.88712072139091,215.26737813708272,215.28815202761518,1260570
2026-08-28,218.499786332101,220.14792173870532,217.59207759599954,218.28150482727375,257806
2026-08-31,220.54032254637937,220.94583457656083,218.71376837848845,220.32000254383556,322601
2026-09-01,219.4624609524862,220.98018370128784,217.93589500554583,219.24321773475148,353606
2026-09-02,217.96243864925748,219.01044049474487,216.91079571067166,217.7446939553022,1400757
2026-09-03,221.9108346601112,222.32632645387528,221.15286538254685,221.68914551459662,232375
2026-09-04,219.32263186417342,219.86339693303026,218.98477513114304,219.1035283358376,927520
2026-09-07,217.17346773554246,218.7216323096923,216.0311902031718,216.95651122431818,1063671
2026-09-08,220.51728486314042,221.72046918686524,219.18078392755,220.2969878752652,322383
2026-09-09,224.23986418805734,224.71971270380084,223.92169710502566,224.01584833971765,1822179
2026-09-10,230.60901305879713,231.25594378761045,230.02768053802257,230.3786344243728,996869
2026-09-11,228.17063643713337,228.0346975367447,227.3323677959888,227.94269374339,1642800
2026-09-14,222.64671758959818,223.26249476739548,222.3176101448059,222.4242932963019,1799895
2026-09-15,227.06175603386708,227.75963113457829,224.60426211359962,226.83492111275436,1327611
2026-09-16,220.73713571455355,222.39227205603171,219.47394706577205,220.5166190954581,1800021
2026-09-17,219.09929626991567,219.35341498679455,217.49868153681302,218.88041585406162,1502834
2026-09-18,218.24306521999628,218.47531627847778,217.59846132151793,218.0250401798165,1967326
2026-09-21,225.07125547504072,226.09105788578958,223.83430312332288,224.84640906597477,1722508
2026-09-22,225.2060039091348,226.10553133183384,223.98459626072705,224.98102288624858,1174251
2026-09-23,220.28265217384887,221.20431984421788,217.73082279645718,220.06258958426463,337388
2026-09-24,220.19458320812447,220.69530124997806,218.45043359109536,219.97460859952497,322823
2026-09-25,225.53230508391906,225.8220393933386,223.57217572185286,225.30699808583324,1659380
