Date,Open,High,Low,Close,Volume
2022-01-03,503.1949496037723,504.2690683919077,499.7661863282611,502.6922573464259,364425
2022-01-04,496.08775825272807,499.5092121190738,493.5324650291966,495.5921660866415,1595436
2022-01-05,495.03835673436845,496.094526233267,491.6165832339951,494.54381292144706,1682104
2022-01-06,486.7802224689291,487.6874178739807,483.989661289574,486.2939285403887,510737
2022-01-07,499.5910428378515,499.2797183801117,496.8325904429426,499.0919508869646,253682
2022-01-10,501.64833391249005,502.8831141749568,497.59915928171085,501.14718672576436,789111
2022-01-11,507.9100498938713,507.7936611973958,506.4224118230083,507.4026472466247,968273
2022-01-12,523.7598515606451,526.0142094352591,522.894931617264,523.2366149456994,1201029
2022-01-13,536.9319311028238,537.4062706489356,535.7792394381296,536.3955355672566,1275742
2022-01-14,556.6002668142208,560.592612010542,554.7869526461188,556.0442225916293,1965065
2022-01-17,548.2300810612497,551.2482175834559,546.7694354788856,547.6823986625872,278847
2022-01-18,564.0336445634757,564.0013546092173,561.8346994446849,563.4701743890867,1752319
2022-01-19,559.9946239638837,561.4900932206818,558.1098335322791,559.4351887751086,1948481
2022-01-20,558.0104551639621,561.92128071671,557.3491798042481,557.4530021618003,1685798
2022-01-21,560.1289184220527,565.1554603707885,557.7500036978022,559.5693490729798,1716456
2022-01-24,561.0489290044371,560.9249644235932,560.3520036546181,560.4884405638733,454811
2022-01-25,560.9827445753763,565.7097193134742,557.1703800582565,560.4223222531232,1984629
2022-01-26,564.1603396353937,565.0323912775797,559.61929109002,563.5967428925013,1782137
2022-01-27,579.3556366373256,580.1506537799678,576.920485317539,578.7768597775481,1768325
2022-01-28,557.3165692855059,557.888127720631,554.2939534573842,556.75980947603,631911
2022-01-31,543.251479623911,545.6454496314183,542.6675884294116,542.708770853058,1436509
2022-02-01,531.071905558247,533.0445899246523,527.645658521565,530.5413641940529,621917
2022-02-02,534.0026845392257,533.7962621256755,529.2635395428335,533.4692153239018,884380
2022-02-03,535.216865224022,536.5376811881391,530.814277808563,534.682183040981,1942400
2022-02-04,539.0399563222063,547.0093986872544,535.8640333768244,538.501454867339,814518
2022-02-07,557.122182380649,557.6717765868049,553.3681949971503,556.5656167638851,800504
2022-02-08,557.6455349869698,558.9023580672505,554.8186049964431,557.0884465404295,206115
2022-02-09,543.9734422518112,544.5181371321462,543.1391159828239,543.4300122395717,240296
2022-02-10,548.3079177690828,550.2863206774538,546.3800684165454,547.7601576114714,415165
2022-02-11,565.9607925824179,567.3914438313344,565.3499949063148,565.3953971852327,1012523
2022-02-14,585.8199035025692,587.2505262252589,581.4018266048325,585.2346688337356,242093
2022-02-15,585.4206967859385,588.8688744566679,582.0892374233986,584.8358609250135,300751
2022-02-16,587.2556010275825,587.5026077211546,586.451362636951,586.6689320954871,475178
2022-02-17,590.9227480378951,597.975113288481,588.6440522029851,590.3324156222728,365010
2022-02-18,597.3840185518117,599.8844444072743,594.8102742544434,596.7872313204913,349262
2022-02-21,596.1815726724873,597.0332377820768,590.7391535955466,595.5859866858016,1834496
2022-02-22,591.5088605957753,593.8992055565561,588.4704591387276,590.9179426531223,1010072
2022-02-23,607.884516024547,610.3004226219656,606.6200479062474,607.2772387857613,812359
2022-02-24,624.5081198559666,630.8101952526034,619.4659262964608,623.8842356203463,916733
2022-02-25,625.0311060972214,629.2380692168564,622.4811662356458,624.4066993978236,209618
2022-02-28,618.9473512117916,619.2245206917113,613.2172780392681,618.329022189602,122752
2022-03-01,612.5055599014396,615.52907951366,608.7157649808496,611.8936662352045,1557000
2022-03-02,600.5139910551168,600.4801635288915,596.9552972622192,599.9140769781387,1733218
2022-03-03,587.868560682371,587.7591431380582,586.1387993102321,587.2812794029682,847994
2022-03-04,585.3335699922322,588.1722173182651,581.8389806477338,584.7488211710612,158952
2022-03-07,578.2262009181487,577.8209638868877,574.5853594212933,577.648552365783,1414613
2022-03-08,581.3114533022922,584.8873991511081,576.8220063269564,580.7307225797125,975194
2022-03-09,576.370375090714,580.3308981037367,571.0993276006269,575.7945805102039,554276
2022-03-10,567.3475657085646,567.3924361400234,563.2538390555605,566.780784923641,1323278
2022-03-11,563.763900874184,567.0413997365926,560.3363824739222,563.20070017401,1364509
2022-03-14,539.3281302672357,540.9393782110656,534.6744829565534,538.7893409263095,1793725
2022-03-15,543.0121918337396,542.5356153223486,540.4971287270623,542.469722111628,94207
2022-03-16,540.9416885360902,540.615157781005,539.9392924044025,540.4012872488414,1336501
2022-03-17,554.1710326461185,556.859274931111,549.0412307576261,553.6174152308877,1018813
2022-03-18,550.0616720325598,552.619855489707,545.0173543293948,549.5121598726872,1961923
2022-03-21,548.835849935624,552.3597227252096,546.7942725184741,548.2875623732508,1371806
2022-03-22,540.3112612911478,543.1621656715182,537.7889586801685,539.7714898013465,1205818
2022-03-23,560.2435151412164,565.4003152079946,557.8458812727297,559.6838313099066,1522150
2022-03-24,563.1755841393999,563.6663086859779,556.1952755591467,562.6129711682318,1157910
2022-03-25,575.4409076807876,578.1059154635672,573.7531891068969,574.8660416391485,1886538
2022-03-28,572.2932077908133,576.0986446851508,568.9702052761003,571.7214863045089,1927031
2022-03-29,578.4154520475684,581.3811810362247,577.4867065703894,577.8376144331353,470006
2022-03-30,569.0712307163745,569.7931687604821,567.1933667406522,568.5027279883863,1307306
2022-03-31,563.1517337059694,563.3352558469413,558.7469334824733,562.589144561408,274110
2022-04-01,560.3814434104092,560.5178749936456,558.8319523015435,559.8216217886206,1806082
2022-04-04,551.845728736928,552.3623142309131,548.9818587522261,551.2944343026254,509717
2022-04-05,559.063505574728,558.5526333810931,556.6809179400288,558.5050005741539,186302
2022-04-06,567.4492932470619,567.1797212680905,565.0265301142358,566.8824108362257,1043717
2022-04-07,579.4224817451527,580.8660289031238,574.4074107535852,578.8436381070458,707485
2022-04-08,570.3536363183881,573.074209400197,567.9157302276516,569.7838524659222,1690282
2022-04-11,564.7155151262632,566.8697277312691,563.2150737619138,564.1513637625008,800394
2022-04-12,564.4378427476128,568.0489048005072,561.3290369232832,563.873968778834,1872296
2022-04-13,571.021515383404,570.7498576424215,569.9406371895412,570.4510643190849,469785
2022-04-14,558.5605774435425,559.0396756234948,556.4423386347504,558.0025748686738,191686
2022-04-15,556.0568830021447,560.4793715971512,552.2288329402579,555.5013816205242,1235946
2022-04-18,566.1663619668091,570.1062114106769,561.1514573795894,565.6007612056035,1151415
2022-04-19,567.246266480012,569.1826378326865,565.9550809834049,566.6795868931189,1837073
2022-04-20,566.2693267278343,567.2794436034654,561.6408830948839,565.7036231047296,580712
2022-04-21,555.1891364386266,554.9579137316924,553.5007712922321,554.63450193669,1257187
2022-04-22,552.0207557541727,552.1332911891496,550.0168881783223,551.469286467705,521394
2022-04-25,558.7903892461978,561.4689945968744,556.2264955935398,558.2321570891088,1890020
2022-04-26,568.7803095353304,574.2524457752664,564.7466505721309,568.2120974378926,109911
2022-04-27,552.1277279672512,553.0026979025182,550.1361662072162,551.5761518154358,1176534
2022-04-28,555.9907800445299,555.9602072196298,551.2409408637191,555.4353446998301,1690022
2022-04-29,552.4378853166298,558.8077738610035,546.2754910294271,551.8859993173126,1416251
2022-05-02,543.4011995252862,546.6223745091602,537.9694318941202,542.8583411841022,1206844
2022-05-03,560.8494649563384,562.0075733228908,560.1324544615371,560.2891757805579,1628873
2022-05-04,567.3307076142834,568.178817303831,566.5258151867752,566.7639436706128,1024752
2022-05-05,556.5609436309038,559.816855230557,555.2944963612541,556.0049386922117,1590315
2022-05-06,546.5679837993802,550.3029537606931,545.5185175385958,546.0219618375427,396113
2022-05-09,548.176859929843,548.2997608503605,546.9600739736275,547.6292306991439,839333
2022-05-10,533.915145730703,536.1364004204936,532.9509234883973,533.3817639667363,87176
2022-05-11,531.8793175411157,533.9357010416797,525.8683812101349,531.3479695715442,1096572
2022-05-12,536.3714775974419,536.1599791344139,534.6916205346475,535.8356419554865,943658
2022-05-13,523.8454432385327,524.331717626241,521.8511132738818,523.3221211174153,850910
2022-05-16,525.2809783219716,526.9103514514534,522.2611037415644,524.7562220998718,228976
2022-05-17,529.0831449370444,529.4105701252528,526.2714690427555,528.5545903466978,219241
2022-05-18,522.8365741300383,523.8841356596075,521.0742167345368,522.3142598701683,1773924
2022-05-19,526.0539045647115,525.9466618927262,524.9313446385717,525.528376188523,1510976
2022-05-20,531.9222873309925,531.8303242577508,531.3310562308341,531.390896434558,1782815
2022-05-23,535.6630634031701,537.8259763899538,530.2164903457749,535.1279354677024,523349
2022-05-24,529.1745529426848,529.1173739172744,526.1332589772179,528.6459070356492,1944857
2022-05-25,536.8322685383472,536.8529132944707,534.2547600449658,536.2959725657814,1552651
2022-05-26,533.5137980922476,533.9434747560954,529.4536074253115,532.9808172749727,539628
2022-05-27,535.2103229306708,542.1859388646859,531.9520264283235,534.6756472833875,783954
2022-05-30,535.5467914024779,535.9786255566768,532.3034274149627,535.0117796228551,1418838
2022-05-31,535.2576178079163,536.1459155999693,534.715764338382,534.7228949130033,531135
2022-06-01,516.2156241193065,519.4475280698069,512.4680851818283,515.6999241951115,104156
2022-06-02,525.346248219953,525.1096792422205,523.4327448789055,524.82142679316,860008
2022-06-03,529.4860390476786,531.9943220332531,528.2083181754502,528.9570819657129,511880
2022-06-06,530.4122132344918,531.2271888083282,527.3443805728728,529.8823309035882,881373
2022-06-07,535.8161363337925,537.4436513242345,532.0957596919009,535.2808554783143,152636
2022-06-08,531.6281174595977,535.8589629750973,526.2599885886955,531.0970204391585,450588
2022-06-09,529.9982802445694,530.0787400457392,527.9338888909384,529.4688114331364,716869
2022-06-10,534.410269957241,535.6666235170039,531.3067668456562,533.8763935636773,1574843
2022-06-13,514.0302302997496,514.126136908281,512.492664760965,513.5167135861635,736193
2022-06-14,507.10884336714855,507.5820379882115,505.56059172460175,506.6022411260226,933131
2022-06-15,501.5772072317323,501.43267577638767,499.7100308811568,501.0761311006317,373171
2022-06-16,498.6575110869271,500.75120858988043,496.5335909346231,498.159351735192,1349037
2022-06-17,493.71354668950295,493.8696486667161,490.302768115802,493.22032636313986,1393902
2022-06-20,486.7588559356063,487.0610011844425,485.10300486984266,486.27258335225406,973182
2022-06-21,488.5478078085982,489.07999435570207,482.4512933251562,488.0597480605377,848971
2022-06-22,494.94189440960514,495.7891241347459,493.50945879824917,494.4474469626426,715760
2022-06-23,498.56989874670853,498.74753179240054,496.2600609802039,498.0718269197888,1011213
2022-06-24,507.16742498768946,509.16941579119356,502.2692283055749,506.66076422346606,1223571
2022-06-27,511.40256651084866,514.3554666953193,510.76380063418065,510.8916748360127,1665762
2022-06-28,524.2853802530962,525.9257139951745,521.5648200382725,523.7616186344618,1835949
2022-06-29,538.4916918984425,540.0022102538686,537.5048932787895,537.9537381602822,1726340
2022-06-30,533.8911353617649,533.402712682655,527.6926982805697,533.3577775841808,567822
2022-07-01,526.0475711505392,531.2789545074938,524.4359538671248,525.5220491014378,1383061
2022-07-04,520.3139479060425,522.6747617062854,519.3778145363128,519.7941537522902,1473662
2022-07-05,516.8671254016118,517.5319778248075,516.1504550537616,516.3507746269848,1108030
2022-07-06,523.1406789031519,523.4686668482603,520.4552007792602,522.6180608423097,61025
2022-07-07,527.6156533075817,529.6271977102521,524.7057796701812,527.0885647428389,1018375
2022-07-08,529.3086283548542,531.4477672082998,526.5842496495559,528.779848506348,1738358
2022-07-11,522.8587238333504,522.4261947243762,520.9881789569553,522.3363874459045,1281332
2022-07-12,518.771301372114,520.3704570205081,517.3032060657221,518.2530483237903,1406611
2022-07-13,516.7026401448077,517.111759262059,512.8453404613464,516.1864536911166,1117909
2022-07-14,518.431674109628,524.9274405300528,516.904004063104,517.9137603492788,958172
2022-07-15,490.92494843346213,493.2872304038854,488.95875301783695,490.43451391954267,1826764
2022-07-18,492.81728298209174,493.3891176260576,490.5563827452166,492.3249580240677,501961
2022-07-19,496.8002477179639,497.95231060825745,494.32267961091827,496.30394377418975,1767801
2022-07-20,490.2802962736793,490.06476500801546,489.6345303468646,489.79050576791144,1528685
2022-07-21,502.206926452313,502.2683193955366,501.105142126823,501.70522123108196,1936942
2022-07-22,508.7000152435543,510.31425768687495,506.5382440674832,508.1918234201342,481136
2022-07-25,514.6414258292266,516.2662614345796,513.0624874009986,514.127298530696,1860544
2022-07-26,500.1108947762221,501.8777762170884,495.9750753086557,499.6112834927294,632022
2022-07-27,506.7846048256088,509.6573299065619,503.3120423788835,506.27832649910977,1414659
2022-07-28,507.88981093174147,509.3410503221542,506.05592255581854,507.38242850323826,476924
2022-07-29,509.38167396375786,510.1457060715562,507.5272324659576,508.8728011625953,169684
2022-08-01,488.7146430027596,489.3501012358521,487.5149799845764,488.22641658617346,115347
2022-08-02,475.2186594963267,475.00680955152734,473.63691943617727,474.74391558074603,1852324
2022-08-03,472.4352091420071,473.1389361327721,470.06646763709927,471.96324589611106,806595
2022-08-04,461.1167824460206,466.28904832465076,460.4906122154077,460.65612631970095,1123161
2022-08-05,471.42183574166353,473.5573379265038,469.24794972289675,470.9508848568068,1016107
2022-08-08,461.9133157037075,461.7230572323116,460.50835783964357,461.45186383986766,1318630
2022-08-09,467.66439755007,469.268236453042,467.08678642361053,467.19720034972033,1161102
2022-08-10,470.40183473480243,473.4031284211375,469.1860373060767,469.9319028319705,155713
2022-08-11,493.41111496159897,497.3215582536596,490.702936802227,492.9181967648342,1852671
2022-08-12,493.6205086912913,494.861332547337,491.5003791918778,493.1273813099814,1231240
2022-08-15,506.221500911505,506.0471723363286,501.1777048317315,505.7157851263787,336842
2022-08-16,502.10937603390954,502.75995145229365,499.85361510692763,501.6077682656439,998209
2022-08-17,491.8567939345197,493.2294304425294,489.55637304102333,491.36542850601376,1158515
2022-08-18,494.70414656662473,494.9453335255565,492.2150362296733,494.2099366299948,117981
2022-08-19,505.5701684209015,505.5076715459273,504.10837344885016,505.065103317584,943617
2022-08-22,500.5985261289728,502.2966764991919,497.1627051182252,500.0984277012716,282605
2022-08-23,509.53488005026395,512.6858860543263,507.2916428194325,509.02585419606794,119918
2022-08-24,514.5733212775623,514.2513010557132,511.868698625051,514.0592620155468,1428966
2022-08-25,514.5372801031697,516.4599516449719,513.4715297343139,514.0232568463234,1229799
2022-08-26,516.2557696300727,519.5406133510699,514.6128881502432,515.7400296004722,1557029
2022-08-29,517.3430884738018,521.427315369147,511.64420555406207,516.8262622115902,223017
2022-08-30,511.7049403664903,512.2716825826487,508.7349212971359,511.19374661987047,950443
2022-08-31,512.8859434391248,514.0681432874171,511.11189941947976,512.3735698692557,1487595
2022-09-01,516.5308870244157,517.7619357022128,514.2194277975847,516.0148721522635,462310
2022-09-02,509.7531740174184,511.8418078281879,504.5914048385464,509.24393008733114,1429414
2022-09-05,486.3276927882233,488.1458230448362,481.5374993691464,485.8418509372861,340061
2022-09-06,491.68882341628216,492.1342131550407,489.3840325334112,491.1976257904917,1495990
2022-09-07,485.7123111798919,486.01167850992664,482.19613755738806,485.22708409579616,1439326
2022-09-08,490.34676889341347,492.33868490024076,488.84750905159206,489.85691198143206,625816
2022-09-09,482.874520387341,486.1590514768282,475.9292437058969,482.39212825908197,551558
2022-09-12,486.0310088392498,485.76592257000976,482.74558375750007,485.54546337587396,1764246
2022-09-13,483.97299314434906,483.7624773377272,482.65803586175343,483.4895036407084,1188550
2022-09-14,481.1337261758224,483.36369820011527,478.25330647332345,480.65307310271976,60652
2022-09-15,480.58759047252823,483.1868422984962,475.5757171771391,480.10748298953877,1160859
2022-09-16,483.4833501357132,486.1711545931076,481.3138443334919,483.0003497859273,1761467
2022-09-19,468.48553695702657,469.6251759800246,464.91245515736756,468.01751943758904,414114
2022-09-20,478.59326826652773,479.4547796832698,477.90196019801664,478.11515311341435,1166819
2022-09-21,487.00234987434635,486.73773973935675,485.75825686066,486.5158340403061,1804551
2022-09-22,489.6526245263912,492.6052104594282,488.4390115296275,489.1634610653259,1572384
2022-09-23,475.4961218714006,476.79047103785973,474.27788810994895,475.02110077063,951152
2022-09-26,482.4249573849964,483.4771767880762,478.1786168154099,481.9430143706258,683303
2022-09-27,482.34263473742993,481.86381584299755,481.4867588696778,481.8607739634665,612252
2022-09-28,496.14774615288155,496.053163731522,492.7250724521292,495.6520940588228,974524
2022-09-29,492.02094173934427,494.0475727474361,490.9010590205424,491.5294123270173,1836163
2022-09-30,490.2579627971115,490.97572048696736,483.481114339614,489.768194602509,305863
2022-10-03,498.6227578118597,500.757067453572,494.7649296177485,498.12463317868105,1714792
2022-10-04,479.7663876529303,479.4401230856494,475.6029439211074,479.287100552378,220576
2022-10-05,476.35624860728115,477.92789431427616,473.09823686278344,475.8803682390421,751108
2022-10-06,474.7762023977177,478.3623864483746,473.3521755165088,474.3019004972206,275076
2022-10-07,455.38503231725605,458.74102870513667,452.81750555377215,454.9301022150411,1119590
2022-10-10,447.7207212946513,450.28456262609643,446.3246853192921,447.2734478468045,727613
2022-10-11,449.46274056899614,451.5303021813161,446.5652608207616,449.013726842154,1772081
2022-10-12,452.0268492921018,457.0438093529342,448.7673951492298,451.5752740180838,1454853
2022-10-13,465.0709489637123,464.88363405886764,463.8066313387755,464.60634262109124,1015163
2022-10-14,472.75435860172877,474.94602726739106,470.89794604399776,472.2820765252036,1118850
2022-10-17,461.5335073903896,464.60953254199563,459.818360666727,461.07243495543423,373427
2022-10-18,467.8361618458119,469.8703101098457,466.37109028564277,467.3687930527592,314142
2022-10-19,470.91746767446887,471.288983558476,466.69221578023235,470.4470206538151,591693
2022-10-20,471.72358281470923,472.2602268682393,466.17295530395705,471.25233048422507,972132
2022-10-21,462.1919718728751,462.08736903902593,459.5793842086637,461.7302416312439,1869438
2022-10-24,477.2806371527571,478.3519284679295,475.80040780241615,476.80383331943773,1804017
2022-10-25,491.9647099736835,491.7993859107412,490.6041796455298,491.4732367369466,1821636
2022-10-26,494.50606955287736,494.3290837344326,491.89403430763014,494.012057495382,218195
2022-10-27,487.3591978062948,487.4914093444627,484.8337917939809,486.872325480814,818944
2022-10-28,477.5300513556095,477.4522550766464,475.07524632460894,477.0529983572523,1696024
2022-10-31,468.059188915194,468.4209772054492,464.06227430947854,467.59159731787616,1412919
2022-11-01,475.3403369047692,477.28565533571276,474.7760246976297,474.86547143333587,1236997
2022-11-02,461.0459092860306,462.6404920648605,459.83897440763076,460.5853239620686,1151176
2022-11-03,470.2657217724759,470.55170645023594,469.77648336022065,469.7959258466293,1345928
2022-11-04,468.78347718918246,470.5116752964177,467.1705026636415,468.31516202715534,1215577
2022-11-07,471.664189890624,471.54276049825927,469.6055354034065,471.1929968937303,1813516
2022-11-08,477.9534359369416,477.5893125296447,477.30280534850345,477.4759599769647,102869
2022-11-09,498.0636850153154,502.30640804326674,496.92866553202515,497.566118896419,663438
2022-11-10,504.52750839527215,506.9858693575026,501.9687415491788,504.02348491036184,896389
2022-11-11,503.014609128527,508.42513937761026,502.258696532226,502.51209703149556,932664
2022-11-14,506.32868381091055,510.699197970642,505.3394364797625,505.82286094996067,1083901
2022-11-15,507.5615325502912,507.7816388550327,505.3777522746346,507.054478072219,1444044
2022-11-16,507.88185062329165,509.02112973867366,506.45969443389527,507.37447614714455,578916
2022-11-17,508.812386657391,508.91415080028753,505.34894297032906,508.3040825748163,1905155
2022-11-18,499.8914157502471,501.7017674390493,497.59960601271473,499.3920237265207,760105
2022-11-21,502.6785203244454,510.6866220211927,501.62600275847603,502.176343980465,1406772
2022-11-22,490.68350527410485,490.4379607731036,487.4647495155006,490.19331196214273,468503
2022-11-23,500.47700729550166,503.146779048907,499.8144004496143,499.97703026523646,1642672
2022-11-24,497.1774079056369,496.92930468219475,494.00611781734847,496.68072717845854,1317172
2022-11-25,486.97646826340053,487.41879419964084,486.3275437477486,486.48997828511546,451782
2022-11-28,492.63931661228884,492.5872085320736,488.80105591306796,492.14716944284606,567408
2022-11-29,498.5689332291987,502.12535998518064,496.8830546620183,498.07086236683193,52319
2022-11-30,499.54142502582084,501.558711595094,498.1626245480855,499.04238264317775,1267611
2022-12-01,486.2728369395755,486.34843431923434,482.8456858262742,485.7870498896859,1607380
2022-12-02,475.1498508679024,475.93845553242124,474.48417771997174,474.67517569221025,518014
2022-12-05,479.71837314334084,479.42524498890714,479.0259066103089,479.23913400933156,1564118
2022-12-06,498.8292741008159,503.36216010595314,495.55458509751816,498.3309431576583,202179
2022-12-07,501.13612000297377,501.96317126302245,499.98374824720656,500.63548451845537,1659375
2022-12-08,503.78713887045046,504.52349548988076,501.6885516916868,503.2838550154351,985497
2022-12-09,509.05202005662454,508.6411777270633,507.99408185151873,508.54347658004457,1410834
2022-12-12,501.3427276459081,502.7537572873087,497.5814041835181,500.841885760148,1613742
2022-12-13,511.21695178626135,511.89201124293595,510.5340360604221,510.70624554072066,1059029
2022-12-14,505.6443962491234,508.0385330312408,500.54819368095144,505.1392569921313,1269677
2022-12-15,506.08229497223033,505.7392817959926,503.3089039332422,505.5767182539764,1107065
2022-12-16,498.9171975474852,503.68959120541825,498.2347823301759,498.41877876871655,1512330
2022-12-19,488.362123476164,489.64212978013353,484.3484464112576,487.87424922693714,933643
2022-12-20,481.83100305935136,486.17730607206994,480.3459219915967,481.34965340594545,1938123
2022-12-21,474.01871701739714,474.74210297310304,471.7366921582722,473.54517184555164,127725
2022-12-22,470.7345617356666,470.83463109529293,469.6779746001946,470.2642974382284,993279
2022-12-23,483.59984698894436,487.5994057677659,481.9859585042903,483.1167302586857,1902140
2022-12-26,486.19446251670445,486.9730452008306,484.64692985916724,485.70875376294157,1836162
2022-12-27,481.46726949119096,482.93002186139466,475.5405177999409,480.98628320798304,949725
2022-12-28,485.0538304548458,486.6484571476816,482.4247879623882,484.5692611936522,170458
2022-12-29,480.2649374276483,481.4372911056646,477.6011708929671,479.785152275373,244737
2022-12-30,489.9162353495836,490.918632569486,485.47759512697917,489.4268085410426,1092498
2023-01-02,496.87655161470127,499.0540423554486,494.70007160143643,496.38017144325806,470524
2023-01-03,493.8743563717992,494.43624044741375,492.9919007376803,493.38097539640285,655589
2023-01-04,493.5909904068898,497.452686973653,491.88400556389183,493.0978925143755,1948323
2023-01-05,494.36504796256276,494.3294877475764,491.95632477104306,493.87117678577704,547853
2023-01-06,485.6679011703994,487.5677902438187,484.1471235403832,485.1827184519475,1153148
2023-01-09,475.96615219219893,480.67806931045425,473.04220796302513,475.4906615306683,1989858
2023-01-10,474.9651680572879,475.58925216835473,471.98024347640836,474.49067737990805,1153021
2023-01-11,467.5736437702202,468.1266906989394,466.42776011220724,467.10653723298725,619203
2023-01-12,467.50383964067987,467.1833111036253,465.89875109793826,467.03680283784206,761696
2023-01-13,474.64111193454147,474.61231649835537,470.94750606392444,474.16694498955195,810578
2023-01-16,472.9449822297056,473.33076447254115,472.29703865508594,472.4725097199857,829336
2023-01-17,477.97465485344713,477.53150060503646,475.4566892023551,477.4971576957514,370010
2023-01-18,492.9313540933516,492.6181391032241,489.24711016362625,492.4389151781735,1723603
2023-01-19,489.36174788079285,490.75337991620614,487.86160236102234,488.87287500578714,520391
2023-01-20,501.91367942621605,504.59884576706514,499.45489298523444,501.412267159057,1267116
2023-01-23,494.80627602506985,495.9992048323517,493.7100546676402,494.3119640610089,1980433
2023-01-24,485.01962588679856,485.60483032641196,480.6185875478769,484.53509079600263,534066
2023-01-25,486.75456331554494,489.4860399382365,484.51535539508114,486.2682950205245,230390
2023-01-26,485.58338368280465,486.07491882078233,482.29838569400243,485.0982853974073,1142861
2023-01-27,473.24241760946916,473.71879509129286,471.5716236810252,472.7696479615077,445860
2023-01-30,484.2036734853725,485.6660399327426,481.6603958954706,483.71995353184076,1141976
2023-01-31,491.69994133947813,494.4269282062016,488.26999452236106,491.2087326068713,64311
2023-02-01,483.50358334740145,485.03422512538305,482.6275264335138,483.02056278461686,52485
2023-02-02,482.02728127789277,482.740907928469,478.44337464927605,481.5457355423505,1264845
2023-02-03,481.562659100523,484.0122069784576,481.00610432632976,481.081577523,1300137
2023-02-06,471.26143798343867,473.0776671569512,470.2397173286659,470.7906473361026,127163
2023-02-07,474.1765547589645,475.3221027316491,473.08400346549,473.70285190705755,759193
2023-02-08,463.09317473583735,463.4272709468034,459.28690209524785,462.63054419164575,543963
2023-02-09,449.19345580117886,452.41482143051525,447.05740572544534,448.7447110900888,1889728
2023-02-10,460.80806321128654,461.99274629365055,459.70093065710716,460.3477154957908,1915237
2023-02-13,455.90310390009216,457.95046904079925,453.7285777190626,455.44765624384837,585094
2023-02-14,450.0132252864909,450.29781939269515,448.78577485304993,449.5636616248661,1573471
2023-02-15,448.43194590069413,449.5820374130489,447.15888855567374,447.98396193875544,821644
2023-02-16,442.9506328277928,443.99656863159294,439.49655468149723,442.5081247030897,770974
2023-02-17,459.87840673557184,460.41233389296497,457.6831646864756,459.4189877478241,1550830
2023-02-20,463.8115909786644,467.49638408088305,459.0114598002528,463.3482427359285,905125
2023-02-21,470.8593178742839,472.92098710279606,470.3776689553437,470.3889289453386,1824116
2023-02-22,478.4609407505527,478.65219837255137,476.77247300549107,477.98295779276,1163014
2023-02-23,496.6241510708778,498.57662976078524,492.0791623203207,496.12802304783,1806914
2023-02-24,477.2831630236831,478.38046290174066,475.00597734144446,476.80635666701613,1017826
2023-02-27,484.0414397685967,490.01372365205873,481.0936261567704,483.55788188671005,138104
2023-02-28,485.7726923985118,488.17429767621616,479.1110287661598,485.28740499351835,1505143
2023-03-01,486.69343425996993,487.068878211715,483.64199103952797,486.20722703293706,1899007
2023-03-02,496.95325817241024,500.2908782892604,491.04088679285394,496.45680137103926,456966
2023-03-03,502.65774036553285,505.03923228512014,502.0089786644002,502.1555847807521,244299
2023-03-06,487.5953259264885,490.4596140328315,487.0365947288041,487.10821770877976,1287670
2023-03-07,489.9643917356116,489.53364950249204,487.5933512472614,489.4749168187929,1320891
2023-03-08,488.76181285873605,488.60779332093443,486.60489713801365,488.27353931941667,1318084
2023-03-09,498.58909151792744,499.8906653164412,491.0373199809824,498.09100051741007,320360
2023-03-10,480.51115823671347,481.83624799717524,479.17934631839245,480.0311271096039,764318
2023-03-13,486.14852338496627,489.54655054888616,484.5099423073735,485.6628605244419,1505920
2023-03-14,487.6260824274135,489.31756841047564,484.89432383576855,487.1389434839296,1449997
2023-03-15,493.5111108854908,496.9284076655579,490.99607868458634,493.01809279269816,868434
2023-03-16,497.1587954459359,497.5965988823435,496.2907153569962,496.6621333126233,1197003
2023-03-17,479.08354536526053,481.8182117687521,477.739741805604,478.6049404248358,1509158
2023-03-20,485.1641831278676,486.44620904176344,484.1580411706725,484.6795036242434,1283551
2023-03-21,485.0905670922652,484.61785659803087,483.7984540699961,484.6059611311341,1405512
2023-03-22,478.5652906648864,481.108497256703,473.9004613114187,478.087203461425,57141
2023-03-23,486.75159020059436,486.4041786265535,485.4889258875966,486.2653248757187,63709
2023-03-24,486.6022848606974,493.1808177534111,485.7033479179933,486.11616869200543,1194900
2023-03-27,501.0360717451804,502.1389396934496,499.2844090130356,500.53553620897145,353781
2023-03-28,510.7874157419143,513.0445082866355,508.63363147508505,510.277138603311,1237641
2023-03-29,501.01025404124,504.4124702240559,496.14103852424745,500.5097442969431,354482
2023-03-30,508.1661412770292,508.62672164542846,506.55417860874405,507.65848279423506,1266851
2023-03-31,508.3824320181823,509.21947975808274,507.47334623252874,507.8745574607217,1329898
2023-04-03,508.3750120510657,512.3642246099629,504.57598841391825,507.8671449061596,1258233
2023-04-04,507.27467464607514,507.4276043731932,505.73501309963086,506.76790673933584,697548
2023-04-05,516.6353989851776,516.2054012815644,513.3062697155881,516.1192797054722,599924
2023-04-06,509.55564805573715,510.2101349680187,507.71457765292837,509.04660145428295,1947870
2023-04-07,513.712841353161,520.4535272511752,511.9579712357987,513.1996417114497,760991
2023-04-10,499.99727163764464,502.4313209036789,496.7343378016396,499.49777386378094,1886459
2023-04-11,503.1008465634177,507.3038270385647,502.15415203886545,502.59824831510264,1243487
2023-04-12,492.09993583155267,492.9647718919483,486.68960446714425,491.6083275040487,1005273
2023-04-13,481.26545147724687,484.52295833026034,476.53737551415713,480.7846668104365,777478
2023-04-14,481.10116090302574,482.0045766148302,480.49713911625986,480.6205403626631,1618048
2023-04-17,471.7603779594176,472.3202720800144,470.1792983200997,471.2890888705471,1555602
2023-04-18,481.157267870268,481.8523365647818,478.040425990717,480.67659127898906,1382692
2023-04-19,472.04366565323124,475.05583467428295,469.0114036380132,471.5720935596716,702503
2023-04-20,485.60613205924835,487.9826366497543,484.0401795599353,485.1210110482002,529580
2023-04-21,492.86595971151166,493.0840641002214,491.8251233673951,492.37358612538634,152973
2023-04-24,493.9378459130281,494.8428202297791,488.7915956364776,493.4444015115167,383464
2023-04-25,499.6862245144274,500.16233522462,497.15003969334487,499.18703747695054,1556875
2023-04-26,501.75617201219285,502.51073394615725,499.61308227654973,501.2549170950978,1256891
2023-04-27,522.947999020254,527.5827492196097,521.4627912037457,522.4255734468072,953727
2023-04-28,527.8412440451928,529.431928136905,526.6362365878408,527.3139301150777,823451
2023-05-01,522.6103959287128,524.2237728619245,516.1111757150928,522.0883076210918,894805
2023-05-02,526.4245648320235,526.6437615642942,524.886686686039,525.8986661658578,1556857
2023-05-03,523.525431732663,525.3073116632443,521.576322258521,523.0024293033597,1854542
2023-05-04,523.1489358423726,523.8784137019053,521.5665202565075,522.6263095328397,1280202
2023-05-05,517.9655169016168,521.1038249632788,516.0789429136051,517.448068832784,1152931
2023-05-08,513.3368243542913,514.9542189702453,512.2257420573961,512.8240003539373,1846629
2023-05-09,521.2542174106311,521.7780304742073,516.3059648411687,520.7334839267045,394016
2023-05-10,521.1293905096951,521.5568186550825,516.0717738957866,520.6087817279672,231989
2023-05-11,528.4714906610508,527.9912546675345,527.6517981900128,527.9435471139369,1387935
2023-05-12,525.8796793932706,526.0036165677005,525.3293571241044,525.3543250682025,733205
2023-05-15,525.3290214950707,527.0387317944504,521.270411220788,524.804217277793,910255
2023-05-16,521.216630513845,520.9121826638499,520.2659061419773,520.6959345792658,1636208
2023-05-17,533.3553336039964,534.4731111208114,531.5746843666991,532.8225110929036,1018272
2023-05-18,549.1157851675289,549.8226349312345,548.2476576208422,548.5672179495793,572767
2023-05-19,548.5627908003574,550.5320846386712,542.6646917318473,548.0147760243332,265457
2023-05-22,557.5620713761068,558.6494016685505,555.898519977174,557.005066309797,255671
2023-05-23,543.6899033319584,546.3710516879462,540.5646188953032,543.146756575383,1580074
2023-05-24,531.8002393082867,533.169450697452,529.7871154219725,531.2689703379488,724286
2023-05-25,539.0403604314223,540.7677534647612,537.5710959301558,538.5018585728495,1222159
2023-05-26,522.7607560315804,523.7890581840195,518.7380175788434,522.2385175140664,327280
2023-05-29,548.8729058162115,548.6245409236212,541.7455059083147,548.3245812349766,1341008
2023-05-30,559.032322034974,560.4214825058468,554.7247160989186,558.4738481867872,1270096
2023-05-31,576.5527866494415,579.1012508866836,572.143705484393,575.976809839602,262761
2023-06-01,576.0395575409285,576.808307040031,574.062891703702,575.4640934474811,151013
2023-06-02,562.6259996449654,564.1100196643644,559.8248493150697,562.0639357092563,1222688
2023-06-05,554.176771695195,555.7470942826079,552.1716053095001,553.6231485466485,338575
2023-06-06,545.9875753223823,548.1786178336416,542.8623770428931,545.4421331891932,766255
2023-06-07,554.566740826707,556.0934080504692,550.8896796219756,554.0127280986085,472171
2023-06-08,544.7742420879381,547.4493270190734,544.1879734826083,544.2300120758623,1073323
2023-06-09,537.3182133029605,537.1653134213155,534.5545832822506,536.7814318710895,1765520
2023-06-12,552.6462734779419,557.5066526914069,547.5936012389952,552.0941792986433,1707302
2023-06-13,541.1190133648198,541.3695353808506,533.7067649036735,540.57843492989,788623
2023-06-14,535.420221819802,535.3234621139854,533.6489399834438,534.8853364833187,257525
2023-06-15,548.8043861724104,550.2313722340282,546.1508509790215,548.2561300423681,1462067
2023-06-16,573.6089876569409,576.3988503218875,568.4686949853459,573.0359517052358,1579051
2023-06-19,557.2651732035172,559.7087144699419,553.7895178811217,556.7084647387785,1233538
2023-06-20,533.7050489936045,533.4619189764396,532.0333592009828,533.1718771164881,1367150
2023-06-21,527.4792726937158,529.2116093488567,522.8764218686202,526.9523203733424,483342
2023-06-22,529.858979903621,530.128519045621,528.042909473982,529.3296502533677,1618978
2023-06-23,529.8575257186935,531.027447932199,527.4876213040374,529.3281975211725,216580
2023-06-26,524.9974104101033,528.858900219197,523.8145197768829,524.4729374726307,54445
2023-06-27,513.3605028131485,516.957466842635,512.5251345423101,512.8476551579906,245949
2023-06-28,521.5087166048675,524.2626065947779,517.3742316097776,520.9877288759915,442267
2023-06-29,517.1311781618958,520.0455948689129,516.4278883909199,516.6145635982975,1683942
2023-06-30,511.49937618804984,512.805107685561,509.58899011443134,510.98838780024965,1702359
2023-07-03,512.2840836977647,514.7410722536009,508.7864187386789,511.77231138637836,722352
2023-07-04,525.9903282631691,529.996055447578,525.4484603328169,525.4648633997693,333227
2023-07-05,528.1014266148416,529.878454725372,524.4828900662319,527.5738527620796,1045306
2023-07-06,552.9699659740246,554.0554360034487,551.4515164794334,552.4175484255991,1029257
2023-07-07,550.2767513162418,551.7803204732279,548.2117366169732,549.7270242919499,498103
2023-07-10,556.7788593871581,559.7495402904294,554.9840285603683,556.2226367504078,1094177
2023-07-11,535.9321794629655,536.2106708832356,532.5092916291886,535.3967826802852,56544
2023-07-12,530.1672798455777,532.947679378075,528.4710404841555,529.6376422033744,315153
2023-07-13,530.4015158735037,530.1680936847413,529.0005062098737,529.8716442292746,1158820
2023-07-14,524.2257774743459,526.3347475977686,521.6285989015752,523.702075398947,199788
2023-07-17,517.3567321395989,519.4657136437406,512.1366412043122,516.8398922473516,1124142
2023-07-18,512.663542984458,515.4272004012718,509.64252863659607,512.1513915928651,261663
2023-07-19,504.20270746007594,503.71515091831617,502.4298699123814,503.69900845162437,1325107
2023-07-20,499.79991943703567,499.5983120905295,497.369309287155,499.3006188182175,357842
2023-07-21,500.94826279634674,502.4128460112667,499.3394319110398,500.4478149813654,215384
2023-07-24,504.7663412387714,508.5582260704104,502.6169399953379,504.26207915961186,110694
2023-07-25,495.4989281064272,498.0697051580112,492.12574936937574,495.003924182245,1674098
2023-07-26,494.13177345860964,496.2938834480575,491.54239343446136,493.6381353232864,674938
2023-07-27,487.4745810656552,491.97027225256403,481.68250380175715,486.98759347218305,1258156
2023-07-28,495.9079486400699,497.58721526137964,489.49360034662436,495.412536103966,1835059
2023-07-31,511.8520635760724,512.8371319768345,507.5582388443983,511.34072285321923,709536
2023-08-01,514.1633410137359,513.8265885491332,511.3474376838136,513.6496913224136,854937
2023-08-02,518.5288036843457,518.9544341302501,517.7374365210576,518.0107928914543,1362409
2023-08-03,516.5639574453077,519.3097668537176,513.5112576111064,516.047909535772,615945
2023-08-04,521.6569966697024,525.3016185220589,515.922445470315,521.1358608088935,1689376
2023-08-07,520.2623394423462,521.0564577342157,516.932057630848,519.7425968455008,365037
2023-08-08,508.9778419765607,511.9835891946815,507.8174287668066,508.4693726039568,252838
2023-08-09,520.8939768292722,521.1843624101264,518.2319218818342,520.3736032260463,653843
2023-08-10,542.4881971239872,547.0552837113203,541.7034626916372,541.9462508731142,125767
2023-08-11,549.2071797918138,551.5364931608932,546.2734377872341,548.6585212705434,1182445
2023-08-14,549.7940257215349,550.5284827334875,546.8797010850328,549.2447809405944,1943257
2023-08-15,555.1262836558506,556.2549404177473,549.6524928039329,554.5717119439067,1437278
2023-08-16,572.5316893400872,573.1293473781074,569.3928159010104,571.9597296104768,1533457
2023-08-17,568.41512308142,568.7430974993135,567.4841244679816,567.8472758056145,1833066
2023-08-18,576.6349766223144,578.3131293543653,575.8129563852711,576.0589177046098,1807160
2023-08-21,579.1627695749331,580.8099387504975,576.3507624208921,578.5841853895437,1666256
2023-08-22,557.2382722730565,557.1197510851667,555.7583998051148,556.6815906823742,1470804
2023-08-23,554.350659136791,557.2034948460783,551.1439349178037,553.7968622745166,1542931
2023-08-24,560.709857951138,566.9284147019113,559.6902941403838,560.1497082428951,265282
2023-08-25,565.0026667380804,567.7589990215375,561.5293328912562,564.4382285095709,939719
2023-08-28,564.5340412986565,564.3461083207717,562.579958180921,563.9700712274291,1938561
2023-08-29,552.570173303077,553.6743646008963,550.7306129707011,552.0181551479292,1250187
2023-08-30,555.8108420213368,555.7009501543541,554.2601369166998,555.2555864349019,1760662
2023-08-31,558.3192077664417,559.8196936617243,557.653686782831,557.7614463201215,99763
2023-09-01,564.5250764591524,566.3935592533402,562.4525569702785,563.9611153438086,314832
2023-09-04,583.4945805381707,583.0021009790598,579.117303492706,582.9116688693015,586378
2023-09-05,584.7530580650822,585.7345201469603,580.5604980760882,584.1688891759063,1325727
2023-09-06,597.1238893187436,600.2145567957721,591.702931049397,596.5273619567869,1597027
2023-09-07,603.2094008176913,609.9741247908983,600.2540978571791,602.6067940236677,1307753
2023-09-08,634.0804210033352,637.9103215017842,630.37225135356,633.446974029306,781508
2023-09-11,640.7817055013071,644.6736559478651,639.7689651275624,640.1415639373698,81644
2023-09-12,672.2714910630932,675.6232702343378,666.9966955745442,671.5998911719214,1330807
2023-09-13,661.1977495395683,663.1647391280993,655.3728647647079,660.5372123272411,821226
2023-09-14,647.7522854384775,651.0825957415096,642.1263949520498,647.1051802582194,1884196
2023-09-15,654.4014490470853,661.4121408071602,649.3829259937283,653.7477013457396,868064
2023-09-18,653.819876665721,653.4974069408117,647.7295796199,653.1667099557653,913802
2023-09-19,670.3029380360667,671.9164067877076,665.7623027875029,669.6333047313354,243203
2023-09-20,681.2159170614237,681.5832817056778,674.0471390336803,680.5353816797441,1498027
2023-09-21,692.532403142861,696.1591991514891,689.840785633076,691.8405625802808,506058
2023-09-22,683.9984321092957,685.1605204431891,680.584493840981,683.3151169923034,545730
2023-09-25,684.8968607500268,689.8575142483206,681.5852640075865,684.212648101925,564555
2023-09-26,696.6554133481698,696.6382477218749,694.689062970172,695.9594538942756,1282306
2023-09-27,690.8780150961949,693.4413739211724,688.349465287461,690.1878272689261,259415
2023-09-28,692.4060721600873,694.7860040494546,688.2451122212827,691.7143578022851,1747990
2023-09-29,708.9530165034371,709.3218917278379,706.5207261583706,708.2447717317054,183410
2023-10-02,709.873341035109,715.8697631559386,705.6047490447407,709.1641768582508,729276
2023-10-03,714.381732431827,716.7693930493571,709.5048126441083,713.6680643674596,843126
2023-10-04,731.563614827147,734.176337560876,729.7908396499148,730.832782045102,1078965
2023-10-05,739.039596265156,738.9488408184964,736.9643766221398,738.3012949701858,612741
2023-10-06,721.1092383537916,720.768459106574,719.6752152742326,720.3888495042875,1506584
2023-10-09,724.2219892481007,725.8005558698042,722.4682658995849,723.4984907573435,164412
2023-10-10,726.1270534058845,728.2712281251802,721.4471417709399,725.4016517541304,1211086
2023-10-11,732.1548726267688,736.9830651361362,726.9529366514108,731.4234491775912,172820
2023-10-12,763.990158561376,763.3327236503416,760.7673442826956,763.2269316297463,398591
2023-10-13,781.4170194007813,783.1618687146912,778.2346676119073,780.6363830177637,1860353
2023-10-16,785.2104390858165,784.5085260235875,781.7976179084444,784.4260130727438,1935235
2023-10-17,777.5607282972567,779.6791844344878,774.2139177295268,776.7839443529039,1283312
2023-10-18,791.1869888588988,793.4237502943465,789.7965854338302,790.3965922666322,1971312
2023-10-19,795.6498386205286,800.5625475981897,794.6698004230208,794.8549836368918,334389
2023-10-20,816.2342128256183,816.5456391559073,811.3327988989613,815.4187940315868,1476823
2023-10-23,822.7697795793348,829.9335026191,819.0474903151793,821.9478317475873,1159179
2023-10-24,839.4718329051398,843.8771692858455,831.1318242260828,838.6331997054344,1233986
2023-10-25,829.1822702930889,833.1298941354769,820.3214583325729,828.3539163767123,430093
2023-10-26,828.3811297714091,830.3540026506075,826.288222190034,827.553576195214,778031
2023-10-27,831.0025527296824,832.9045786100072,827.8805182546268,830.1723803493331,590228
2023-10-30,820.4964757956438,823.8959991032043,816.0614696077599,819.6767989966473,1101681
2023-10-31,828.0848481358247,829.4705071311537,824.7943654360871,827.2575905452795,702774
2023-11-01,824.2583710143869,824.9218608075795,822.7848432695785,823.4349360783086,754016
2023-11-02,820.6228860777717,820.9997838134925,815.4200017063359,819.803082994777,368474
2023-11-03,812.0624307599039,813.1405192143897,806.5101497943183,811.2511795803237,1737623
2023-11-06,812.4775357204358,819.449279516296,811.3661296844265,811.6658698505853,1243118
2023-11-07,790.2169825680755,795.8447662489443,786.7424854723375,789.4275550130626,793388
2023-11-08,804.6823422502788,805.6266366668601,803.177258543803,803.8784637864924,1139060
2023-11-09,812.3176672679402,819.2368760096955,810.2953775491852,811.5061611068335,1389980
2023-11-10,822.3867140069567,822.2408104141258,813.69170426796,821.5651488580987,1009660
2023-11-13,842.6943533014557,850.933534860732,838.7571614495937,841.8525008006552,1755835
2023-11-14,848.6466093733277,847.8183118425777,847.6753589271633,847.798810562765,761187
2023-11-15,845.8173239641292,845.6981479072493,844.6231137573661,844.9723516125167,192257
2023-11-16,867.8602606486104,870.425335987094,866.2761077550537,866.9932673812292,570033
2023-11-17,863.6309886531127,865.87843040174,858.360420791671,862.7682204326801,860808
2023-11-20,867.8439706856411,867.1421302588046,866.7579303472655,866.9769936919492,764645
2023-11-21,835.7457883866314,837.3606796151606,832.0223578414007,834.9108775091223,202143
2023-11-22,829.1877236347375,831.1094232961447,821.847459767108,828.3593642704672,1379371
2023-11-23,830.4091405720945,831.5594722304268,829.0305723285908,829.5795610110836,322698
2023-11-24,841.7261343392893,845.5456828102766,838.318028748982,840.8852490901992,601385
2023-11-27,851.2179510392501,855.3160273276849,845.7577426311816,850.3675834557944,724047
2023-11-28,867.5472923304309,867.1640825795306,865.4499668333387,866.6806117187123,1068538
2023-11-29,860.3198720235066,861.2320834396863,858.121280948152,859.4604116118948,633244
2023-11-30,853.1008184545619,855.2825804843739,851.8723850056147,852.2485698846773,888537
2023-12-01,857.7777354118812,861.3456958304218,854.6510570838258,856.920814597284,1751211
2023-12-04,846.8890088827502,851.3516905018854,840.6410392956432,846.0429659168335,1827784
2023-12-05,842.1616505668732,843.6429257431375,841.1797336910788,841.3203302366367,1566385
2023-12-06,844.3527361985475,844.6264234848713,842.9629393005005,843.509226971576,1914836
2023-12-07,815.2924764526883,816.990609994185,812.4162794126015,814.4779984542342,313331
2023-12-08,793.1845342505829,792.804614969584,786.1158655123432,792.3921421084746,1296128
2023-12-11,800.1476121448677,801.312490640194,792.8237891765914,799.3482638809868,1338759
2023-12-12,790.8666654270371,790.6110912006568,789.6442349967988,790.076588838199,121734
2023-12-13,802.6004934788623,802.5805729061572,801.3168129624167,801.7986947840783,1890934
2023-12-14,796.5841936076594,797.4855449437756,795.274029483637,795.7884052024569,1779050
2023-12-15,782.694675913989,786.6893987033201,776.4892607981042,781.9127631508383,1171427
2023-12-18,792.32215335706,795.3373490167594,783.0374255614188,791.5306227343257,712889
2023-12-19,789.5422148699204,791.1192332602978,787.1367485758146,788.753461408512,1649812
2023-12-20,795.6574658976099,797.1896684902362,791.1284420634912,794.8626032943157,1537118
2023-12-21,786.8762078834764,796.6306464194622,780.3078788175104,786.0901177657107,1400408
2023-12-22,776.335318834554,777.2552777577463,772.9617410045483,775.5597590754786,1006385
2023-12-25,772.5390604631646,777.2559955208287,770.5151631819925,771.7672931699947,178823
2023-12-26,762.3611262887312,771.9607671469223,760.2341702893374,761.5995267619693,580012
2023-12-27,760.5477314404361,760.447097958978,752.8208789235996,759.7879434969393,1171657
2023-12-28,747.4296738089919,749.8378098126907,740.790603563266,746.6829908181738,607345
2023-12-29,752.7450099348403,760.1488186836099,751.0302350523118,751.9930169179224,943023
2024-01-01,763.9412530071004,768.6143639708487,762.3170339743614,763.1780749321683,69285
2024-01-02,771.0107896703868,772.9068347744951,770.0511485161464,770.2405491212656,603705
2024-01-03,754.0792532338301,756.6586186100701,751.2057274832606,753.3259273065236,1006918
2024-01-04,771.3880182095257,771.5310418811268,769.4269234377311,770.6174008087171,287092
2024-01-05,747.8171979294418,750.8713657365818,745.435882178605,747.0701278016403,795770
2024-01-08,751.2402653668456,754.8762918448091,749.3667705849443,750.4897755912544,573789
2024-01-09,753.2060481079308,755.3145450731134,750.4446621694734,752.4535945134174,355078
2024-01-10,764.1173760335533,764.2376281442597,759.6927799136378,763.3540220115419,905541
2024-01-11,755.4671851820434,755.1569596368711,752.9492842610116,754.7124727093342,1708265
2024-01-12,749.224160390471,748.7926705363595,746.01121583269,748.4756847057653,318808
2024-01-15,765.380344281239,765.2674074859118,762.5957526559382,764.6157285526864,1211847
2024-01-16,781.5747582900814,783.8733423575378,778.1978872065612,780.7939643257557,171962
2024-01-17,767.8897663158466,771.8467286564417,766.2480578529415,767.1226436721745,1532315
2024-01-18,764.6002920882601,764.0478598236248,763.6689797126353,763.8364556326275,1994990
2024-01-19,754.3894207799004,756.9491508302506,748.9848241284163,753.6357849949056,1536256
2024-01-22,719.759879365045,720.1972485909889,714.7883403810292,719.0408385265185,1107161
2024-01-23,734.9471860787239,738.7607812323913,733.7879682323437,734.2129731056184,1426239
2024-01-24,726.8136404620543,730.9062177608952,722.9939427140173,726.0875529091452,1635422
2024-01-25,728.132794114358,728.7774383095149,725.4858258320869,727.4053887256325,1470301
2024-01-26,731.944391441299,731.9138284741721,729.9404650850837,731.2131782630361,911312
2024-01-29,715.534332803742,722.7786703184588,710.008537145441,714.8195132904516,1955757
2024-01-30,727.6786137352407,727.0918251876258,725.2984362642593,726.9516620731675,503533
2024-01-31,719.4892464007619,722.7194837915926,718.3972834164499,718.7704759248371,951974
2024-02-01,701.1855228510938,702.3944108884533,694.4742109690933,700.4850378132805,1455369
2024-02-02,705.9009200610685,706.4265008239128,701.1546730229068,705.1957243367318,1804911
2024-02-05,708.5091757088421,708.7074068454642,705.9088777357301,707.8013743345077,1662083
2024-02-06,702.1157684485798,703.8439253988967,699.3717577612474,701.4143540944855,899746
2024-02-07,701.9145628569711,703.2301785845327,700.098362387941,701.2133495074637,605394
2024-02-08,723.7227055039785,727.9237527140119,721.4716290713512,722.9997057981805,1526321
2024-02-09,733.288101870236,735.1858672593386,729.5823548908236,732.5555463239122,1804259
2024-02-12,733.9347633772762,733.7893545097897,732.6218885571868,733.2015618154609,625831
2024-02-13,729.6894616753868,734.6376517539354,728.5829413130124,728.9605011742127,395957
2024-02-14,754.3176859133172,756.3313731168662,752.1375693934856,753.5641217915257,1684058
2024-02-15,748.957642528976,751.0290794898416,747.5668721293691,748.2094330958802,171818
2024-02-16,723.2207318187546,726.0644981111708,715.9224160091557,722.4982335851696,668891
2024-02-19,739.6188446028384,739.1546429276588,735.1948051103976,738.8799646382002,145047
2024-02-20,733.5309871326442,737.4514840299486,725.1275185540634,732.7981889437006,600317
2024-02-21,705.400556293246,707.6600393638097,701.1346277177195,704.6958604328133,1989800
2024-02-22,688.1390581854645,692.646018792099,685.8994924369729,687.4516065788856,578959
2024-02-23,671.8016216724996,674.678255626537,668.5847145628907,671.1304911813183,1146447
2024-02-26,645.7149193050342,646.3368955949225,640.7947853087209,645.0698494555787,935363
2024-02-27,637.3595709001123,639.4630014685588,634.3405719875818,636.7228480520603,435802
2024-02-28,630.9389696831311,632.162855513626,625.8345050207557,630.308661022109,532389
2024-02-29,649.9010505042875,650.358341011305,644.8392629295595,649.2517987055819,1442554
2024-03-01,649.3123111311611,649.4772856130215,646.140665964091,648.6636474836774,330709
2024-03-04,642.9275175955581,644.399265273819,641.3302139258942,642.285232363195,1845558
2024-03-05,641.3958225959476,645.155720472048,639.9636642800378,640.7550675284192,714063
2024-03-06,644.0450771909843,650.1728251826275,642.9291169038208,643.4016755154689,1451986
2024-03-07,655.9337420910045,659.7470297239068,652.6244886085193,655.2784636273773,1033307
2024-03-08,671.8158558459455,672.4676186602744,669.9821812851656,671.1447111348108,904962
2024-03-11,648.6040066691479,651.6407417964869,645.5126972125603,647.9560506185295,1844667
2024-03-12,631.8107516161895,631.3821918526994,629.7677295742229,631.1795720441454,1801647
2024-03-13,631.998103348989,634.274469120186,628.9251565567887,631.3667366123767,1199243
2024-03-14,654.2256801315528,657.217153714579,653.0863536021643,653.5721080235294,1881213
2024-03-15,648.8229689089306,652.0595795799557,646.1800941671746,648.1747941148159,1104536
2024-03-18,661.916884148003,663.9590073222322,657.8857252752297,661.2556285194836,1479744
2024-03-19,655.6798569767143,661.3724621663567,654.2786900951157,655.0248321445698,1543935
2024-03-20,649.4846983494506,653.2570097873834,646.3458449768996,648.8358624869637,783304
2024-03-21,646.8810627051706,648.418923975229,642.4634857259522,646.2348278772934,785238
2024-03-22,663.4688009234366,668.3402549364495,661.180392539173,662.8059949285081,1346434
2024-03-25,658.1851087463089,659.2293772760138,654.2826074861998,657.5275811651438,195210
2024-03-26,659.5105055866869,662.1325653579148,658.1575606487613,658.8516539327543,1991337
2024-03-27,663.8984626001384,668.4886722627045,659.080309606272,663.2352273727657,280703
2024-03-28,675.3344848058132,680.2602250624815,674.0593074929228,674.6598249808325,1760095
2024-03-29,676.5563114986082,680.0565924485263,674.5495950682723,675.8804310675408,1734609
2024-04-01,687.9248016306436,689.0729165360877,684.5843738926329,687.2375640665771,1571482
2024-04-02,709.4338381733025,709.5584843183733,704.9720983614371,708.7251130602424,336034
2024-04-03,720.1434333229997,722.149835898853,719.0771831103697,719.4240093136862,1192548
2024-04-04,715.8726600538982,721.446883293505,712.6754708027137,715.157502551347,178908
2024-04-05,714.6915481032029,720.1033862388584,708.4386139264709,713.9775705326703,1738042
2024-04-08,718.8764116006549,719.542130438153,716.9563373494136,718.1582533473077,206839
2024-04-09,716.0503964435163,725.0720390062764,713.394249041223,715.3350613821343,304612
2024-04-10,702.2280156072192,702.541914100705,698.3514189355724,701.5264891181012,868971
2024-04-11,691.0152030804186,696.5483953435727,685.2214402968028,690.3248782022165,189393
2024-04-12,684.6751195719536,684.0316976269778,683.8418266988776,683.9911284435102,1235188
2024-04-15,661.0489733142846,663.1352037655253,658.4046599734647,660.3885847295551,627438
2024-04-16,696.2566273945146,701.1004977431372,694.2249571212917,695.5610663281865,237043
2024-04-17,707.6050582617354,707.7819616304986,704.4402988951933,706.8981601016338,1275226
2024-04-18,701.0212904792901,704.8580229238864,689.9101373291835,700.3209695097804,434907
2024-04-19,692.2267172704614,694.2561588231897,688.632254732863,691.5351820883732,885243
2024-04-22,708.1227530584257,710.0870845817611,699.6900383279425,707.4153377207051,1250318
2024-04-23,690.7738045010993,690.6838837741404,689.7458881136223,690.0837207803191,1085057
2024-04-24,678.6312136269881,678.2939525175059,676.5377535646527,677.9532603666216,1260370
2024-04-25,691.9070641771943,694.4049637342729,690.7380675999157,691.2158483288656,306714
2024-04-26,691.5455505068726,692.7702541450006,687.9579020183976,690.8546958110616,89669
2024-04-29,701.8374310907951,705.3858253975981,692.8745139149643,701.1362947959992,1123197
2024-04-30,703.8321811985146,704.3084929510435,700.2026955274397,703.1290521463683,1230546
2024-05-01,704.4550604789085,705.4568182918435,693.1916007791609,703.7513091697389,267837
2024-05-02,696.9141958564877,697.8886061856127,695.3236829741924,696.2179778786092,1197602
2024-05-03,703.5920565221472,704.8814796192854,702.4890284992887,702.8891673547926,443214
2024-05-06,707.2687461478681,706.9403012323946,705.8706619160952,706.5621839639043,1429938
2024-05-07,710.8661277178938,711.8104431443718,709.251025094488,710.1559717461478,1825127
2024-05-08,706.0426456035358,709.3917484369234,697.6965722300881,705.3373082952406,915532
2024-05-09,721.9714621287162,722.29762699402,720.3031184148274,721.2502119167995,750230
2024-05-10,723.5514682552372,723.7822004265363,720.1353447797685,722.8286396156217,889460
2024-05-13,732.0788174769338,732.400234594228,730.4641526434676,731.3474700069269,949594
2024-05-14,717.3450158629363,722.0884908936437,714.7875687951048,716.628387475461,1323279
2024-05-15,696.6264832027597,696.2906718647391,692.7179742254867,695.9305526501097,1043429
2024-05-16,706.4889896337573,706.0632851128852,699.3519270897177,705.7832064273301,1493610
2024-05-17,698.8305843850928,699.1647337119304,693.5512651703194,698.1324519331597,1891715
2024-05-20,688.8836543100642,691.3722765240283,687.7784564981049,688.1954588512131,973559
2024-05-21,694.0552570833499,694.8430424909919,692.3193703730497,693.3618951881618,1075384
2024-05-22,711.3781307596197,714.7975285486569,705.4627194249624,710.6674632963235,581631
2024-05-23,708.4998836700767,711.2430031139933,706.2007384073783,707.7920915784982,665872
2024-05-24,705.4017848351667,706.1932869865662,704.0090098915038,704.6970877474193,1795517
2024-05-27,711.690551766845,715.3739014656746,702.817613561571,710.9795721946505,546757
2024-05-28,719.407501148761,720.6635163450975,714.8278829667034,718.6888123364246,1163597
2024-05-29,720.9416239830675,720.3988292197002,717.2716991930744,720.2214025804872,1238978
2024-05-30,698.1229535621236,700.9592063376027,693.4622808251945,697.4255280340896,1500499
2024-05-31,708.4484755497136,711.3367287660875,702.3085559699601,707.7407348148988,409273
2024-06-03,699.2155316366781,702.9737020659326,697.3659462689513,698.5170146220561,1177817
2024-06-04,726.1727368783097,728.6547250522386,724.6750308755455,725.4472895887211,1045158
2024-06-05,717.8143469629093,717.3061040803676,712.2045100251522,717.0972497131962,1979400
2024-06-06,721.3532559849059,722.3772674196692,715.813990325223,720.6326233615445,511632
2024-06-07,721.3351561484903,721.0679470904961,720.2009575035747,720.6145416068836,430226
2024-06-10,724.6327761141524,725.3720491922563,721.8127797108724,723.9088672469056,1600040
2024-06-11,758.04675712648,758.7241189705602,755.8038399693096,757.2894676588212,1219050
2024-06-12,755.3246572459319,757.0104384799461,749.8195825714843,754.5700871587733,1038655
2024-06-13,770.0113964932256,774.0388235122186,763.6796182177416,769.2421543388867,248939
2024-06-14,770.8826754015485,776.7603724433492,768.1738438312285,770.1125628387098,1453050
2024-06-17,766.7832340305702,768.531869877749,758.2232890166752,766.0172168137565,1180770
2024-06-18,778.1153821830225,780.4396589922844,774.0808955853089,777.3380441388837,712885
2024-06-19,783.6686477494948,783.0347309811449,780.9389779066721,782.8857619875073,701309
2024-06-20,781.9099499092945,783.7804904692863,778.0143112937172,781.1288210882063,1433015
2024-06-21,769.0158003820835,768.8633281883928,766.7271889661637,768.2475528292543,1331686
2024-06-24,775.697395191202,777.3528979394913,769.9178244288969,774.9224727184836,1915392
2024-06-25,824.1542628061586,824.4843139472587,820.3797950843306,823.3309318742844,590074
2024-06-26,823.0422260583175,828.1695653936713,819.3414671174638,822.2200060522654,1287079
2024-06-27,833.3149497981976,837.015241496108,829.3451638379863,832.4824673308668,1154658
2024-06-28,825.4653655376974,825.2153172084428,823.5099443204572,824.6407248128846,987062
2024-07-01,878.0243353847939,879.9484195498198,876.8729870776976,877.1471881965973,1564370
2024-07-02,856.3850414077368,859.1863232809338,851.047298938138,855.5295118958411,1782715
2024-07-03,848.3007646281698,855.8454469476582,844.0383865289992,847.453311316853,437298
2024-07-04,820.4620008230409,821.2390305482012,816.2950074983765,819.6423584645763,364456
2024-07-05,831.6036069517793,834.075896330664,828.0142013184118,830.7728341176617,1531205
2024-07-08,834.8526811679724,841.746184865857,830.9178547673513,834.018662505467,227746
2024-07-09,842.2347788827919,845.6675113911864,839.86220670754,841.3933854972947,85236
2024-07-10,842.988425463147,846.4658291141328,840.5000055508716,842.1462791839631,1660683
2024-07-11,867.6810097855923,871.9865787663476,862.4960063898004,866.8141955900024,1879164
2024-07-12,890.1910420163691,896.4735558343659,881.860738615033,889.3017402760931,647676
2024-07-15,910.02081368838,911.1487356630803,907.4010887318184,909.1117019863938,1074825
2024-07-16,866.8643197471588,869.7795109448355,859.624277969673,865.9983214257331,1438475
2024-07-17,853.5985586475581,859.7597271691451,850.930656029084,852.7458128347234,1955277
2024-07-18,856.2330111206132,855.7111908801236,845.8166754903184,855.3776334871262,583315
2024-07-19,870.9048017632298,871.2476883760042,869.1028094386069,870.0347669962337,978607
2024-07-22,828.7121764229365,836.7212422598482,821.864571065584,827.8842921308058,1745241
2024-07-23,853.4468625836836,859.0604144067302,848.263595316216,852.5942683153683,574579
2024-07-24,859.6331621598517,865.498207724992,856.367779064674,858.7743877720798,1192313
2024-07-25,885.438724928406,889.5705256002885,877.98993428878,884.5541707576485,1383307
2024-07-26,867.7514270776963,871.630149297817,861.1033453906965,866.8845425351612,770621
2024-07-29,856.7023920842767,859.2238621077272,853.5852268943069,855.846545538738,944323
2024-07-30,841.4851783622673,846.69048685932,836.442441006139,840.644533828439,958730
2024-07-31,832.9117532478924,837.7563086362113,827.9302592374559,832.0796735743182,611026
2024-08-01,822.1196359158945,825.6223179262159,817.5971628769375,821.2983375783163,1726475
2024-08-02,797.0691586759273,802.756637896586,795.7592233456046,796.2728857901373,842353
2024-08-05,816.6324497453063,816.9404636116359,812.0792624556558,815.8166331121942,1740559
2024-08-06,825.5003773782078,828.1912387935947,823.985552017207,824.6757016765313,1720163
2024-08-07,814.0805288284251,817.3268370595559,810.6083411132173,813.2672615668583,1113061
2024-08-08,784.6345032531333,788.3820976701659,776.6315823119486,783.8506526005328,457680
2024-08-09,801.8926515685665,801.6942752089763,799.9075920716871,801.0915600085581,428231
2024-08-12,769.577883711155,772.1258790223721,766.3342422614787,768.8090746365185,284485
2024-08-13,754.9043245273433,756.266452790426,751.8718256887894,754.1501743529903,964752
2024-08-14,738.2727245551919,742.2972257898757,727.7512142611887,737.5351893658261,98252
2024-08-15,729.0983401740048,733.0942802856749,727.940838658421,728.369970203801,1550942
2024-08-16,735.8058563544513,737.023049370638,735.0079521859681,735.0707855688825,1416337
2024-08-19,747.8923683909613,752.1740198009135,745.3061155320835,747.1452231677936,489193
2024-08-20,752.7739084135592,752.0361596009,752.0026380441441,752.0218865270323,418765
2024-08-21,737.5236754552167,737.9769069927788,734.4722625679065,736.7868885666501,1813921
2024-08-22,755.5105478954669,761.6465404614903,752.420704567704,754.7557921033635,554166
2024-08-23,772.4304714565932,772.0944446172233,771.5066707418321,771.6588126439493,746887
2024-08-26,784.0148115041507,786.4490452214619,779.6858311049676,783.2315799242265,1484769
2024-08-27,818.3277978730424,822.5728051597505,811.8976409485861,817.510287585457,714238
2024-08-28,803.166653983334,804.4793437054755,801.5028411831676,802.3642896936404,102914
2024-08-29,792.6605019820212,799.414151762783,791.6203141263449,791.8686333486726,1073439
2024-08-30,782.054190790517,784.9885564166494,779.252234795242,781.2729178726445,1676012
2024-09-02,773.8659919831563,777.6091012801386,770.9207443315081,773.0928990840723,165508
2024-09-03,783.5048164987641,783.438327854748,782.0519161236352,782.7220944043598,830298
2024-09-04,787.0327861878974,791.7341100003466,782.5728638742014,786.2465396482493,1001664
2024-09-05,781.8521197858962,781.525623858263,779.4301362130329,781.0710487371591,1515680
2024-09-06,798.7811098008278,798.0023371713769,794.8635165165647,797.9831266741538,1063786
2024-09-09,798.1574843053688,800.5994002958586,790.8472458101371,797.3601241811878,1669927
2024-09-10,790.615827673809,794.018128435876,788.6013467535628,789.826001672137,1270155
2024-09-11,782.1375735341212,787.6286912480704,779.7908444934177,781.3562173168045,734591
2024-09-12,764.164947132752,764.3602618573719,760.5392890717686,763.401545587165,1932364
2024-09-13,761.4549031758906,766.0318311513645,755.1592063749358,760.6942089669238,1530007
2024-09-16,749.9474585993711,752.1835707517183,747.0080110092096,749.1982603390321,217010
2024-09-17,748.8611795054949,749.6962160116741,747.1184916662106,748.113066439056,1214897
2024-09-18,754.3651149382587,755.2550548674225,752.3523701034524,753.6115034348239,188364
2024-09-19,761.0684409514311,763.5343999933339,757.216950734753,760.3081328186125,695027
2024-09-20,755.2265243917541,762.0814636365664,753.9498402584429,754.4720523394147,582624
2024-09-23,781.5679205142173,782.3342516966305,776.620405482079,780.7871333808366,1633672
2024-09-24,765.655050176873,766.4607826247128,762.7600906997195,764.8901600168563,563769
2024-09-25,775.8394279093528,775.9491162010077,773.6704906611029,775.064363545807,808738
2024-09-26,776.5765493090245,779.3520198013966,773.7617069558327,775.8007485604641,645912
2024-09-27,780.9385297759346,788.1233514096613,776.5026261501371,780.1583714045302,240728
2024-09-30,771.7047531452353,775.6256205614583,768.5979215403474,770.9338193259094,544375
2024-10-01,761.163262357871,764.2955133925271,756.8539927805256,760.4028594983727,819041
2024-10-02,770.2947893162786,773.5981158463353,769.3584918936916,769.5252640522265,1550834
2024-10-03,746.5772920414352,746.4930225036447,741.1133173963019,745.8314605808544,447556
2024-10-04,748.7088479017224,752.572171657985,743.9329835423102,747.9608870147077,202063
2024-10-07,729.1833206395627,732.0099506772484,726.7788887288617,728.4548657737889,1070466
2024-10-08,705.2634821193273,708.7789017544337,701.1473125895697,704.5589231961312,1676202
2024-10-09,706.4615472010073,711.5428048894456,703.0557562619769,705.7557914095978,1119433
2024-10-10,699.4686383164274,701.1539979143047,698.0083046990163,698.7698684479794,1690771
2024-10-11,724.2679402683963,727.2856984273244,723.3432331650941,723.5443958725239,1398745
2024-10-14,701.4803202352642,707.470817033793,699.2845806799019,700.7795406945697,1572158
2024-10-15,703.6187695489667,704.7100523372114,701.8249761915989,702.9158536952715,1861710
2024-10-16,705.2114015661363,707.2989369796152,698.0139111016754,704.5068946714649,490368
2024-10-17,707.6263096359895,707.3965443235818,703.4654953748952,706.9193902457439,1253473
2024-10-18,701.8610605611742,703.7952894995635,699.2118786193075,701.1599006605138,1452881
2024-10-21,681.5725146620499,686.9678551375869,676.9815586423305,680.8916230390109,171561
2024-10-22,690.8640838857384,692.7907348733396,686.4955124321854,690.1739099757627,493769
2024-10-23,700.4465079140067,701.8395396682337,696.8678880757923,699.7467611528539,335794
2024-10-24,705.6181045183585,705.0750901096266,700.3120339052856,704.9131913270315,1222316
2024-10-25,709.3808742989141,715.8634091306293,707.119575281828,708.6722020968174,1434174
2024-10-28,725.0541205575081,728.8373550764029,719.3726212123795,724.3297907667414,1143281
2024-10-29,738.1925623260271,739.6080531043143,736.1544133785774,737.4551072188084,239841
2024-10-30,747.7566558250539,749.430165869083,747.0029289276658,747.0096461788752,815819
2024-10-31,739.5519480653196,743.8662563909309,738.6650088137445,738.8131349303893,1701680
2024-11-01,753.4075990870584,755.9205431588842,746.1585497308338,752.6549441429156,1567587
2024-11-04,741.8498481070826,742.5918878580336,740.4907463974362,741.108739367715,364888
2024-11-05,747.3739403463965,746.7508416239416,746.0060846487062,746.6273130333632,1658128
2024-11-06,734.1703727696492,735.6252385301793,728.8209080824071,733.4369358338155,1527857
2024-11-07,732.3308981253936,733.9982454961098,731.1997357963809,731.5992988265671,154879
2024-11-08,743.1077694761374,746.5881894037864,742.1531247895456,742.3654040720654,825549
2024-11-11,739.2547340389359,742.7177024090128,735.9717220735005,738.5162178211149,1343290
2024-11-12,752.2710305523384,756.9007030331055,749.6029557852812,751.5195110412972,1248838
2024-11-13,746.1266433733156,749.8292815396245,742.470714592485,745.3812621112045,1820096
2024-11-14,768.9477507208636,769.062785496116,765.4196933992702,768.179571149714,368026
2024-11-15,767.1021548157547,767.1342057321658,763.0143275884936,766.335818996758,1213348
2024-11-18,803.5591542736847,802.8578395862755,802.1058708968782,802.7563978758091,1291592
2024-11-19,814.3431714805574,819.5772146304777,807.984102888382,813.5296418387188,1767521
2024-11-20,814.1387051613285,820.0404429989019,813.0331469964997,813.3253797815471,1006646
2024-11-21,797.9881241529747,801.6657189919233,791.5970781844393,797.190933219755,1339063
2024-11-22,792.2916592972,799.4354541518273,786.747622970602,791.500159138062,1406552
2024-11-25,820.8844709600688,821.595666387735,817.3686148805388,820.0644065535154,1385864
2024-11-26,802.723549804674,804.0529099481847,793.9248140520423,801.9216281764976,577589
2024-11-27,780.3566520183074,783.5115091531953,774.3665366858589,779.5770749433641,1237345
2024-11-28,784.9229185405148,794.5947576451313,780.9382696712906,784.1387797607541,855118
2024-11-29,803.12588288526,802.7832394240787,798.5303798433465,802.3235593259342,1759665
2024-12-02,798.009406974995,803.5038464994161,794.5522398514096,797.2121947802149,1517914
2024-12-03,785.9519849581998,787.0360716723403,781.5413019716472,785.1668181400598,913562
2024-12-04,783.1411797253567,783.7317746175552,773.9834186350796,782.3588209044523,1508494
2024-12-05,780.4380944923764,783.7127038303619,778.0726322072619,779.6584360563202,188143
2024-12-06,796.6435823323718,797.199001769267,794.8458636690277,795.8477345977741,1491255
2024-12-09,824.0843656482103,826.1064399048993,818.4499614501854,823.2611045436668,1925908
2024-12-10,822.2515474082433,822.7154052514725,816.7954622697475,821.4301172909524,222673
2024-12-11,810.3478041258243,810.4985438658538,805.9874140853913,809.5382658599644,1828025
2024-12-12,793.1420761965978,793.9432201517085,790.4843221871662,792.3497264701277,1974174
2024-12-13,768.6191770188195,769.4188640183264,765.5553959822417,767.8513256931265,902070
2024-12-16,767.9289306898924,771.5437798576714,766.1218586976001,767.1617689209714,970455
2024-12-17,746.5850854540229,745.8792613038744,744.0563685634596,745.8392462078151,1083574
2024-12-18,756.4916122665072,756.9618952789921,752.327876779699,755.7358763901171,802620
2024-12-19,753.583213875939,763.5346373938852,750.2760191640409,752.8303834924467,977965
2024-12-20,744.2670260122264,746.1932799685883,737.9216973049772,743.5235025097168,787466
2024-12-23,763.9086832892515,765.7573891074816,759.0091743324964,763.1455377515001,1461010
2024-12-24,740.1859658192311,744.8467034866414,739.1913441807764,739.4465192999313,1297565
2024-12-25,752.5667830211049,756.0441149653461,751.3867424889955,751.814968053052,238947
2024-12-26,754.2913444444553,759.5908541238289,749.9598843011445,753.5378066378175,1662711
2024-12-27,758.0862888197148,761.9780638224565,752.1444568589512,757.328959859855,1621396
2024-12-30,758.1729033392261,758.7613829812153,757.4106077974002,757.4154878513748,120564
2024-12-31,742.831516920414,743.8446709195038,740.9098899486478,742.0894274929211,736727
2025-01-01,751.214336235132,753.0208899617442,748.7167931086454,750.4638723627693,1492566
2025-01-02,767.6976222660941,767.6551427130273,766.8557858983916,766.9306915745196,504151
2025-01-03,739.8327290576785,740.5117001148051,736.61036214123,739.0936354222564,1210121
2025-01-06,741.4138152176793,747.0621056774245,736.138134730685,740.6731420756038,264061
2025-01-07,740.036280920512,743.3476650261262,737.836302779343,739.2969839365755,771788
2025-01-08,736.282256741278,741.1728960924871,732.51338335301,735.5467100312469,1138128
2025-01-09,741.9317513167849,741.7865196428986,737.2469367112841,741.190560756029,665505
2025-01-10,739.4624188862306,740.4705324376054,734.0943006627962,738.7236951910396,289952
2025-01-13,734.2377631813621,739.319416260123,733.1150842153619,733.5042589224397,131290
2025-01-14,750.2804278621168,755.2995897583106,746.9012052339793,749.5308969651517,1989830
2025-01-15,737.2982765469461,740.3197040422046,735.88986465313,736.561714832114,1823269
2025-01-16,732.017562411461,733.0490604637957,729.1302033358511,731.2862761353257,680421
2025-01-17,726.5446799947904,736.4297947547943,720.9088031413821,725.8188611336568,957718
2025-01-20,716.098733055055,720.4706390326495,715.1455225385696,715.3833497053498,413816
2025-01-21,709.4012977068371,711.1622372666527,703.9288050036891,708.6926051017355,1522410
2025-01-22,727.50788762194,730.6314425507331,718.231243315175,726.7811065154247,203027
2025-01-23,716.5919131550835,716.6836939768144,711.9321624893671,715.8760371179656,179107
2025-01-24,749.1662644031521,750.571893185385,746.1786951748226,748.4178465565956,1428882
2025-01-27,727.7785799140795,730.9305144594665,726.0317067759702,727.0515283856939,1236748
2025-01-28,695.8196881773601,697.6761666857542,693.6571568426529,695.1245636137464,305740
2025-01-29,687.015034853316,688.1627128126368,678.7573082767417,686.328706147169,481222
2025-01-30,671.1994119291412,671.3025894724394,668.4457535409562,670.5288830460952,1406855
2025-01-31,686.3500941687801,687.459327126678,682.9366838212723,685.6644297390411,1642788
2025-02-03,692.0270326444607,691.5393727176726,690.2201632347793,691.3356969475133,503786
2025-02-04,678.5416875828568,677.9222456881135,676.301820059749,677.8638237590977,1521725
2025-02-05,676.0180107713838,676.4598123602739,672.4861014183543,675.3426681032806,1207205
2025-02-06,672.1247984810018,673.2136412635083,671.2735597800939,671.453345135866,1681668
2025-02-07,704.1118650612761,703.8323777257689,702.1963548309329,703.4084566046715,927478
2025-02-10,705.892871514203,708.6351875885941,704.3339034665786,705.1876838303726,462389
2025-02-11,709.2775569558413,716.0314140112974,703.5056915359957,708.5689879678735,894823
2025-02-12,716.0921795465915,719.0243323464022,713.389631712082,715.3768027438477,1417684
2025-02-13,719.0119125842625,721.0966887244543,716.7063707744479,718.2936189652974,1475072
2025-02-14,718.9396394995025,718.4965410898378,717.2070745114117,718.2214180814211,453198
2025-02-17,707.6387639271032,711.160093625945,706.2650006798988,706.9318320950083,756258
2025-02-18,708.7417255944487,708.1937537596727,707.1013860016122,708.0336919025463,1843201
2025-02-19,711.347306638193,711.0475036983482,706.8315439455391,710.6366699682249,1452283
2025-02-20,693.9742113520047,694.7399038444415,686.4932066822967,693.2809304215832,729547
2025-02-21,694.9005581906134,698.7245345612698,690.8582741034658,694.2063518387747,518332
2025-02-24,678.9873971394322,684.5582831457821,677.6751648736745,678.309088051381,480647
2025-02-25,658.2426522210574,658.2277677370805,656.0587886786464,657.5850671539035,924415
2025-02-26,657.2701518779028,658.6558717861479,655.9652162258884,656.6135383395633,1126407
2025-02-27,663.3650110283763,666.323836799945,660.3798686212418,662.7023087196568,1184591
2025-02-28,674.5412439356288,676.9724263147432,666.6532560253229,673.8673765590698,1362624
2025-03-03,667.5801283356495,669.1236140960738,664.6128182998772,666.9132151205291,93971
2025-03-04,649.7088255311891,653.7080142709983,648.53737553145,649.0597657654237,1573286
2025-03-05,639.0223534835699,639.4037325948384,632.6778245364952,638.3839695140559,1425661
2025-03-06,635.8881832287211,635.924895023564,634.5792503472428,635.2529302984227,1580764
2025-03-07,634.4480850561176,634.6852046894494,627.7582355262913,633.8142707853324,989789
2025-03-10,639.7268999096025,640.615405353264,638.8853189962673,639.0878120975051,1214521
2025-03-11,637.4612765062407,637.2552172207572,630.3244929714924,636.8244520541865,907295
2025-03-12,649.5489886840141,650.2733333022476,641.7808982811367,648.9000885954188,603149
2025-03-13,641.8816257394698,641.2731712320581,640.16707811892,641.2403853541157,779330
2025-03-14,647.212840243775,647.4079502654548,645.7696620901568,646.5662739698053,1321677
2025-03-17,654.6311071168858,659.6975969059656,651.6077396452508,653.977129986899,652225
2025-03-18,659.1360559607224,658.5306398722477,653.6483723565447,658.4775783823401,651271
2025-03-19,665.4147666158951,666.904268754477,658.7548840621458,664.7500165992959,132260
2025-03-20,652.1275872820393,654.6550896220509,650.1956037697755,651.4761111708684,844669
2025-03-21,662.4596161109653,664.8729951013363,659.1876389223683,661.7978182926727,1812335
2025-03-24,656.2046016962703,656.0613517650346,650.4875261176458,655.5490526436267,311506
2025-03-25,653.9389163564009,656.0602281304585,647.6948064536396,653.2856307256753,320922
2025-03-26,641.8042817138552,641.6177251636344,640.657491254342,641.16311859526,1734903
2025-03-27,646.0151350220926,649.0955788769966,644.9610040821291,645.3697652568359,484396
2025-03-28,640.7442408039408,643.0081718619048,638.3309169332338,640.1041366672736,1845383
2025-03-31,632.7070882380945,632.1704598784027,630.4258627361801,632.0750132248696,1213520
2025-04-01,640.4929745194922,643.7336535334955,639.1786162258982,639.8531213980942,1186033
2025-04-02,631.5487788410736,632.5008948780611,627.9266458043076,630.9178609800936,538846
2025-04-03,635.6463428645533,638.1109476348521,634.6729630816423,635.0113315330203,565273
2025-04-04,637.7240048901689,641.6069859878123,634.6904168625325,637.0869179721967,80862
2025-04-07,643.854717677506,644.6633824576207,640.5417318176425,643.2115061713347,1615547
2025-04-08,644.406408149893,644.0124012283827,643.0313641706823,643.7626455043886,1239733
2025-04-09,630.1936439570492,631.7823464585772,626.7630994376805,629.564079877172,1917748
2025-04-10,631.8613388117393,633.59332245251,629.2326953423457,631.2301087030363,270872
2025-04-11,636.0984776382156,637.0148589697023,629.435861483277,635.4630146235921,1207617
2025-04-14,657.7365623741645,657.7528002109431,656.7391240722598,657.0794828912733,827602
2025-04-15,680.0031586231158,682.9046572751561,677.3129937566849,679.3238347883275,1463510
2025-04-16,690.8976423704344,691.352020395705,688.8155860775548,690.2074349354989,1782886
2025-04-17,703.2610695596953,707.0857037543784,702.265453418973,702.5585110486468,1781287
2025-04-18,670.5395565572851,671.1438533436518,669.7969692200763,669.8696868704147,1919724
2025-04-21,664.1250084981907,664.6947834974628,662.0530616233038,663.4615469512396,374892
2025-04-22,651.0484977863379,659.53215220908,647.755862046424,650.3980996866513,1538300
2025-04-23,658.2706653458479,658.6455573134223,653.9770938213452,657.6130522935543,1610906
2025-04-24,664.8034493053289,670.6335926731598,661.2588648349893,664.1393099953336,1202155
2025-04-25,671.5078314918825,672.6531489882342,669.7537173386579,670.8369944973851,297773
2025-04-28,678.7876669480917,678.450219566103,676.240184738014,678.1095573907011,1178645
2025-04-29,683.3975782331622,684.112372534023,676.2655989260664,682.7148633697925,1260467
2025-04-30,682.1826272278563,687.5715725752053,677.6825325053429,681.5011261017546,1039039
2025-05-01,675.0711719918735,676.5343310250369,673.5942277973335,674.3967752166569,1911527
2025-05-02,683.9412686007475,689.8613166304511,679.4273222757352,683.2580105901575,531899
2025-05-05,684.1825597240348,689.3432337346662,679.8868772132727,683.4990606633716,901494
2025-05-06,697.5655455766508,697.5564061247728,693.9216902307311,696.8686768997511,1610851
2025-05-07,692.1274125677363,694.4168063729675,690.6986998042657,691.4359765911453,1476603
2025-05-08,688.8775247455526,689.9722236003371,685.4221598145373,688.1893354101426,1047670
2025-05-09,679.2158176274195,680.3868771761975,677.697682526775,678.5372803470725,523595
2025-05-12,687.5161170841685,688.0847410229856,683.4483044909969,686.8292877963722,983711
2025-05-13,677.413999136819,679.5101797813508,675.6637555285946,676.7372618749441,363550
2025-05-14,648.4806026264384,648.8604283127689,638.9860784877274,647.8327698565819,262641
2025-05-15,639.1080238420367,642.3175678243443,634.0211485427997,638.469554287749,491311
2025-05-16,631.2099745180288,634.1097048418848,626.8111730768709,630.579395122906,69323
2025-05-19,631.2717257573385,633.4148452277118,625.7741209230229,630.6410846726659,123801
2025-05-20,627.3382284434103,629.4861382055773,626.0702217973261,626.7115169264839,608011
2025-05-21,641.9579843204612,641.4680665631421,639.0857095497321,641.3166676528084,607045
2025-05-22,645.8932261287105,650.1229176459804,643.8259510252587,645.24797815056,451803
2025-05-23,657.4910456600979,656.9235144684337,654.3934310888476,656.8342114486494,1645474
2025-05-26,674.394423653161,674.5920550666486,672.2844886958942,673.7207029502108,533490
2025-05-27,687.4775847726487,686.8185860375328,684.8409040055803,686.7907939786701,219909
2025-05-28,699.2646565077715,700.6188036172332,694.2382046977627,698.5660904173542,820198
2025-05-29,693.5081163892155,700.6670238532263,686.7763565360491,692.8153010881274,1400559
2025-05-30,699.3713455523618,699.2709250934762,694.0597924839361,698.6726728794824,392007
2025-06-02,698.4068333454842,698.3461514035553,696.1844366312172,697.709124221263,1186930
2025-06-03,708.5506860827343,710.7197033295131,703.4654933866892,707.8428432394949,923908
2025-06-04,701.3981021986315,703.580069804214,697.002653919387,700.6974047938377,424374
2025-06-05,710.1665734875637,713.964721074482,705.0914848832663,709.4571163711926,676404
2025-06-06,704.0571536087035,704.8954640786632,701.4817190704185,703.3537998088947,800570
2025-06-09,713.9665015706529,714.2130577890009,711.2225324021477,713.2532483223306,1062897
2025-06-10,730.254751831538,733.0316250164971,727.8352448673571,729.5252266049331,1780229
2025-06-11,746.9794926514455,750.726311299663,735.7057937513797,746.2332593920536,1212981
2025-06-12,741.8820960493688,750.4415350824218,738.2789917235386,741.1409550942745,839805
2025-06-13,760.1847629203476,762.1398101045694,756.6800890744352,759.4253375827649,544503
2025-06-16,736.9066411176572,738.4120738643309,728.7123091285896,736.1704706470102,1427482
2025-06-17,739.613393613423,744.1261531323426,737.6038523362491,738.8745190943288,840972
2025-06-18,720.9674055706284,722.3695388975669,718.0135766824012,720.2471584122163,1600779
2025-06-19,721.6407380305159,724.2825423103849,718.4213644060723,720.9198182123037,1104966
2025-06-20,706.5469482363364,707.393828011436,701.0031163135776,705.8411071292073,1669180
2025-06-23,706.4592248393249,709.5931085499626,704.1389041201548,705.753471367957,700592
2025-06-24,697.7908041741852,705.3972407004362,689.6353242868595,697.0937104637215,1067061
2025-06-25,714.3786730002048,717.9622101561795,713.3797781686621,713.6650079922126,67601
2025-06-26,742.961747523964,745.1137441473003,735.2022229893946,742.2195279959682,854850
2025-06-27,755.1575681543243,756.9820244271917,750.3200203656137,754.403164989335,1860077
2025-06-30,769.8723964910521,771.2760712933958,764.3790083359412,769.1032931978543,561460
2025-07-01,777.0415966225448,778.6828370470428,773.3552553309694,776.2653312912537,1280523
2025-07-02,776.455943440545,778.3433253895649,775.0477209576009,775.6802631773677,821442
2025-07-03,773.9598332760426,784.4627917560803,772.9900007850841,773.1866466294132,346843
2025-07-04,758.2449660133722,759.6752152617696,754.788695723517,757.4874785348375,308933
2025-07-07,748.0384390845245,751.7654166102635,746.7644881903431,747.291147936588,964011
2025-07-08,759.52094728541,766.6153316425455,753.0004818347163,758.7621851003098,926854
2025-07-09,754.5108367455946,755.1931765546362,752.2225322700283,753.7570796659287,1658298
2025-07-10,760.4707936977303,759.9911093148536,755.7552294916381,759.7110826151153,1805473
2025-07-11,748.8137756656884,751.7816723535325,745.0821224332611,748.0657099557327,632738
2025-07-14,780.7575403082625,780.920617833292,777.2035786661065,779.977562745517,1454608
2025-07-15,800.8137213896446,802.0076978750013,796.7609155886438,800.0137076819627,1648178
2025-07-16,800.3348707013878,800.9210154507413,797.093666321735,799.5353353660219,1886472
2025-07-17,828.3948064617085,832.5700436383804,821.4206050585029,827.5672392224861,573446
2025-07-18,836.9965978118157,839.4093343542522,835.9625343500877,836.1604373744414,1095004
2025-07-21,854.5802339809293,856.9909283835644,850.6973697697188,853.726507473456,967776
2025-07-22,853.0983133044039,858.8586398114373,848.7059544828056,852.2460672371668,117193
2025-07-23,847.0904750482365,850.1591769537253,843.8514569257135,846.2442308174192,1525840
2025-07-24,869.9205625273004,870.5677464137519,859.9409199819863,869.0515110162842,803012
2025-07-25,882.6084002367564,882.6679825300612,881.2317509343159,881.7266735631933,119376
2025-07-28,896.9395062739487,899.4718001989942,892.8517158321039,896.0434628111377,1819696
2025-07-29,914.416063566366,917.0934770338104,911.9741666077712,913.5025610053607,1592964
2025-07-30,917.6976486325171,917.9439010567584,916.1716227472544,916.7808677647525,1441908
2025-07-31,911.2486211511715,913.4381304606798,903.2246629351166,910.3382828683033,772423
2025-08-01,918.7125159556623,920.4479027356269,915.7234805904143,917.7947212344279,500179
2025-08-04,890.644765423766,891.0935064630605,886.9302495565489,889.7550104133527,1964069
2025-08-05,893.2255439338337,897.6689820834342,889.986390058126,892.3332107231107,1961866
2025-08-06,912.6077450512134,917.4916582693987,910.5801551265712,911.6960490022113,1314135
2025-08-07,910.0334730492062,916.6843886490127,907.1327472817206,909.1243487005058,1162979
2025-08-08,941.9918574444433,944.8005863772806,928.1235092026149,941.0508066378056,1016045
2025-08-11,937.3032188973868,938.136036656111,932.1071888204594,936.3668520453416,748458
2025-08-12,920.9070673617765,920.3482587567443,917.5706734274684,919.9870802814951,1989965
2025-08-13,931.8552536681437,934.7134690965588,926.2652899662078,930.924329338805,515007
2025-08-14,930.156209058634,931.9907192349024,927.7829486723409,929.2269820765575,1802661
2025-08-15,941.7651747332502,951.9609255723822,939.8036331917049,940.8243503828675,245797
2025-08-18,931.9909334197824,937.3285752682176,923.7272895441041,931.0598735462363,1110835
2025-08-19,942.5019581912247,943.8553712477429,934.0705920287082,941.5603977934314,1621831
2025-08-20,945.674448683836,944.8004502662936,941.3442720441343,944.7297189648712,1612835
2025-08-21,951.2291959194243,953.8348844989259,945.6546935644055,950.2789170024221,857128
2025-08-22,968.8370131734607,973.0427557271273,964.0098937956376,967.8691440294314,1779590
2025-08-25,956.6295799315981,958.8215697255055,953.5588038108871,955.6739060255726,1095045
2025-08-26,954.9799238529803,956.3809441739431,952.3701843061676,954.0258979550254,1149702
2025-08-27,975.3696587266822,975.7170761729725,968.4505900398411,974.3952634632192,644128
2025-08-28,998.2263018611471,1000.4047874058756,993.4417108085413,997.2290727883588,297107
2025-08-29,1012.4703578110261,1019.5391053478553,1007.6714412169351,1011.4588989121141,119166
2025-09-01,993.4228153370328,994.4082069842208,986.5938735520522,992.4303849520809,346197
2025-09-02,998.3441052091933,1000.4038804194522,997.0894196859831,997.3467584507428,1588724
2025-09-03,992.3479412436011,991.8950869550097,990.7956114513385,991.3565846589422,161367
2025-09-04,987.9135108410019,988.517940371995,982.3717283285213,986.9265842567453,975705
2025-09-05,961.667303863778,966.4103596840142,956.170653535198,960.7065972665116,259992
2025-09-08,926.5857775833141,930.6404466448471,925.6552418618281,925.6601174658483,1229165
2025-09-09,944.1953798625153,948.632272485751,937.4885259584952,943.2521277347806,1109914
2025-09-10,959.1208783974323,958.8421611094996,951.9836441080316,958.1627156817507,1899634
2025-09-11,935.1357439733006,934.9639836395157,931.0033443938288,934.2015424308698,622565
2025-09-12,930.2435697568102,934.587061268577,923.5681061111902,929.3142555013089,664499
2025-09-15,932.3036897868662,932.1407207598344,930.3563621612375,931.372317469397,1976090
2025-09-16,923.5863996509242,925.1220339236238,916.0873813300856,922.6637359150094,481884
2025-09-17,932.99398117287,935.8084996428788,931.6084155889976,932.0619192536165,1744774
2025-09-18,927.4731589703721,926.69111105439,924.9116286690868,926.5466123580142,294536
2025-09-19,905.2419477985006,904.8059167739223,904.333848765265,904.3376101883124,1137636
2025-09-22,899.3884692191232,901.566058636751,893.1649830333934,898.4899792398834,1840116
2025-09-23,907.6327424495679,914.3091879376294,903.140325532939,906.7260164331349,307153
2025-09-24,893.523834240996,893.6783479051286,891.117377165531,892.6312030379582,279410
2025-09-25,906.5638219910575,905.7958657003815,904.2042105602956,905.6581638272303,830193
2025-09-26,924.6733487377234,925.3135311041284,923.4727112827659,923.7495991385849,1817728
2025-09-29,935.7580171024882,938.8692271741266,933.343233164262,934.8231939085797,844619
2025-09-30,946.1989004638145,951.3464384773096,942.8281981871578,945.2536468169976,1818140
2025-10-01,945.595071671954,953.2716838748255,939.0769240122564,944.6504212507034,259005
2025-10-02,955.8424368809412,954.905441794702,953.5661530634968,954.8875493316098,703727
2025-10-03,944.2306054466532,945.9988204251341,941.5568300928601,943.2873181285247,1394026
2025-10-06,905.2859909834364,907.1154141515389,900.3928502412373,904.3816093740624,1401025
2025-10-07,894.7053397852677,900.1298181368545,888.9314008082102,893.8115282570108,1201846
2025-10-08,918.9596646299905,924.1894761829527,917.0825363882279,918.0416230069836,1398788
2025-10-09,936.9258243338473,936.8294377093755,930.565216353865,935.9898344993481,1118627
2025-10-10,919.7697840950215,919.7824749793477,912.9249457520476,918.8509331618598,214988
2025-10-13,916.855606434781,916.6525968981853,915.4923171019852,915.939666768013,989029
2025-10-14,905.7240921726251,908.0425754271381,895.8566456567853,904.8192728997254,1705920
2025-10-15,887.1146655518673,889.8170468035663,879.372388023225,886.2284371147526,727901
2025-10-16,882.528143966672,889.752601093872,880.4933095796467,881.6464974692029,423896
2025-10-17,895.7328700197621,897.350846174213,894.4141893939924,894.8380319877745,531974
2025-10-20,897.2696143992093,898.3985743360982,894.3947036027283,896.3732411580514,53468
2025-10-21,893.8754617047578,895.6049903211162,892.5761410941353,892.9824792255323,480641
2025-10-22,859.6117403445515,859.7376493300416,857.1463724342393,858.7529873571945,1582724
2025-10-23,894.0575576742328,897.0889578531667,891.8440148102483,893.164393280952,1882257
2025-10-24,875.9502280617553,876.9508525344098,873.454082639528,875.0751529088466,190409
2025-10-27,876.8275626358951,876.7168912014226,873.7262318630309,875.9516110248703,1187068
2025-10-28,890.266767050233,889.4232246664452,883.9416076591696,889.3773896605726,1382181
2025-10-29,893.6878969527246,898.2893421720478,888.6833608931412,892.7951018508738,785176
2025-10-30,907.6444085713787,907.1740891977167,903.6536685115371,906.7376709004783,1637147
2025-10-31,870.2079087411989,871.3585833613384,868.0135874492255,869.338570171028,1045790
2025-11-03,856.9219031355251,862.3487260461294,854.8916529217898,856.0658372982269,1056783
2025-11-04,846.928101698327,850.359982565442,839.0017157073719,846.0820196786485,462811
2025-11-05,826.844610933779,831.1475315465138,825.7230447710226,826.0185923414376,96453
2025-11-06,803.7341047879465,807.177994699526,800.022869143425,802.9311736143322,1537883
2025-11-07,816.7949377180267,824.0941258918133,812.2174993003028,815.9789587592676,753442
2025-11-10,798.4221633693778,801.8777696131604,791.0118965381108,797.6245388305474,1666512
2025-11-11,814.5253169155583,814.3816829299061,807.7709840470362,813.7116053102482,1705298
2025-11-12,828.0494293075245,829.4264365536651,820.3597191733666,827.2222071004242,497456
2025-11-13,823.2212028562898,822.7157347224555,818.5212832116849,822.3988040522377,1416192
2025-11-14,802.9859516270537,806.8478573053152,798.6624238626414,802.1837678591946,329073
2025-11-17,794.7890227587477,796.2677987073899,793.5868276634266,793.9950277310168,1626120
2025-11-18,784.8440699924877,787.5196021793183,781.7909113239069,784.0600099825052,548559
2025-11-19,775.9055384740301,778.6544247145686,771.5844027102751,775.1304080659642,715334
2025-11-20,765.3609917411662,765.6277003832636,760.8339293101953,764.5963953458205,124700
2025-11-21,766.3455223950103,765.7885071729211,760.9515948160391,765.5799424525578,1958463
2025-11-24,762.6381036831937,764.0253278181923,760.5645414478059,761.876227455738,774670
2025-11-25,762.151390719553,762.2955521345974,757.4985206089084,761.3900007188342,808770
2025-11-26,762.0698837991475,761.3873324593303,760.4326372912006,761.3085752239236,91940
2025-11-27,779.0789229081997,783.0228922817538,770.7650042132339,778.3006222859138,1018142
2025-11-28,807.5260655375376,813.5187506214896,805.8276478651393,806.7193461913464,1505723
2025-12-01,808.0727476841779,809.5396246147326,804.5839565909044,807.265482201976,1133408
2025-12-02,807.2093267503984,812.0858966365839,806.3430224958732,806.402923826572,1581903
2025-12-03,805.1924728032926,810.6627202303247,797.7348677343575,804.3880847185741,1414201
2025-12-04,819.3973542163596,819.203751415852,815.6884488535412,818.5787754409188,1915826
2025-12-05,829.9435742428946,829.1204915724859,829.0598186112552,829.1144597831116,1522307
2025-12-08,831.9246121566584,832.9734281557302,826.8657943925448,831.0935186380206,944620
2025-12-09,830.106231066528,831.5576730863862,827.3147600657453,829.2769541124158,673827
2025-12-10,839.0005201798111,846.2731322694227,835.9584639941598,838.1623578219892,755868
2025-12-11,855.0970036659326,856.5359125443836,853.6081373820555,854.2427609050276,408505
2025-12-12,848.7729386236763,852.7687909567486,847.1587987084208,847.9250136100663,1304851
2025-12-15,855.6613292528954,860.8053176031099,854.3277910076553,854.8065227301653,1701513
2025-12-16,828.1913429144305,832.9552448836051,826.4169724759713,827.3639789354951,1656409
2025-12-17,818.6104759869006,818.2268369774231,814.6769590996134,817.7926833035971,552398
2025-12-18,825.984335683372,827.5130809855499,818.8256314722526,825.1591765068653,458518
2025-12-19,802.8983761102425,806.8076195451101,797.0861046211727,802.0962798304121,552681
2025-12-22,781.4696027507123,784.2289048145823,778.9087226718731,780.6889138368755,1314524
2025-12-23,785.31066102691,786.1382842422448,778.6284943696135,784.526134892018,117482
2025-12-24,757.8320789322532,763.32219711794,753.5490385386386,757.075003928325,374911
2025-12-25,753.7536334319642,755.9349189117197,748.5109703590849,753.0006327991651,101665
2025-12-26,782.1970265373141,785.9938313404118,780.9372764566548,781.4156109263878,1835190
2025-12-29,787.4411800406796,786.7153993151326,780.0710088672466,786.6545255151644,290982
2025-12-30,812.5724869537457,816.8783206721182,810.5539609655037,811.7607262275183,1952844
2025-12-31,835.6730098315561,835.2937879660061,832.1043740363339,834.8381716598963,687849
2026-01-01,824.666245590235,823.9055364491993,819.7258722013535,823.842403187048,1917994
2026-01-02,822.0801451672842,823.4331782647489,814.7117446298378,821.2588862810032,337323
2026-01-05,827.9845483062264,827.6236131855247,820.3441838288935,827.1573909153112,890049
2026-01-06,844.748742686972,848.9866382329053,837.2583475877865,843.904837849123,1643137
2026-01-07,866.8904301081361,875.5550323249819,861.0962965556944,866.0244057024338,1907018
2026-01-08,879.3914900784104,882.2558021670749,874.426370857144,878.5129771013092,883755
2026-01-09,885.1173840835479,888.4762823362314,881.8097103693807,884.2331509326153,1599728
2026-01-12,868.8043850548664,871.8009774605855,864.2601899182882,867.9364486062602,1996769
2026-01-13,885.6205543255858,886.331610563484,883.6034224458596,884.7358185070788,1928505
2026-01-14,876.8676849543301,878.1545940424081,875.1794854376678,875.9916932610691,165514
2026-01-15,892.8594813131989,893.2442428984432,889.801315422397,891.9675137993996,314573
2026-01-16,914.7562750783402,919.4072944566548,907.2718723729769,913.8424326456947,1140747
2026-01-19,891.4880513574726,895.5903678051733,886.7259737976301,890.5974539035691,668053
2026-01-20,924.2504159918443,924.8516644961478,922.9263132309247,923.3270889029415,1997337
2026-01-21,921.5663536300453,922.5507385202372,914.7949526216821,920.6457079221233,340816
2026-01-22,939.9592995812487,942.5182570321118,935.5946891383331,939.0202793019469,1748760
2026-01-23,956.4527055545673,956.0536632972421,951.6874968832856,955.4972083462212,1247733
2026-01-26,988.9750471785603,996.4432500219663,984.7809867481159,987.987060118442,830190
2026-01-27,1010.6364834874724,1010.9964704735169,1009.5472512961793,1009.6268566308418,1140570
2026-01-28,1040.9714386083463,1044.7224777391532,1039.582192173055,1039.9315071012452,1776083
2026-01-29,1057.3554916305252,1058.924599262956,1047.2170948119406,1056.2991924380872,538545
2026-01-30,1043.077542493398,1046.688261461345,1037.936575748492,1042.0355069864115,1990901
2026-02-02,1040.282851844438,1045.158444474114,1035.7267641645615,1039.243608236202,1981359
2026-02-03,1053.8829761346203,1055.2832274735094,1043.318674619903,1052.8301459886318,340619
2026-02-04,1072.6435581255978,1076.679305926262,1068.8999598516662,1071.5719861394584,1184472
2026-02-05,1076.2362605738413,1077.5814121832632,1063.4180813709083,1075.1610994743671,1011642
2026-02-06,1063.1072063501583,1063.1215718021726,1058.5089539068515,1062.0451611889694,1170019
2026-02-09,1039.8532500599363,1045.2773169580169,1037.3547275384094,1038.8144356243122,109505
2026-02-10,1042.207463686246,1043.8095010414545,1033.9079601691608,1041.1662973888572,1476684
2026-02-11,1099.3232227337921,1101.9939014169347,1097.2161184887293,1098.2249977360561,390517
2026-02-12,1097.7006056457874,1098.9710026142648,1082.9502308845383,1096.6040016441434,1456552
2026-02-13,1088.8050304732615,1088.2411722688628,1086.4705804715345,1087.7173131601014,848613
2026-02-16,1101.4587796006958,1103.9791579687076,1099.3087163370706,1100.3584211795164,1215774
2026-02-17,1116.7545218834769,1116.800949007057,1107.5054598139336,1115.6388830004764,96071
2026-02-18,1120.1737189022626,1120.2063267291992,1115.2850290907234,1119.0546642380248,1183864
2026-02-19,1080.6023792409173,1081.9067692881026,1076.4852666683048,1079.522856384533,1432132
2026-02-20,1068.1504538133709,1076.058931792803,1062.3457838095856,1067.083370442928,1487619
2026-02-23,1056.8296831821576,1063.1660218687528,1044.5194595414835,1055.7739092728848,1624497
2026-02-24,1069.4959901743052,1076.1929010705624,1062.4791274222393,1068.4275626116937,757547
2026-02-25,1058.1965619272175,1059.4466672379183,1049.2404780633883,1057.139422504713,1093830
2026-02-26,1054.5419147953303,1057.2056176318972,1044.3481843115842,1053.4884263689614,305583
2026-02-27,1034.2990771066213,1038.9486524675387,1026.6485130109347,1033.265811295326,297550
2026-03-02,1024.759419088473,1024.763115171485,1014.4129218202626,1023.7356834050679,1349003
2026-03-03,1066.2584846146133,1070.0913911623127,1059.7492601535075,1065.1932913232902,1486781
2026-03-04,1082.997601018377,1091.9611850990698,1076.3525860386046,1081.9156853330442,1500287
2026-03-05,1092.158473778564,1092.3833153600383,1089.2520022537067,1091.067406372192,1747336
2026-03-06,1076.4359141500945,1087.4827597498625,1073.4980471719916,1075.3605535964982,1260641
2026-03-09,1053.6043878378757,1052.9401991661064,1043.7134868911594,1052.5518360018739,1232160
2026-03-10,1073.866655535236,1073.9057810196964,1070.882969773197,1072.7938616735626,1542347
2026-03-11,1074.510532789132,1073.444579055808,1070.02753326616,1073.4370956934386,152184
2026-03-12,1086.8925549884502,1087.0064054463865,1085.7069769004815,1085.80674824021,990175
2026-03-13,1093.6152025120746,1099.328268778507,1088.4931288876614,1092.5226798322424,247233
2026-03-16,1096.9771866440221,1097.67053044606,1094.42265765671,1095.8813053386837,1261791
2026-03-17,1048.9016045726385,1052.305824059978,1045.6341338383506,1047.8537508218167,1489353
2026-03-18,1066.8530318823277,1067.5142696347739,1064.9287582686256,1065.7872446376903,1280303
2026-03-19,1101.5501309836309,1102.4200526488294,1099.6659788949892,1100.4496813023286,1530359
2026-03-20,1103.990507179227,1103.4432020236509,1098.275313267663,1102.8876195596674,926659
2026-03-23,1101.5211861943978,1104.7190812968624,1098.9121523521126,1100.420765428969,641971
2026-03-24,1106.805503535848,1111.5056716046647,1104.1441139908902,1105.699803732116,1146748
2026-03-25,1102.7194031866522,1111.977697764736,1092.7475884379803,1101.617785401251,1021919
2026-03-26,1067.3637355927012,1068.5082307277287,1063.7239143981915,1066.2974381545469,1511414
2026-03-27,1061.4109090116442,1060.587889355694,1045.8306593682778,1060.350558453191,1252733
2026-03-30,1062.1691975453473,1064.661211011241,1060.4423764258797,1061.1080894558916,1839329
2026-03-31,1083.4210888671087,1085.945493050643,1080.5963342227924,1082.3387501169918,1955912
2026-04-01,1065.2550273478164,1065.4451526705498,1060.9519795810243,1064.1908365113052,1634498
2026-04-02,1060.2015438953597,1059.272961233815,1053.0253224146693,1059.142401493866,1702888
2026-04-03,1061.5533126540004,1064.6216591703494,1056.3797459997443,1060.4928198341663,1219890
2026-04-06,1071.4688937231276,1072.5030016159162,1070.318175921125,1070.3984952278997,1698796
2026-04-07,1109.925386904478,1112.592694346392,1107.8391178476825,1108.816570334144,1981946
2026-04-08,1123.769301182265,1127.1177342355052,1120.5531505913218,1122.6466545277374,1517708
2026-04-09,1138.1500708747933,1138.1875414511594,1136.9082227974354,1137.0130578169765,785439
2026-04-10,1114.7296874813721,1114.0828527203155,1105.375473244281,1113.6160714099624,1367736
2026-04-13,1147.9500872601348,1149.0286128690386,1139.994602519726,1146.8032839761588,1840876
2026-04-14,1113.537251083787,1115.9606525330678,1106.210527604317,1112.4248262575295,1014921
2026-04-15,1141.756066627977,1143.8067440573889,1132.574483937124,1140.6154511768002,1879087
2026-04-16,1160.8538611596716,1165.4837686008693,1158.1480990712562,1159.6941669926791,1969232
2026-04-17,1164.2018861530878,1167.5070457384031,1157.100814059684,1163.0388473057822,225260
2026-04-20,1143.3242267349701,1144.806019494437,1140.9462287686324,1142.18204469028,296483
2026-04-21,1155.601262095491,1154.814055468457,1152.5125284385379,1154.4468152802108,761190
2026-04-22,1147.0234806027313,1146.8173692691344,1141.299306219265,1145.8776029997316,1409361
2026-04-23,1176.2061088160879,1175.592502379811,1163.8806648529574,1175.0310777383497,479028
2026-04-24,1115.427381459962,1122.8402278619624,1112.9678385277414,1114.3130683915704,1263215
2026-04-27,1118.3260640636474,1122.357798347046,1114.4863622394314,1117.2088552084392,1120638
2026-04-28,1066.7453049320843,1067.100417187721,1062.4637756044665,1065.6796253067776,104132
2026-04-29,1069.309968808527,1072.1637143995256,1060.98024473601,1068.2417270814456,1972467
2026-04-30,1064.4455757955207,1071.6537868427845,1060.3014795027689,1063.3821936019187,1757898
2026-05-01,1081.6997619916917,1082.92862670727,1076.464946578825,1080.619142848843,1068736
2026-05-04,1060.5222391569725,1063.1740766139683,1056.6367056468407,1059.462776380592,1145293
2026-05-05,1042.7334342725658,1043.6181735962512,1036.1623841225135,1041.6917425300358,1398207
2026-05-06,1003.1783899581204,1004.6094278833366,998.1358437999544,1002.1762137443761,1703414
2026-05-07,996.0083789630943,998.5947073357232,992.1131461424081,995.0133655974969,418293
2026-05-08,999.9983201220377,1002.3143186436732,998.696852448989,998.9993208012366,1528927
2026-05-11,996.4196111222705,1002.173310715807,993.0767006423112,995.4241869353352,1332194
2026-05-12,979.8306703445057,984.9505900017504,978.7574550737979,978.8518185259799,289142
2026-05-13,976.7745540838554,980.2581217372672,971.2609177214157,975.7987553285269,1034571
2026-05-14,987.5088867781175,988.5193659586333,984.9322007616757,986.5223644137038,836389
2026-05-15,993.7907366413607,994.2906075329875,992.7057208584966,992.7979387026581,1493763
2026-05-18,959.393255504698,962.1523856223685,950.1313405171327,958.4348206840141,1832284
2026-05-19,951.5304774267605,958.5643168659401,943.586527125156,950.5798975292314,991472
2026-05-20,937.0220040027158,940.4456259104684,931.619445677679,936.0859180846313,1913008
2026-05-21,890.8323564816371,897.677988051889,886.4682619757791,889.9424140675696,1473344
2026-05-22,901.1912485814339,902.8605978845378,892.7049142378114,900.2909576238102,1026510
2026-05-25,907.1515488172722,913.141624237102,903.263194151046,906.2453035137586,766043
2026-05-26,890.8327503182584,890.8151030181978,887.3167986188718,889.9428075107477,436895
2026-05-27,899.9887034075084,900.9282317512267,891.8374524863277,899.0896137937148,1974460
2026-05-28,904.63444398394,904.8603011784609,901.6303544749607,903.7307132706694,1125468
2026-05-29,897.4635739124984,902.4471225658052,890.7258242318952,896.567006905593,1302785
2026-06-01,903.1383788240806,904.227617161698,898.0640797474161,902.2361426813993,1303450
2026-06-02,900.3264901376498,899.9247668536614,898.3939992752587,899.4270630745754,697540
2026-06-03,889.8137040356049,893.0722056172942,884.4230389844353,888.9247792563486,1737092
2026-06-04,907.0591113564667,907.9594158337972,903.2165679017821,906.1529583980687,400222
2026-06-05,882.0960315933572,888.7494258256232,878.2368598222049,881.2148167765807,1476232
2026-06-08,913.0917552326263,912.8507160631032,911.9257320806062,912.1795756569694,272615
2026-06-09,917.9414487531819,922.6132844693519,912.1159462831826,917.0244243288532,146299
2026-06-10,911.6837030600898,911.1868829521344,910.544295970221,910.77293012996,1210571
2026-06-11,919.4044313152488,922.3870148009115,917.7592834482622,918.485945369879,832992
2026-06-12,904.5467655538686,914.2049968543228,900.0390002089168,903.6431224314372,382037
2026-06-15,898.6019692685037,899.7319595269552,889.391734596297,897.7042650035003,1781868
2026-06-16,931.6275394936961,932.5519832490586,929.4180800558398,930.6968426510451,1944630
2026-06-17,940.2879400067573,943.6120460680387,938.1214988647591,939.3485914153421,333490
2026-06-18,938.2991818167217,937.7021243464694,936.771323763664,937.3618199967251,1934936
2026-06-19,936.4114735802559,936.0083083925682,935.1283591402033,935.4759975826734,283275
2026-06-22,952.7275451971157,953.8187269981325,949.7097700199052,951.775769427688,1002672
2026-06-23,969.3338393910885,970.17854521886,967.1711841428122,968.3654739171715,1563540
2026-06-24,964.3767694241644,964.8490307593873,958.18285938638,963.4133560680964,1791008
2026-06-25,985.809378551163,986.0878911953392,980.8497315931645,984.8245539971659,327768
2026-06-26,986.2704918404374,985.8766393343005,984.0459679891164,985.2852066338038,201804
2026-06-29,986.2837575702706,987.8172578533001,980.6873047217815,985.2984591111596,529929
2026-06-30,1000.6318470910524,1001.9741640551634,997.0452443545156,999.6322148761762,1489692
2026-07-01,988.1745839938922,991.1379063963952,985.9139846521945,987.187396597295,1641134
2026-07-02,961.1926919821141,962.5847288962581,954.919849474116,960.2324595225916,1409402
2026-07-03,959.3860862696374,961.5203780288977,956.864433689819,958.4276586110265,264456
2026-07-06,975.4468340540585,984.6607173938806,966.1680346174228,974.4723616923662,1916555
2026-07-07,971.0163708011031,971.1796102470823,967.5768967357541,970.0463244766266,1665957
2026-07-08,987.2909220391354,995.8872807079332,986.2780644560942,986.3046174217137,1450233
2026-07-09,1009.7806316702205,1010.0775764249789,1002.9056546337893,1008.7718598104102,438313
2026-07-10,1004.3593233830658,1004.9134399030352,997.0448918019152,1003.3559674156502,325019
2026-07-13,1005.3939203174872,1008.8509883241268,999.4733404919716,1004.3895307867006,1862369
2026-07-14,1003.8037252775467,1004.9387355669463,995.9975440908407,1002.8009243531936,1492064
2026-07-15,1016.5862805067884,1016.1562902689623,1012.9265280378853,1015.5707097969915,1805249
2026-07-16,1026.559998412965,1027.1886033215285,1020.1929107699207,1025.534463949016,812431
2026-07-17,1031.0489917529708,1034.5748414454733,1023.0446811644917,1030.0189727801908,961093
2026-07-20,1057.5840894526864,1061.3873751567558,1056.4648904669057,1056.5275618907956,1362463
2026-07-21,1066.1969920811364,1069.5908483087578,1052.4775872857763,1065.1318602209155,1758800
2026-07-22,1072.7600813826975,1084.262350293187,1068.2124981248812,1071.6883929897078,982540
2026-07-23,1059.630526367995,1067.453179541371,1052.0569341761025,1058.5719544135814,1278904
2026-07-24,1062.1709729084446,1065.9750619005217,1053.7403729265905,1061.1098630453994,1485190
2026-07-27,1088.9760777811764,1089.4960744246353,1082.0158526913585,1087.888189591585,504403
2026-07-28,1104.05451749871,1112.3003625888655,1092.3619770411851,1102.9515659327774,448207
2026-07-29,1107.586240053032,1116.623919792534,1104.5894224876383,1106.4797602927395,1794512
2026-07-30,1106.974856939021,1111.9053396235122,1105.8531493269882,1105.86898795107,753137
2026-07-31,1089.7399284214282,1101.4480216713555,1085.321280220284,1088.651277144284,1441861
2026-08-03,1076.7250922082856,1086.1564173806566,1069.3254649978796,1075.6494427655202,205265
2026-08-04,1097.918869400767,1100.2963062831832,1089.2166745312504,1096.8220473534138,95883
2026-08-05,1099.7679844475947,1105.0867382239942,1093.7736577093533,1098.6693151324623,1576063
2026-08-06,1102.854966453011,1103.8773843297306,1091.1538359739127,1101.7532132397714,420757
2026-08-07,1129.40188780773,1130.6070784465276,1127.7611518243632,1128.2736141935366,1784104
2026-08-10,1122.3572133591301,1123.2968306901269,1118.8007328629794,1121.2359773817484,577564
2026-08-11,1114.0738126573635,1114.813358451442,1108.8893652988795,1112.9608518055581,120548
2026-08-12,1144.0489051611005,1142.9860752136915,1140.9252122024227,1142.9059991619388,1997036
2026-08-13,1158.4144611542504,1166.941014872413,1144.2017273967765,1157.2572039503002,1315389
2026-08-14,1126.900377900894,1126.154352483807,1119.0884313134168,1125.7746032975965,1739190
2026-08-17,1128.0699854686623,1131.96497346261,1126.1292394852887,1126.9430424262362,1234043
2026-08-18,1113.679527708439,1118.0725660720811,1111.8534920795485,1112.5669607476916,1055052
2026-08-19,1104.9967944878513,1107.7010777219575,1099.9781309955226,1103.8929015862652,785777
2026-08-20,1101.796763627373,1102.9317292233716,1099.589350165003,1100.6960675598132,1786934
2026-08-21,1070.8457819773503,1072.6277763483292,1058.6110260605335,1069.776005971379,1912170
2026-08-24,1058.3904729810522,1058.3076962241178,1053.6097748170846,1057.333139841211,1347500
2026-08-25,1094.3869407243649,1097.9427219678146,1092.841576445449,1093.2936470772877,1151389
2026-08-26,1091.8316987750093,1091.2545830250363,1084.4034786139061,1090.740957817192,1592946
2026-08-27,1083.9239487897578,1083.7872066773218,1069.6421818312692,1082.8411076820757,1768316
2026-08-28,1104.0743944732233,1106.8964141332935,1102.5948952170863,1102.9714230501731,1942243
2026-08-31,1078.5003783328577,1082.565290920874,1073.4105229765264,1077.4229553774803,1691061
2026-09-01,1075.510979919871,1080.8287686656251,1072.4267456724342,1074.4365433764947,1638879
2026-09-02,1101.9110497505362,1104.2706782263424,1094.8089992706698,1100.8102395110254,1506768
2026-09-03,1103.5614148365257,1103.4856799176264,1098.3833249218492,1102.4589558806451,486824
2026-09-04,1111.8076187408535,1116.8265009575966,1109.4757573991292,1110.6969218190345,743785
2026-09-07,1108.9756753699871,1114.8974503048603,1104.544079246242,1107.8678075624248,1545608
2026-09-08,1117.4713982612434,1126.7899327460018,1114.6386440989718,1116.3550432180255,730443
2026-09-09,1133.1318182570808,1133.065867839444,1129.3895057370787,1131.9998184386423,1535711
2026-09-10,1131.3073491653004,1130.6786165866445,1129.965423681541,1130.1771719933072,1142113
2026-09-11,1135.0645836781564,1134.0103655224557,1129.8197697065505,1133.9306530251313,102186
2026-09-14,1141.7824606236768,1145.5096056659013,1138.0063352285465,1140.641818804872,1819272
2026-09-15,1104.485182021877,1113.5030499308893,1094.2521829123777,1103.3818002216556,773513
2026-09-16,1124.160285796475,1124.3973799732146,1122.4866715228263,1123.037248547927,568476
2026-09-17,1162.502715852603,1162.4617564250875,1158.114348301288,1161.3413744781249,472723
2026-09-18,1181.3533727471358,1183.5715086923153,1175.1223429074432,1180.1731995475884,1144582
2026-09-21,1188.1637029541507,1190.9457700398782,1183.7843333095511,1186.9767262279229,1060235
2026-09-22,1182.1417984322022,1182.0678983169435,1173.396687754595,1180.9608375946077,1256059
2026-09-23,1191.6819347730498,1195.1254625152903,1189.0249574356385,1190.4914433297201,83686
2026-09-24,1235.3782645775984,1241.9530629583771,1218.483676405205,1234.1441204571415,1608079
2026-09-25,1270.2556421488846,1272.7028594123851,1265.7702211967994,1268.9866554933913,369354
