Date,Open,High,Low,Close,Volume
2022-01-03,1041.0140804461616,1047.9346224784713,1039.605109408257,1039.974106339822,576974
2022-01-04,1036.2938775862565,1035.9365282041913,1033.276332727529,1035.2586189672893,1349598
2022-01-05,1020.0961824385854,1020.676651369797,1009.4505948109803,1019.0771053332522,359620
2022-01-06,1012.1559291065491,1013.081764945224,1007.1818386134682,1011.144784322227,1967113
2022-01-07,994.4944235756749,998.0276151536355,990.7418580632254,993.500922653022,671139
2022-01-10,995.9690906143803,996.7661343915097,994.8122600050407,994.9741164978825,166473
2022-01-11,1020.3943565577346,1024.0933983842258,1016.3867644927669,1019.3749815761586,1575025
2022-01-12,1011.7623597804338,1018.0507458540848,1006.0353672497055,1010.7516081722616,123045
2022-01-13,1000.8673969700443,1003.197109859818,999.5761874587851,999.8675294406038,369622
2022-01-14,1010.092795051426,1010.1899384515175,1008.9978677784803,1009.0837113400861,431457
2022-01-17,1016.9858826038741,1020.677455464886,1015.9011408090171,1015.969912691183,742881
2022-01-18,1019.3226136216459,1023.7142252858692,1014.6995861418877,1018.3043093123337,1171764
2022-01-19,1002.6585453057006,1003.3648927635722,999.2948777417364,1001.6568884172834,1179977
2022-01-20,1002.5319227929239,1013.8375054267875,995.9098349745831,1001.5303924005234,876631
2022-01-21,1015.480327888001,1017.8926741982116,1012.1322932911768,1014.4658620259752,1768059
2022-01-24,991.3163481323434,992.5868330761024,989.5632881770835,990.3260221102332,210897
2022-01-25,983.5475628343438,987.400204588395,982.3599537775215,982.5649978365074,396702
2022-01-26,950.2822499838904,950.2759722063182,946.8632086488664,949.3329170668237,443917
2022-01-27,928.6049498360278,933.2071666782037,922.9674943010142,927.6772725634644,364950
2022-01-28,898.1922233784244,899.4704450618913,893.0528430716236,897.2949284499745,1179532
2022-01-31,894.7508947877143,898.9289285922339,892.1772115136191,893.8570377499644,1500624
2022-02-01,874.6961355611816,882.6830235970195,869.9918311953979,873.8223132479337,834824
2022-02-02,879.3171591722665,880.4215218171355,877.918868385617,878.4387204518148,1026407
2022-02-03,882.1501129383031,886.7017119642626,875.7499411432682,881.2688440942089,1538703
2022-02-04,879.5349692489575,879.7004960151143,878.5394230583964,878.6563129360215,1582876
2022-02-07,840.0425924816925,840.9895604183382,830.4960695316615,839.2033890926,960580
2022-02-08,832.2333666129157,834.3328647969472,825.8403736751033,831.4019646482675,1477459
2022-02-09,831.8399108231441,834.2932717064145,830.5607758500684,831.008901921223,1761587
2022-02-10,833.8694403082294,835.0661780664402,828.1586490214892,833.0364039043252,950854
2022-02-11,811.2363910630145,814.1658820296329,809.6227369017196,810.4259650979167,1529573
2022-02-14,804.5848100260444,804.4987687574094,800.2289856890995,803.7810289970474,1374377
2022-02-15,790.7354133451447,792.9897951785688,781.6502134576143,789.9454678772676,1014160
2022-02-16,779.5395295764168,781.2288621805725,776.8228812455894,778.7607688076093,1016698
2022-02-17,794.737760627329,795.2563073899037,787.7164741231675,793.9438168105186,748073
2022-02-18,783.5038418704054,783.0870101535362,780.583648120418,782.7211207496558,1734432
2022-02-21,783.3587803192881,793.6278769371014,781.0159821138077,782.576204115173,466990
2022-02-22,796.1426187828231,798.1650265568918,787.7247295298791,795.3472715113119,610094
2022-02-23,788.0979465225926,792.7595010016914,783.166639738654,787.310635886706,619549
2022-02-24,786.8288022098513,786.2484915554585,777.2114530936153,786.042759450401,416274
2022-02-25,788.7082219661163,788.4196934453172,787.6608033446438,787.9203016644519,742401
2022-02-28,789.9293930771141,791.9877277671517,787.7670408712228,789.14025282429,1421919
2022-03-01,772.8268222831452,775.5058159106877,770.4466325020921,772.0547675156297,754410
2022-03-02,774.1953209723836,778.3215872892191,765.1414927813715,773.4218990733103,338582
2022-03-03,793.4410948090868,793.9509727989707,790.9568975171255,792.6484463627243,399079
2022-03-04,771.6624394474942,773.2057504108637,764.4417097436414,770.8915478995947,936508
2022-03-07,783.9080544221399,785.230149829803,775.6498098582371,783.1249294926473,972762
2022-03-08,785.9059369866163,787.1215128163971,780.5230556835079,785.120816170446,790310
2022-03-09,777.1460556780363,778.624651242727,774.1620133545617,776.3696859920443,268073
2022-03-10,805.4401902187291,810.2601621346449,795.185088864253,804.6355546640651,998340
2022-03-11,816.8137473927638,817.7049411931399,814.2188422311087,815.9977496431209,1743727
2022-03-14,799.5079519309236,802.943073649566,797.959077510331,798.7092426882355,917768
2022-03-15,800.9003255292868,806.1680695373088,795.6781443043124,800.1002253039828,1123175
2022-03-16,809.5345584607777,809.3922249161171,806.5987686440563,808.7258326281496,1421876
2022-03-17,807.1077096736532,812.2904484295799,803.9129178265382,806.3014082653879,235432
2022-03-18,817.3520298808081,821.3501023806434,813.6359076718715,816.5354943864218,1162118
2022-03-21,816.7005465867949,821.7500684600112,813.8013172872553,815.8846619248701,689250
2022-03-22,826.8363737963713,832.5837141782276,818.6238154542598,826.0103634329384,888701
2022-03-23,848.5769222325624,851.3210580608685,839.1179929866879,847.729193039523,547711
2022-03-24,838.5962366957177,842.9184067937246,836.2941471850603,837.7584782175003,289218
2022-03-25,841.998204446397,843.6205100254903,838.5956653058669,841.1570473989981,354502
2022-03-28,835.3133362296275,841.6356364775081,833.0655753698619,834.4788573722553,1266128
2022-03-29,837.5612290980189,840.9210704892839,830.1995936253717,836.7245045934255,987246
2022-03-30,819.9981937127668,819.5983125466446,813.6348985813291,819.1790146980688,226332
2022-03-31,811.7759220055101,811.7760454765195,808.9389772251584,810.9649570484618,407380
2022-04-01,809.234023095179,808.7698563221063,806.3248154377061,808.4255974976815,1474619
2022-04-04,822.6495012733907,822.5478451016505,821.5322706319706,821.827673599791,345762
2022-04-05,839.9368571099393,841.3244884767346,834.3880810414599,839.0977593505888,1715434
2022-04-06,820.2628025653084,819.5770444150086,817.501167930002,819.4433592061024,1419460
2022-04-07,808.8584291612327,814.5524372108665,806.0593488196057,808.0503787824504,1348960
2022-04-08,818.6007306885114,824.7428461672182,815.3232815205827,817.7829477407707,887679
2022-04-11,789.5704391407314,789.801110998927,784.5061636015805,788.7816574832483,383033
2022-04-12,783.3037673689237,786.0697953223541,781.6273888379129,782.5212461228009,1360509
2022-04-13,782.2455877155468,782.1949374419215,777.7808199048483,781.464123591955,935269
2022-04-14,800.2579779611899,802.8156687147109,795.2058048659877,799.4585194417482,966447
2022-04-15,810.5088955268296,809.9324309145845,807.856766787832,809.6991963304993,1417193
2022-04-18,806.0595295142228,808.3665303485427,805.1878251957418,805.254275238984,1032761
2022-04-19,801.0344576292031,806.5954428993305,794.8738558457147,800.2342234057974,156760
2022-04-20,797.7475960261066,801.3617238195669,796.4884538129529,796.950645380726,655850
2022-04-21,819.9439458352957,821.5950116789447,815.9833646404239,819.1248210142816,1273569
2022-04-22,813.9549088590652,815.6722970805896,810.2715285471819,813.1417670919733,881322
2022-04-25,809.8314125094751,809.7604130927538,808.5397010586142,809.0223901193558,417812
2022-04-26,815.2952229609555,825.0101952322641,811.1725472061472,814.4807422187369,987751
2022-04-27,813.8491974326017,816.109698626306,809.2737636784285,813.0361612713305,738011
2022-04-28,811.284864352711,811.367971887669,807.5504614935395,810.4743899627483,717683
2022-04-29,795.340713299412,800.7196958294097,792.18915753204,794.5461671322797,516463
2022-05-02,795.494102395997,795.8408626695365,790.0820888685498,794.699402993004,1661114
2022-05-03,789.4609033103279,789.6884190014423,787.4955531081497,788.6722310792487,1179251
2022-05-04,806.3479030794434,811.2322451012741,804.2971871123214,805.5423607187248,530239
2022-05-05,816.1497384312021,821.1687197216022,814.8297077576362,815.334404027175,1515531
2022-05-06,816.1217126624716,822.673013510091,812.2382706588006,815.3064062562155,480053
2022-05-09,826.2670069160703,825.5595004923507,823.6188256917652,825.4415653507197,568223
2022-05-10,821.5429030556164,821.6239782941309,820.0636363568042,820.7221808747418,721287
2022-05-11,837.4303273134922,843.3661678129158,830.1926076974945,836.5937335799124,1913865
2022-05-12,837.6841138724728,840.5432906744828,830.5723776687365,836.847266605867,1581105
2022-05-13,846.815815961395,857.4000802418624,844.8748641964929,845.9698461152798,1293713
2022-05-16,827.4780719270055,829.6154332161793,819.9950672772724,826.6514205064991,1702756
2022-05-17,832.9729292323486,837.3986846536816,831.9606850929121,832.1407884439049,1721359
2022-05-18,807.9942134228022,809.3748555496838,805.651027468273,807.1870263964059,1151790
2022-05-19,778.7159977209091,781.7694663989118,774.501215533419,777.9380596612478,1756809
2022-05-20,774.759857427037,779.1587002120029,772.8556670989943,773.9858715554816,753338
2022-05-23,762.5198518554564,766.4603308718252,752.5591708019709,761.7580937616948,801807
2022-05-24,765.0767306421628,765.1174872413502,763.3824551744365,764.312418223939,1315178
2022-05-25,796.2963486625885,796.6099818125945,790.7374315140852,795.5008478147738,1938105
2022-05-26,784.6936967311624,787.3703945645703,778.7929295767518,783.9097869442182,1661619
2022-05-27,776.1948844794015,777.0322819250978,773.8218547459318,775.4194650143871,1930247
2022-05-30,779.3753562603132,780.1026999448725,777.4121699571045,778.5967595008125,523630
2022-05-31,786.6036615265,788.8097982424316,774.0632940112143,785.8178436828173,907017
2022-06-01,784.4207866873124,788.6891462354321,779.7151008521156,783.6371495377748,1351715
2022-06-02,781.8270994236801,781.2861495368376,777.8498209911165,781.0460533703099,1870101
2022-06-03,792.0257049606765,794.0441234327699,788.0734117405756,791.2344704901865,1434253
2022-06-06,799.7547539345287,804.1801126877193,795.0472828165907,798.9557981363924,1830990
2022-06-07,785.1944837071949,789.3751794581964,777.7778856643533,784.4100736335614,810983
2022-06-08,784.3896454599872,785.5263775828369,783.4258027868889,783.6060394205666,1267323
2022-06-09,785.2018097988798,791.6833678000988,780.7399789636169,784.4173924064735,332386
2022-06-10,770.612385501043,775.0292366218558,766.9793452961101,769.842542958085,541578
2022-06-13,774.5250541754342,780.0772495187736,772.3825322384714,773.7513028725617,1234512
2022-06-14,762.8738965886477,762.806295230044,758.0849379672156,762.1117848038439,520847
2022-06-15,776.5273915474901,777.3341120831093,774.2345651493353,775.7516399075826,459829
2022-06-16,779.5322982071044,786.5688853610211,773.5615356238075,778.7535446624421,259147
2022-06-17,781.0974141369763,786.1598375682755,778.907339577317,780.3170970399365,767626
2022-06-20,773.1003323507942,774.9523631616208,771.621666205989,772.3280043464479,592676
2022-06-21,771.75921139345,774.5062863377744,767.8323128243741,770.9882231702798,1111846
2022-06-22,744.3160810900379,744.3784437913085,741.9578890242241,743.5725085814565,1180850
2022-06-23,729.4557447046961,729.918478850331,727.2531465341671,728.7270176870093,1927265
2022-06-24,734.5118668377281,740.0488451403,728.0161341387977,733.7780887489793,1243010
2022-06-27,706.6636127685064,707.1521572076489,702.0355122384038,705.957655113393,335720
2022-06-28,717.7152659295655,721.1432162538641,710.6558082614981,716.9982676619037,861862
2022-06-29,695.4449268849962,699.3248980574467,689.4876910473872,694.750176708288,193702
2022-06-30,705.196135104348,705.6741126850243,703.7068320661722,704.4916434608872,1111333
2022-07-01,694.746044741352,695.1112604641718,691.9349401335346,694.0519927486034,1100779
2022-07-04,704.7657316333269,708.8904852709455,701.8115274265613,704.0616699633637,1715482
2022-07-05,706.7090299451585,709.4814906215836,701.6770934162333,706.0030269182403,1889017
2022-07-06,687.4421750921276,688.5915036823912,685.6513292702735,686.7554196724552,1872625
2022-07-07,703.1742366954057,704.4993329731327,701.9770606925466,702.4717649304754,140090
2022-07-08,721.7035633077262,723.3013403160862,718.0978960382909,720.9825807269992,131313
2022-07-11,721.1375728616789,722.6584318378348,718.0939514681484,720.417155705973,1302129
2022-07-12,717.8706416305149,719.2040257023007,712.9815391455879,717.1534881423726,1911904
2022-07-13,716.0922180794995,721.7547181836043,711.7907499562818,715.3768412382614,103203
2022-07-14,703.8094493312684,704.2034130000661,699.2211402959203,703.1063429882802,1610526
2022-07-15,718.0086696334008,718.780208292167,715.9641289862318,717.2913782551458,1124544
2022-07-18,711.279629707596,712.6051099637804,708.4061340566062,710.5690606469491,1148056
2022-07-19,710.9089239959735,717.7940587046115,708.7543172248538,710.1987252707029,282369
2022-07-20,701.0421556075746,701.3328490105906,699.9590395128195,700.341813793781,994959
2022-07-21,693.4224795105663,695.3347362932207,689.8284982445529,692.7297497608056,1335286
2022-07-22,677.7519589353313,682.4251486951222,672.8461689684748,677.0748840512802,1426028
2022-07-25,693.3588878846487,700.2536274052637,692.2635721141601,692.6662216629858,753922
2022-07-26,691.7133182362459,700.0516125215138,690.4727126107739,691.0222959403056,1395734
2022-07-27,704.0167090110792,707.2770460169526,699.4111185084246,703.3133956154638,1326411
2022-07-28,704.4673422040071,707.1309848487581,703.0047517067422,703.7635786253818,1460040
2022-07-29,695.943979525059,699.5391040047036,695.1273478888802,695.2487307942648,553585
2022-08-01,692.130144822267,694.8371871666225,690.020016786997,691.4387061161509,1869343
2022-08-02,685.4276167993072,685.2551248638144,683.3869846036121,684.7428739253819,196083
2022-08-03,685.8001534371951,689.0935619316438,680.2548425563663,685.1150383987964,110183
2022-08-04,681.442197214296,682.8941210790629,680.5788494578317,680.7614357785176,404672
2022-08-05,678.0361141129971,679.7811026296953,675.897644545761,677.3587553576396,181454
2022-08-08,661.4824737830936,669.156909332686,659.8832263797563,660.8216521309628,584135
2022-08-09,652.1403695946207,660.7038607365715,647.9824770597211,651.4888807139068,1065151
2022-08-10,671.8175848106904,673.5226391225339,667.1158262410859,671.1464383723181,371297
2022-08-11,663.9694441249812,669.3358465802888,658.3052062819477,663.3061379869944,642722
2022-08-12,651.6372460674481,653.9535294166712,650.2081107314247,650.9862598076405,436946
2022-08-15,655.8547205315583,660.0070567454534,653.7084424207338,655.1995210105479,1742561
2022-08-16,672.730613852884,677.4009811452754,664.9353267179469,672.0585552975864,1111152
2022-08-17,655.3928717026162,659.8272478401099,652.7195350600115,654.7381335690471,1244362
2022-08-18,653.195242905159,652.6118903946327,649.6912572959301,652.5427002049541,903401
2022-08-19,646.0253147214511,649.2601591635348,642.7789576979294,645.3799347866645,1134782
2022-08-22,625.8059469069884,625.7350289230554,622.5374076226472,625.1807661408476,1659335
2022-08-23,634.3350103467129,640.6807973921836,628.9934281187874,633.7013090376753,1973897
2022-08-24,634.321217046977,639.080249648706,625.4207560638254,633.6875295174597,1020378
2022-08-25,635.3908089934266,635.0478464296617,633.7219547816155,634.7560529404863,963133
2022-08-26,627.0409093309912,629.5196266817326,624.1752176418736,626.4144948361551,1102041
2022-08-29,632.424908918088,632.312597758244,630.0128799519706,631.7931158022858,1064178
2022-08-30,626.5388630892531,626.2540719189343,620.2419385413693,625.9129501391141,1434748
2022-08-31,625.1780133341655,630.5826711654164,623.6662613351045,624.5534598742912,476576
2022-09-01,612.9567533068463,616.3173807720705,608.6161559877614,612.3444088979484,1714157
2022-09-02,599.7845556218058,599.319805231333,596.1077029814818,599.1853702515543,169865
2022-09-05,614.4431818557496,617.5396425947496,609.5566061062042,613.8293525032464,1190168
2022-09-06,609.080543792929,610.8442400836979,604.131971223939,608.4720717212078,1945566
2022-09-07,612.5221488040737,612.9409922574378,607.3978297547967,611.9102385655083,121803
2022-09-08,612.3947553480016,614.5672710454869,610.2207055888186,611.7829723756261,1781613
2022-09-09,607.7770737647008,610.939398528398,606.4835999741871,607.1699038608401,945465
2022-09-12,602.4632475475202,602.7009248005942,601.3613097833322,601.8613861613588,1696890
2022-09-13,609.537209947755,612.9497836657348,606.8330768854618,608.9282816660889,112926
2022-09-14,606.4691831226412,606.2191809177979,601.2022984725372,605.8633198028384,1752167
2022-09-15,605.0586937051906,609.3881448130281,602.4629229565863,604.454239465725,1229514
2022-09-16,605.5428822802967,607.2128040661318,603.407737337833,604.9379443359608,1387030
2022-09-19,618.6089207222293,618.6888871909412,616.8287197736204,617.990929792437,176842
2022-09-20,626.4339793593202,628.6159280792832,622.5292091566424,625.8081711881322,824367
2022-09-21,630.9988356209388,633.9916641801286,628.7767700698865,630.3684671537851,1102237
2022-09-22,624.8503583263414,628.0833800244319,621.8997669638221,624.2261321941473,474860
2022-09-23,609.5570265039722,613.3774208483466,605.388987375211,608.9480784255468,342346
2022-09-26,620.21926683607,626.9184883254145,618.0195857884346,619.5996671689012,1341535
2022-09-27,631.2568715301684,632.1493454758103,623.7297119018824,630.6262452848836,1718272
2022-09-28,629.9107129984174,631.5351808920506,627.6499470716333,629.2814315668505,419673
2022-09-29,636.3069241274546,637.9116496162989,635.2617888336459,635.6712528745801,233881
2022-09-30,645.5118807160999,645.9449847726139,641.9910883226204,644.8670137023976,561105
2022-10-03,655.4279541908195,657.396851736175,651.6390988151377,654.7731810098097,1335870
2022-10-04,666.5604953559883,666.8634562178889,663.815587609618,665.8946007552332,1016517
2022-10-05,661.36074246394,661.6240451431958,655.3562996090958,660.7000424215186,1422424
2022-10-06,679.6604352952561,681.0430997498034,677.2781260845939,678.9814538414148,1879565
2022-10-07,664.6817870353384,665.9417396267196,660.0878647115997,664.0177692660724,586615
2022-10-10,675.2577127076821,675.9470281361847,671.8014795730088,674.583129578104,1350386
2022-10-11,681.5315479534203,686.7102535568507,678.9849832436925,680.8506972561642,1205908
2022-10-12,692.5215100119829,693.3581723037967,690.8063807874665,691.8296803316513,1719026
2022-10-13,716.2212550603223,720.5941853968832,712.6093000657133,715.5057493110113,693340
2022-10-14,735.6453649749564,735.442093149171,723.3424544758291,734.910454520436,268761
2022-10-17,720.7758106029662,723.5034932287493,717.2576900089575,720.0557548481181,554954
2022-10-18,699.1555329721884,698.8106153822806,695.9326681446504,698.4570758962922,71040
2022-10-19,709.7157522973969,710.6134941798351,705.8313614280606,709.0067455518451,556325
2022-10-20,697.0331478043164,701.281229105098,694.0982125346025,696.3368109933232,1708954
2022-10-21,697.1564871471949,699.2921090202486,692.7560371883051,696.4600271200749,80899
2022-10-24,707.973107508471,710.6017030978338,705.3824074538596,707.2658416668042,398288
2022-10-25,687.3087131955784,689.1848854870896,682.8739857064224,686.6220911044741,1362225
2022-10-26,661.480062663334,666.4572277396053,658.6395641300677,660.8192434199142,518437
2022-10-27,664.8321978127652,666.9958467635732,663.4748979323032,664.1680297829823,190077
2022-10-28,665.6294592947852,666.1262507036403,661.6377643168554,664.9644947999852,1074074
2022-10-31,662.9508270648208,667.1398232299135,657.5892798011781,662.2885385262946,434170
2022-11-01,663.6760102651037,668.0323628104577,658.4996572073309,663.012997267836,1368797
2022-11-02,653.6617797826335,657.9042408062547,651.5266986729197,653.008771011622,219549
2022-11-03,636.1157632523194,637.565338916896,635.2904442560684,635.4802829693501,129097
2022-11-04,634.4621540635948,642.6394687059662,630.5769755348432,633.828325737857,1618345
2022-11-07,623.6188720159507,631.2530782443193,619.7424695098922,622.995876139811,1251775
2022-11-08,605.4201655618236,609.5874131033071,603.7852319672348,604.8153502116121,1082491
2022-11-09,611.1731739033373,613.7127594069465,608.5170935197059,610.5626112920454,1201054
2022-11-10,610.7423400373355,610.6477959259975,605.7376679220283,610.132207829506,961344
2022-11-11,615.4559026502899,615.5004769433689,607.8225785129779,614.8410615887012,1151199
2022-11-14,604.742623031451,604.447262152863,600.5275358382428,604.1384845469041,1187476
2022-11-15,597.8214572679815,601.6535060601051,596.5821172623963,597.2242330349466,268266
2022-11-16,587.3102444819921,588.7227637061512,583.3111386232459,586.7235209610311,1626130
2022-11-17,578.1721037453417,578.9459685733561,576.4969393789314,577.5945092361056,1341373
2022-11-18,580.4371441589968,580.5029468566611,574.4354080597361,579.8572868721247,1266966
2022-11-21,572.4890459174208,575.346454015511,569.6886467300526,571.9171287886322,1979257
2022-11-22,576.3873752851136,576.0411693235737,573.6558474168992,575.8115637213923,1050889
2022-11-23,580.1430305138092,586.371082372465,579.344829626364,579.5634670467625,1804223
2022-11-24,601.5231250387195,603.0726977557484,599.4470447980171,600.9222028358837,660674
2022-11-25,586.6835755328624,586.8574483593171,583.3113477067126,586.0974780548077,204835
2022-11-28,596.2949126567727,601.4069587599041,592.605646126602,595.6992134433294,1057657
2022-11-29,595.5730754331477,598.7060311591158,594.1311441822312,594.9780973358119,1708216
2022-11-30,595.6610480611754,599.0187851073923,593.5846084550192,595.0659820790963,1975113
2022-12-01,580.3541657646358,582.5074558767624,577.3179729189205,579.7743913732626,1329320
2022-12-02,575.7790930829373,576.7301213136645,573.8711539769467,575.2038891937436,1161256
2022-12-05,583.712060413382,583.3090333521204,580.2340478643256,583.1289314819002,1757934
2022-12-06,583.0791036801619,585.5388381919626,576.9570455579636,582.4966070730889,980528
2022-12-07,584.163178750655,584.5957550106783,581.8734550400268,583.5795991515035,1705972
2022-12-08,581.3401200996163,582.2525907235168,574.9813278323876,580.7593607388775,1782168
2022-12-09,593.6543580519312,594.5064859248855,589.8173380805347,593.0612967551762,1651437
2022-12-12,593.6625147582616,595.3041553311389,591.2725889551735,593.0694453129488,156343
2022-12-13,570.3866483938466,571.6754160977072,566.3991394631317,569.8168315622844,539530
2022-12-14,563.5094624206248,564.5718148252705,559.1716293252651,562.9465159047202,173384
2022-12-15,543.7651655281205,545.6857343251986,542.7881663502094,543.221943584536,951653
2022-12-16,512.1584643095152,512.3691024853506,509.9134633963168,511.6468174920233,1589288
2022-12-19,507.4763985598968,507.2229529117634,503.7393673205509,506.96942913076606,1843390
2022-12-20,519.8610166739757,522.0118246810804,516.2667903923345,519.3416749989767,1887187
2022-12-21,520.5100134239195,526.8936542301116,517.9163057482099,519.990023400519,170061
2022-12-22,509.73255341648985,511.36951402394845,508.8892218103146,509.2233300864035,149235
2022-12-23,501.3054756229861,500.891636361896,499.85369581757277,500.8046709520341,1096629
2022-12-26,511.70820800620817,511.6367528135786,509.6770135049293,511.197010995213,96904
2022-12-27,513.3648762512041,515.0488107960942,508.24196609847377,512.8520242269772,1617667
2022-12-28,514.0138887498937,515.8282724960187,509.3447256974365,513.5003883615323,69023
2022-12-29,513.7249789329327,515.786590402496,511.77017301334206,513.211767165767,1059257
2022-12-30,514.2856844406612,514.787473063646,512.6786226450105,513.771912528133,1175087
2023-01-02,521.9472799435251,522.5394722695585,518.7557524720293,521.4258540894358,878929
2023-01-03,527.347585231676,528.779828364152,522.3584041766136,526.8207644672088,318659
2023-01-04,529.6061783577077,530.1326074677544,525.475612012689,529.0771012564513,1620599
2023-01-05,519.8765796713328,519.8699571303919,517.942133774406,519.357222448884,1144614
2023-01-06,524.867500786529,527.5371258759862,523.448960412011,524.3431576289001,1508914
2023-01-09,518.6130739529119,522.3552108540874,515.1638153129182,518.094978973938,1344398
2023-01-10,529.0317348085753,529.842951356159,527.1107974164551,528.5032315769984,1075402
2023-01-11,517.1398056780932,521.2440492444249,512.5828985033604,516.6231824955977,80316
2023-01-12,516.0657417039073,517.6043646258832,514.6977939712591,515.5501915123949,922060
2023-01-13,516.2039424980834,519.5291930613448,514.181288766805,515.6882542438397,1746726
2023-01-16,504.1023804752944,504.2244717690016,500.1979638411676,503.59878169360087,472006
2023-01-17,519.9290455381538,521.2721370729729,518.2100809235707,519.4096359022516,542516
2023-01-18,533.8046872136382,540.4852618584323,533.1533472957435,533.2714157978404,1798353
2023-01-19,529.5640030933141,532.2714306996676,527.4272787520766,529.034968125189,1130260
2023-01-20,537.1321224782861,539.7514302502308,532.4304435442247,536.5955269513348,1248895
2023-01-23,541.0082909368608,545.0562441912155,537.3046202714912,540.4678231137472,739710
2023-01-24,515.7735952643957,516.3432844040925,514.0205276963145,515.2583369274682,575016
2023-01-25,518.3047079304715,519.7680059645021,517.2183244335336,517.7869210094622,719370
2023-01-26,517.9398486756369,520.7329841043697,516.500787514717,517.4224262493875,1935791
2023-01-27,518.9229805465799,520.1419963770468,516.9743891730357,518.4045759706094,836543
2023-01-30,509.0720048344615,509.624843117782,507.99659261577625,508.5634413930685,1147705
2023-01-31,506.80765214904056,508.54934129033876,505.74338517883496,506.30135079824237,57236
2023-02-01,505.3843276039212,506.62443027957386,502.3360556042531,504.8794481557655,1722222
2023-02-02,516.3946012227354,517.5077714121595,510.32076136329795,515.8787225002353,886127
2023-02-03,519.7098200249318,519.5703349783346,517.8384601580385,519.1906293955363,1519040
2023-02-06,519.8658657500544,519.7354465133834,516.8688488414646,519.3465192308236,566782
2023-02-07,534.3814076093593,535.083505681484,532.105543518127,533.84756004931,1291479
2023-02-08,529.2544365815925,532.5613745128775,527.999892142297,528.7257108707219,746945
2023-02-09,525.7563296703464,530.5537259786327,521.9651930201986,525.2310985717747,668482
2023-02-10,508.77369351430445,511.273162345509,505.4432578117532,508.26542808621826,367653
2023-02-13,523.3470841503585,524.7680231634174,522.5620189155958,522.824259890468,1419423
2023-02-14,532.6408013382877,533.0838626831058,531.800680138372,532.1086926456421,702996
2023-02-15,541.6443008932117,541.3502293422204,539.3283838662035,541.1031976955163,282190
2023-02-16,548.3825824397777,549.3718800143902,546.4698583174581,547.8347476920857,1413895
2023-02-17,549.6893345968801,550.2973425827681,548.537637385458,549.1401944024777,1402207
2023-02-20,552.0414810598132,556.2357346117633,548.677631771033,551.4899910687445,1968370
2023-02-21,549.7583078274695,551.2941141308067,549.0972504616317,549.2090987287409,1772728
2023-02-22,547.9635879486749,555.5952470527245,542.2638535849295,547.4161717768981,434401
2023-02-23,548.7185234341416,553.3595801833591,546.3204804133944,548.1703530810606,150077
2023-02-24,563.870385275952,566.1790363064861,560.0226043257019,563.3070781977543,1740038
2023-02-27,569.7361192826145,570.2441064083091,565.2460298014302,569.1669523302843,1938838
2023-02-28,569.3646306896003,569.1212293568252,564.5350944614919,568.7958348547456,1248775
2023-03-01,563.6545804881849,567.0528819396582,560.7754148315775,563.0914889991858,1244153
2023-03-02,557.4376244881074,560.2598858315307,551.269129075238,556.8807437443631,246958
2023-03-03,573.7420820199529,573.6477813838285,572.835473644152,573.1689131068462,1121120
2023-03-06,579.2044609303965,582.9711839190377,577.8915910048888,578.6258350953013,78653
2023-03-07,580.1405457416448,580.1466269151935,578.8934814346097,579.560984756888,1551573
2023-03-08,576.7577304813277,577.4182161287387,574.4484710627066,576.1815489323953,1773846
2023-03-09,565.4747831567423,565.2431057722348,564.7654610435145,564.909873283459,92969
2023-03-10,565.0205587493332,565.7451943646757,563.9568505918573,564.4561026466865,506419
2023-03-13,574.1321314994799,578.115979671987,569.8775057922816,573.5585729265534,1972931
2023-03-14,570.3052971742381,572.3900956859757,567.6766436309535,569.7355616126256,257173
2023-03-15,568.2008019267851,570.1788084537067,564.6725532881428,567.6331687580271,1596690
2023-03-16,566.1675679190428,569.2407203860635,563.3590569361799,565.6019659530897,1328347
2023-03-17,567.5110522229659,568.8931837279788,564.9496061672189,566.9441081148511,1312791
2023-03-20,551.4652732289885,551.2113002484567,547.9009192070749,550.9143588701185,1427877
2023-03-21,549.3493427189379,556.0863138239041,545.8584231295598,548.8005421767613,598667
2023-03-22,541.1207085190542,540.5967327238071,537.6572347217343,540.5801283906636,1795380
2023-03-23,549.9533009669344,552.4167833783594,548.0797750984376,549.4038970698646,993969
2023-03-24,542.5451384465443,543.2410203711232,537.2265282498099,542.0031353112332,1025620
2023-03-27,548.3976203179467,552.1820344973934,544.4304000053476,547.8497705473993,1506957
2023-03-28,563.6650759738889,566.3358153869468,562.4875161445991,563.1019739998891,658328
2023-03-29,560.7089419952478,563.2014652801498,559.3713979267873,560.1487932020458,156278
2023-03-30,554.8617982142064,558.4118130257231,549.9013949278238,554.3074907234829,670593
2023-03-31,556.9958115021412,556.771001427937,554.4504131510025,556.4393721300113,1292274
2023-04-03,557.1984039869619,561.0523992778382,553.5049073486911,556.6417622247372,449280
2023-04-04,547.4558744640194,547.8184952729955,545.6265715025354,546.908965498521,1559588
2023-04-05,552.2169862569041,554.1673015518254,549.6721609040733,551.6653209359682,1288709
2023-04-06,572.4720485281695,572.0950730301832,569.4173571450264,571.9001483797897,1360496
2023-04-07,570.041463945033,573.0714206299365,566.6563041073366,569.47199195308,1887431
2023-04-10,568.1879595898178,570.3662174703508,564.8197460398748,567.6203392505672,513017
2023-04-11,557.7284542664469,557.1738223809443,554.9713106297152,557.1712829834635,215132
2023-04-12,561.155047627261,560.7350044924027,560.4318562484626,560.5944531740869,720096
2023-04-13,548.7842016578793,548.553121404775,545.410743648294,548.2359656921872,803941
2023-04-14,538.0694577034849,539.1301887264913,535.7687293344271,537.5319257777072,73377
2023-04-17,550.6787156181902,555.5910331338468,548.0674445395849,550.1285870311591,736050
2023-04-18,541.9240754878916,541.4027054669573,539.140740505316,541.3826927950965,1987419
2023-04-19,552.6892250666017,555.3475142507922,547.8239346866616,552.1370879786232,206392
2023-04-20,568.0753691241558,568.899440333601,564.2388038933157,567.507861262893,1863796
2023-04-21,570.9544445507557,572.5139312134529,562.9760023898042,570.3840604902655,1209900
2023-04-24,576.8702698594908,578.1944765202506,572.1149327252097,576.2939758836072,1875788
2023-04-25,597.3726794121392,597.1966276401853,593.7548673851884,596.7759035086306,1966864
2023-04-26,595.496412348053,596.9457618463929,594.491990457569,594.9015108372158,1188492
2023-04-27,589.3783665809284,588.8619454868746,586.9765490319494,588.7895770039246,589524
2023-04-28,575.2580908704861,579.6276603852414,574.2624484554206,574.6834074630231,1589099
2023-05-01,575.9201976754533,579.1951848954781,573.3301691432968,575.3448528226307,1467868
2023-05-02,591.4843499227228,593.3202546928619,590.4403307468851,590.8934564662566,1150380
2023-05-03,601.9376308924051,602.8178934036367,598.4442526181007,601.3362945978073,1806129
2023-05-04,591.9711109808966,592.5195681757797,591.240992554135,591.379731249647,1814205
2023-05-05,583.0936097754233,586.1593439399135,580.6424949285616,582.5110986767465,577767
2023-05-08,578.0353682811418,579.3863671319185,569.71898349165,577.4579103707711,324549
2023-05-09,581.3076678395204,580.7884679113725,578.3552899931955,580.7269408986218,1842020
2023-05-10,579.392050002504,585.1454010907072,576.3966497558114,578.8132367657383,102029
2023-05-11,581.8605017701851,583.2744599809308,578.3817368367993,581.2792225476376,1509325
2023-05-12,585.2012857477041,585.6820170400587,583.3358376415721,584.6166690786256,1474860
2023-05-15,582.2883418721782,583.8958786374468,576.9224613826518,581.7066352369413,1309007
2023-05-16,582.1003297485548,582.7381003101258,579.3948295847309,581.5188109376172,991552
2023-05-17,584.4979479312071,586.483214691549,581.7587280279663,583.9140338973099,428567
2023-05-18,583.8484487655387,583.4839523658452,580.687368184729,583.2651835819568,1124420
2023-05-19,589.3737695567322,589.2843454832126,587.5291052692365,588.7849845721602,590932
2023-05-22,609.4572759927557,615.0025223937134,606.4418147865111,608.8484275651906,1728511
2023-05-23,616.1952815388493,616.1252638330963,611.4538840314946,615.5797018370123,248029
2023-05-24,617.0609347708307,617.3415876031775,612.8178285270825,616.4444902805502,771409
2023-05-25,598.5800281510633,599.3294172630252,597.7836474722162,597.9820461049584,1796659
2023-05-26,602.9996279738009,607.4907908838032,601.7492648631346,602.3972307430579,1285402
2023-05-29,582.1117417359492,582.5904865356545,578.2322035795866,581.5302115244248,1627458
2023-05-30,567.5808545009484,567.1295174111316,565.2302118412638,567.0138406602881,324950
2023-05-31,576.5394102747604,576.2652388321262,572.9131896654219,575.9634468279326,218849
2023-06-01,584.0992700968065,586.921617931713,582.7655680723891,583.5157543424641,1019398
2023-06-02,582.7566268402775,584.067179133811,582.1609584945497,582.1744523878897,1085478
2023-06-05,565.0525073935656,568.0151419242293,558.81970089928,564.4880193741915,1652945
2023-06-06,561.5017020262218,561.585958736544,557.322530163129,560.9407612649569,465543
2023-06-07,554.8664118773163,558.0305880901449,552.257184848874,554.3120997775388,1152255
2023-06-08,561.4490026715889,562.884195612762,556.9680118216266,560.8881145570319,1542965
2023-06-09,584.49053040952,585.4393835720574,583.3038896616671,583.9066237857344,948048
2023-06-12,587.0067591116807,589.6554821999,584.1845311413063,586.4203387729078,1167622
2023-06-13,579.007410044088,579.5705496861206,577.2497895474853,578.428981063025,1888746
2023-06-14,567.0395112837753,567.3376358052159,565.4212368049157,566.4730382455298,1893499
2023-06-15,566.6939284734526,566.771371034322,564.2511928121859,566.1278006727799,1891738
2023-06-16,565.1173681404574,567.5969380384922,561.8014706522779,564.5528153251323,1467919
2023-06-19,553.6301715416006,559.3396580413613,552.1291275385507,553.0770944471535,1216797
2023-06-20,555.0112796639486,556.8165111057478,553.8076389651271,554.4568228411075,246339
2023-06-21,543.7355609731968,546.0031540206746,542.3004704600239,543.1923686045923,726530
2023-06-22,554.837649855821,557.371870769112,552.7410575397532,554.2833664893318,776922
2023-06-23,565.6724955880435,567.5875978356289,564.1944132928104,565.1073881998437,1565088
2023-06-26,576.943954955048,578.8504299687024,573.9697772670111,576.3675873676804,1173734
2023-06-27,572.2518645224372,572.5640477838515,566.7752087243931,571.6801843380993,509086
2023-06-28,577.7807423902472,579.8359555199489,576.4617488394206,577.2035388513958,1828084
2023-06-29,576.6384669370777,576.424126438215,576.0322214425183,576.0624045325452,201613
2023-06-30,572.8335923563538,573.4385314542656,568.0343636948962,572.2613310253286,773347
2023-07-03,569.5659342759003,571.1251371824336,566.0836246614278,568.9969373385618,1198215
2023-07-04,556.4689769922895,556.2851815026667,555.6685542989754,555.9130639283612,416390
2023-07-05,542.2293251236434,546.2310943185765,540.2359547535111,541.6876374861573,280478
2023-07-06,550.1989641726019,550.5563845342206,546.7087505874023,549.6493148577442,602458
2023-07-07,548.5252637433979,549.7663759209357,546.221449626161,547.977286456941,490399
2023-07-10,550.8816697767516,550.514380322958,544.1116822857409,550.3313384383133,533921
2023-07-11,561.0349880240872,563.1029765332282,557.0545904406896,560.4745135105767,665233
2023-07-12,543.7572766165727,543.9667840065873,538.0578435546857,543.2140625540187,351258
2023-07-13,536.3001375060642,538.1282971830198,533.9393581396988,535.7643731329313,1017737
2023-07-14,538.2073673192282,539.9223838995226,535.4365486595259,537.6696976216066,720608
2023-07-17,542.2212921333514,542.2590575898099,539.0281680940489,541.6796125208307,878374
2023-07-18,538.7580737301882,541.2804306905721,537.6950064300505,538.219853876312,535554
2023-07-19,548.9543246874562,549.8002016313404,547.6754086876484,548.4059187686876,1446400
2023-07-20,551.2529912850642,551.2312454367162,549.0168468000435,550.7022889960682,1045407
2023-07-21,539.4337785019087,541.7136562970155,534.1212673647927,538.8948836182905,1139518
2023-07-24,530.612147160208,532.2998907593288,529.1315906935343,530.082065095113,1793799
2023-07-25,538.5175916858553,539.3876746920647,535.609286375873,537.9796120737816,1494601
2023-07-26,543.2291963941939,548.5918074732572,541.0625503245221,542.6865098843097,1910933
2023-07-27,524.877362529955,525.4254428837074,522.4817999294464,524.3530095204346,148941
2023-07-28,537.8203488419053,538.7067549140603,536.8713222485508,537.2830657761293,360867
2023-07-31,543.8249692183803,544.8115511836371,542.0234900510917,543.2816875308495,1643065
2023-08-01,557.192415264498,557.096680462192,556.3686518787804,556.635779485013,1160391
2023-08-02,553.5671153450517,554.8277942682064,552.8425145106119,553.0141012438079,1977337
2023-08-03,550.8422000668934,550.8132834295172,549.766051267939,550.2919081587347,1364009
2023-08-04,539.8936706917801,544.9037725109063,538.2718560508633,539.3543163754048,1676953
2023-08-07,564.7638609127496,564.8027750236189,562.7640823776071,564.1996612514981,347404
2023-08-08,563.2062817027676,566.7155017464225,560.559680735615,562.6436380647029,199018
2023-08-09,579.5256587729277,579.7477170149334,576.7829809785304,578.946712060867,1087008
2023-08-10,573.0054050999628,574.1662462129445,567.5771634426378,572.432972127835,1096544
2023-08-11,574.9246222370355,578.4959320549859,572.5749361749043,574.3502719650704,440104
2023-08-14,557.8585029896288,557.6552537035734,552.974823526782,557.301201787841,1762036
2023-08-15,554.237241140938,553.874433734948,546.1889033377371,553.6835575833546,759940
2023-08-16,564.2732773117837,564.3943536907325,561.7561674660279,563.7095677440396,886582
2023-08-17,551.7852649182,557.1677307057006,549.3385592317949,551.2340308873128,681684
2023-08-18,562.6556232590847,564.5684962900555,557.4553553744917,562.0935297293554,1033944
2023-08-21,566.2963015012584,566.825684815563,558.3813288019602,565.7305709303282,1639152
2023-08-22,555.8816194883052,556.5426558128007,548.1392503680546,555.3262931951101,930780
2023-08-23,551.0851922357501,551.2370612428093,546.5802787506948,550.5346575781721,506517
2023-08-24,546.7520445559758,546.8287296405241,541.9526939828315,546.2058387172585,1351693
2023-08-25,546.4835335047986,547.0488475746084,543.4362398706211,545.9375959088898,1103193
2023-08-28,541.4283720883458,544.324911790739,540.2882202900634,540.8874846037421,422094
2023-08-29,533.5825681003093,535.5309761828223,532.0975502369221,533.0495185817276,1191903
2023-08-30,530.8707240118737,531.1110564964576,527.96114437336,530.3403836282455,501268
2023-08-31,521.2705803296756,521.1288916207699,518.6425521038288,520.7498304991765,693250
2023-09-01,509.37975604265887,509.8292284875425,506.02155191206185,508.87088515750145,320940
2023-09-04,509.1419110198007,510.0928324821487,507.93677075948665,508.63327774205874,1862393
2023-09-05,517.4368419157365,519.076575756104,514.3450164940779,516.9199219937428,1442182
2023-09-06,503.39958518403466,503.04342158893786,500.0947922876608,502.8966884955392,697666
2023-09-07,503.6328569056972,506.1000352140569,502.21335548161204,503.12972717851875,1190256
2023-09-08,497.9423266430654,500.0764914158903,497.036318277725,497.4448817613042,686072
2023-09-11,489.38350877896863,492.6183241081404,485.61464870124934,488.8946141648039,1904736
2023-09-12,497.0972322200057,498.6962402322016,493.70949100113864,496.60063158841734,1400585
2023-09-13,492.65974048524873,493.28224322838213,491.3289831268717,492.1675729123364,134679
2023-09-14,506.1436781211019,507.6178023073502,501.80634035993455,505.63804008102096,1001107
2023-09-15,499.24146636519123,502.398266955156,498.62559604736197,498.74272364154973,832037
2023-09-18,502.91452657736545,506.7619356106498,500.464425548251,502.4121144629026,1463354
2023-09-19,501.0583454588427,503.78584043475445,498.91205886617865,500.5577876711716,1947311
2023-09-20,494.4583315105741,494.9763679105717,493.77482116850945,493.96436714343076,348111
2023-09-21,499.886691273515,500.19983200493846,497.61525079084936,499.3873039695455,360541
2023-09-22,498.69224187561315,499.47725225780584,495.791478087225,498.1940478277854,338765
2023-09-25,504.30653732869575,504.05318171103784,502.02769014179387,503.8027345941017,1885876
2023-09-26,504.0790945260094,508.9515751931988,501.1036937708684,503.5755190070024,1485300
2023-09-27,494.4287792364464,495.1581960517841,493.82677279178654,493.9348443920544,964252
2023-09-28,493.71828490925094,496.72523291424386,491.11462703601194,493.2250598494016,807657
2023-09-29,494.377615602398,495.51564868611547,492.54694996514934,493.8837318705275,1190218
2023-10-02,503.10465561679,503.63955102409375,501.33226981604366,502.60205356322683,1721409
2023-10-03,495.09895443524533,497.463684137898,491.75427836219893,494.6043500851602,166593
2023-10-04,494.9466167803944,497.84163338500554,493.0232502150327,494.45216461577866,505317
2023-10-05,479.8044322625524,481.7363081653267,477.07756310345565,479.32510715539706,1317801
2023-10-06,485.6230787250024,485.1668638401934,479.99744690688357,485.13794078421824,518466
2023-10-09,476.3639717834586,477.29191114280695,472.81735036192663,475.8880836997589,1938882
2023-10-10,461.0659118455393,461.90475512393243,460.03005500705876,460.60530653900037,1733340
2023-10-11,460.75900010018665,462.58751606613106,459.81315411412794,460.2987013987879,1641228
2023-10-12,470.1135943887004,471.5027475330768,468.73118918727397,469.6439504382622,755320
2023-10-13,457.40181727180135,459.0481968774093,456.881499376513,456.944872399402,197310
2023-10-16,448.6268403613514,449.18664309990896,444.8991670051092,448.1786616996518,264120
2023-10-17,442.80424628738183,446.86826955485304,440.2740602276328,442.3618844029789,1126075
2023-10-18,433.9788505283061,436.2296860865773,431.73143591920257,433.54530522308306,479585
2023-10-19,437.1164950597063,437.73833776131744,435.17844337134466,436.6798152444619,1528874
2023-10-20,430.93900390133814,432.1950659570715,427.56536303041827,430.50849540593225,1550643
2023-10-23,425.5147663741659,425.8111682192488,424.4348682730402,425.08967669746846,503517
2023-10-24,430.1527680584109,431.94174603689333,429.2250837199585,429.72304501339755,567628
2023-10-25,424.4751742196521,424.77748717073626,421.53578718693655,424.0511230965556,1866843
2023-10-26,427.951748056529,429.7745926177429,426.69569446213643,427.52422383269635,1133777
2023-10-27,420.6403263628315,420.5024076376287,419.63226978285235,420.220106256575,189406
2023-10-30,411.630947859902,413.7479863974676,410.27151395273177,411.2197281317703,1677496
2023-10-31,398.19620236103253,400.27501733724375,393.8966529960502,397.7984039570755,1649773
2023-11-01,411.6958086787523,411.48909458726735,409.5072465296776,411.28452415459776,1240324
2023-11-02,409.4873008700628,412.02196158069967,406.6051720418148,409.07822264741543,487559
2023-11-03,411.4491736326467,411.3766946643568,409.86936352184034,411.0381354971496,1517746
2023-11-06,411.38389922460294,411.1514801034197,409.44437027611224,410.9729262983047,839446
2023-11-07,412.7330564411902,414.2204492141452,410.8219692062139,412.3207357054847,1955031
2023-11-08,413.2673817536854,413.45064789026765,412.7129536644007,412.854527226459,1723308
2023-11-09,427.6276598558016,428.86137792762065,427.16752960941585,427.2004593964052,633461
2023-11-10,419.80188868591074,422.1350119334028,415.86082589276464,419.3825061797311,1781644
2023-11-13,408.20105311898413,409.11782132135255,407.6149786644646,407.79325985912504,1758612
2023-11-14,400.92893992720445,401.2265644816437,397.5718447588719,400.5284115156888,527550
2023-11-15,391.45718771290353,391.6088459240938,390.46544990301777,391.06612159131225,1124570
2023-11-16,396.87713285753455,400.8548095289675,395.7536593471261,396.48065220532925,1459731
2023-11-17,402.8965896845076,402.7018689167402,402.45908366852365,402.49409558891875,442759
2023-11-20,396.0862538597681,396.9731151345007,391.64829991671087,395.6905632964716,1713287
2023-11-21,386.3316008479061,387.417950946365,384.9272817848888,385.94565519271345,307385
2023-11-22,384.0189836759658,383.80857253746166,382.4924522529828,383.6353483276382,1458404
2023-11-23,393.78860934937495,398.0728273498117,393.11529110920617,393.39521413523977,689395
2023-11-24,373.96056391721186,374.84109541410044,373.2269174047979,373.58697694027165,1908580
2023-11-27,377.6551177318188,378.5274459894669,375.4557421174642,377.27783989192693,318434
2023-11-28,370.49351228634487,371.73593682931113,368.0850277121265,370.12338889744746,722123
2023-11-29,377.5798878514362,380.67820482361583,374.7486792552569,377.20268516626993,1554865
2023-11-30,370.4049694900549,371.3157501441694,368.0839445960243,370.03493455549943,795898
2023-12-01,368.65027267494077,368.71829304689606,367.3358315275863,368.2819906842565,1137002
2023-12-04,358.8025998621287,359.89156001342616,356.7223690741761,358.44415570642235,587011
2023-12-05,352.6346413436191,353.91291512232954,351.4612261816842,352.28235898463447,136255
2023-12-06,361.5722900910669,362.32804665820527,358.963858965975,361.2110790120549,83000
2023-12-07,367.057581228806,370.8023227393359,364.54040145022543,366.69089033846757,1762680
2023-12-08,364.55065844178944,365.6977586976771,360.86401603182543,364.18647196981965,1620650
2023-12-11,358.9865740065248,359.89395149674186,358.1753147927167,358.62794606046435,1212205
2023-12-12,346.89293291405653,347.0256290553189,344.0906626760938,346.546386527529,1371879
2023-12-13,344.5737542691759,345.9894992654936,343.6303381797038,344.2295247444315,913602
2023-12-14,344.51999645086556,346.2244528370701,343.5526496886032,344.17582063023536,1082241
2023-12-15,344.13663788480125,346.75808121487023,340.62408239750624,343.7928450397615,324829
2023-12-18,343.69338691054315,344.55881109329135,339.4183559076473,343.3500368736695,237424
2023-12-19,336.8908949199136,339.45885868846693,333.8574184171548,336.5543405793343,966207
2023-12-20,336.6238469294631,338.25816630439255,335.83055711601514,336.28755937009305,1979644
2023-12-21,336.5242484157543,338.05119863677686,336.1072538265762,336.18806035539893,1838786
2023-12-22,344.4764384669086,345.54610352416086,343.7035875263927,344.1323061607479,1094369
2023-12-25,356.1891362486667,357.8909293643271,355.3268131070125,355.8333029457211,1189621
2023-12-26,355.4534074794975,356.6385929456101,354.0310071795666,355.09830917032724,1659681
2023-12-27,350.6927271876187,350.6375419710401,346.6593974506541,350.3423848028159,945470
2023-12-28,350.4228928741766,352.4955158164,349.54569583614193,350.07282005412253,787262
2023-12-29,346.7305089552679,348.8402702834032,344.95024237245116,346.3841248304375,1235785
2024-01-01,342.23564627880256,343.57091456403043,339.78564423351185,341.89375252627633,1050711
2024-01-02,342.0113256301263,342.8175178402692,340.734845612037,341.6696559741522,1123592
2024-01-03,335.7254195380391,339.2127574294566,335.1839791260056,335.3900295085306,115545
2024-01-04,339.5225302842991,339.3091502272621,338.7316285652904,339.18334693736176,1266084
2024-01-05,339.02335276586143,339.76917842770877,336.2213005165455,338.68466809776373,815495
2024-01-08,340.6847012965085,341.7021355724042,339.5221708852354,340.34435693956897,437996
2024-01-09,339.6992113087358,342.41623208783113,335.9393877034485,339.3598514572786,1581427
2024-01-10,335.38831485094096,335.8676604069264,333.28660138923857,335.0532615893516,339907
2024-01-11,329.7997306254554,331.47532604670783,326.69102555066127,329.4702603650904,407167
2024-01-12,328.52316753697266,328.80377883633827,327.74330806779943,328.1949725644083,74415
2024-01-15,325.409608913895,327.3204525966706,324.1147514800261,325.08452438950553,1469819
2024-01-16,326.9099001627602,327.3887381716005,325.82557153578915,326.58331684591434,1672087
2024-01-17,327.0146667349896,327.95167639297193,324.8589874634154,326.6879787562334,809403
2024-01-18,319.12665588839155,320.4281058966848,317.21684556406916,318.80784804035125,56316
2024-01-19,319.63994859055055,319.54410089654596,318.0667641246234,319.320627962588,940649
2024-01-22,312.0417101866331,313.4484573456569,309.9611051333409,311.7299802064267,549468
2024-01-23,308.7040024564803,308.9811677678498,307.4573478745534,308.39560684963067,501782
2024-01-24,307.1919335366608,308.0445560890766,306.7182556867943,306.8850484881727,1191410
2024-01-25,295.8397560932595,295.9820143266995,294.4889839397854,295.54421188137815,1442215
2024-01-26,296.44545252035164,296.31171817835866,295.2255664146232,296.14930321713456,1024610
2024-01-29,297.3697535297575,298.78151278519164,297.03926125505615,297.0726808489086,700043
2024-01-30,296.6429255151417,297.39811297311434,294.96426208672534,296.34657893620556,1807874
2024-01-31,294.49598276165955,296.5017534090153,294.08190909255273,294.2017809806789,1105333
2024-02-01,292.63340762296446,292.93596678662806,291.03140210613606,292.34106655640807,465749
2024-02-02,287.60670768000386,288.60791851885034,285.30259467488014,287.3193882917122,1632064
2024-02-05,286.3256036859872,286.69156165603675,283.7881839082214,286.03956412186534,272285
2024-02-06,283.592120023925,284.76793610045553,282.2099690248907,283.3088112127123,1743752
2024-02-07,284.1736492322683,284.66985587410005,281.91660861640526,283.88975947279556,362810
2024-02-08,278.1280811661067,279.171175149131,277.43134503775417,277.85023093517157,1156591
2024-02-09,279.4188358746484,280.4377934998244,279.0027743165106,279.13969617846993,1020786
2024-02-12,280.2509971714362,281.462522332278,279.2879656574585,279.971026145291,1926801
2024-02-13,279.6490502727968,282.3862271459995,278.7362245448993,279.3696805922046,617906
2024-02-14,277.5501608854259,278.69432738102176,275.3422000770114,277.2728879974285,255949
2024-02-15,280.42068570396583,281.1549129581702,276.59732543067884,280.1405451588071,938023
2024-02-16,272.1307254335607,272.2749006194985,270.6574221443728,271.85886656699375,661880
2024-02-19,274.49510769311854,276.13766248935553,271.0739658302414,274.22088680631225,1391342
2024-02-20,275.80579998860844,277.35638458672634,275.49777841721976,275.5302697188896,171626
2024-02-21,277.32301301637574,278.64810842034444,277.0196825965107,277.04596704932646,676689
2024-02-22,279.34743570663926,279.57159716581975,278.05483177921263,279.0683673393,1791177
2024-02-23,276.17255340973645,276.40706429354907,273.37378248583235,275.8966567529835,1347022
2024-02-26,274.9932869354581,277.87482540494466,273.08667283483106,274.71856836709105,289025
2024-02-27,278.25671366748975,279.02417567020984,277.85685608251345,277.97873493255724,88309
2024-02-28,280.5249935076696,281.9009926497316,279.9838177427701,280.2447487589107,1080772
2024-02-29,281.68105827213276,282.8999574368385,280.6126101118317,281.39965861351925,1115041
2024-03-01,274.1158040718737,274.7700883572496,273.62400212330385,273.841962109764,423010
2024-03-04,276.87949829632777,276.70611521007004,275.69058559204217,276.60289540092685,1819284
2024-03-05,282.8187639641281,284.7067187670476,281.94059519918926,282.5362277363917,102565
2024-03-06,288.07193383790366,290.4383723782997,287.71363946984957,287.78414968821545,1871608
2024-03-07,289.39996011821086,290.3549244844601,288.14183299443954,289.11084926894193,61570
2024-03-08,281.4015330398438,281.46804043952045,280.18668452472787,281.12041262721664,1164988
2024-03-11,286.2883668887533,286.2882100859661,285.7999608786949,286.00236452422905,1954783
2024-03-12,285.64412146088847,287.3724355615485,285.15614384416864,285.35876269819033,1967020
2024-03-13,272.73726108750634,273.0855648733453,270.8674935712997,272.4647962912152,1914742
2024-03-14,274.69823634540995,275.80703160569374,272.26950550113156,274.4238125328771,509020
2024-03-15,267.43003799568567,268.1539018095868,266.9824278509346,267.1628751205651,1443771
2024-03-18,261.29634704170286,262.49988801187453,259.2293379300322,261.03531172997293,630349
2024-03-19,258.4145059636545,259.14119624796285,256.7345088670175,258.1563496140405,657187
2024-03-20,264.43734371340804,264.65160017276753,263.1847893172113,264.1731705428652,923783
2024-03-21,262.7780072236175,265.0040946850303,261.8483331092425,262.5154917318857,885875
2024-03-22,264.1649744071533,264.3193187815222,263.87861934185815,263.9010733338195,1042366
2024-03-25,272.58223981296663,272.4593721738871,271.9687034470072,272.30992988308356,257742
2024-03-26,280.5124154270818,283.37365506022246,279.99255518203114,280.232183243838,1647966
2024-03-27,280.10283491421586,280.3285914668088,279.0182860034836,279.82301190231357,730431
2024-03-28,278.9972319486006,279.85587632101095,278.6614509937089,278.71851343516545,922410
2024-03-29,272.7768699816436,273.50531229922274,269.7342333143398,272.5043656160276,1559495
2024-04-01,269.4762700445555,270.79764722681955,266.19516649358417,269.207062981574,143700
2024-04-02,271.6473585090471,272.90697257303333,271.2864866533675,271.3759825265206,1238781
2024-04-03,273.6910701763072,275.0663305642131,272.8229944581183,273.4176525237835,1414757
2024-04-04,274.34369589113373,274.854779804508,272.62764795817446,274.0696262648689,1696552
2024-04-05,279.3660170079188,279.9631260753751,277.17469893253167,279.086930077841,484203
2024-04-08,275.5939113889535,275.5615673218222,272.3466443414063,275.31859279615736,341564
2024-04-09,275.4260385024442,275.170361627711,274.6397897037525,275.1508876148294,1770518
2024-04-10,279.16153715216706,280.24595508697536,275.9836760508915,278.8826544976694,1050810
2024-04-11,282.2085496931955,282.72741853891733,281.171393365942,281.9266230701254,463383
2024-04-12,287.7616435200827,290.40910194923646,287.3647264103266,287.47416935073204,1680208
2024-04-15,289.9332693813923,290.2705006702977,288.9543166313243,289.64362575563666,626692
2024-04-16,288.4346043206371,288.72842865382034,287.23158501361564,288.14645786277435,582874
2024-04-17,290.4304871891068,290.53677365175844,288.42901896394,290.1403468422646,317600
2024-04-18,285.305415034683,285.4582200338082,284.3993126186733,285.020394640043,1367804
2024-04-19,277.0001681442486,278.4225576795841,276.52335894470815,276.7234446995491,640009
2024-04-22,280.00626761905613,280.5496575210071,279.4799795912426,279.7265410779782,1428413
2024-04-23,279.8404255180411,279.8126847148583,277.67115436710355,279.56086465338774,1221863
2024-04-24,281.5059291972033,282.13898866221655,280.07594623031486,281.2247044927106,1276426
2024-04-25,273.0162529700936,274.6074742443572,271.377035085591,272.743509460633,571256
2024-04-26,271.3312495087811,272.663658435369,270.1987210088517,271.0601893194617,820910
2024-04-29,268.51016912087505,268.7251982500052,267.7983236837436,268.2419271936814,144491
2024-04-30,264.44074391074406,265.4496990893798,263.35376125618734,264.1765673434007,717880
2024-05-01,253.81286404374333,253.6406956249668,253.0819958045953,253.55930473900435,1193339
2024-05-02,252.38453807842708,253.4712072585875,250.9273141539118,252.13240567275435,1936729
2024-05-03,256.5619370971189,257.6289920536766,255.9703287740122,256.3056314656533,1483111
2024-05-06,258.4241162379805,260.1801571086997,257.619119126249,258.16595028769285,324591
2024-05-07,255.73216572757082,255.85516922491507,254.2054860644676,255.4766890385323,262397
2024-05-08,255.76604475176444,256.8968693127774,255.4987411948976,255.51053421754693,1930732
2024-05-09,259.3525618333822,260.41552583522406,256.4055679124715,259.0934683650172,877276
2024-05-10,246.56978066742056,246.70477066431974,246.2293451614166,246.32345721021036,780114
2024-05-13,246.1157441608548,247.25160231176244,241.9440415366185,245.86987428656826,183119
2024-05-14,248.62067296267418,248.386030771032,247.1283874928483,248.37230066201218,176278
2024-05-15,251.7728254015212,253.02495633398254,250.89662272829167,251.5213040974238,83016
2024-05-16,259.5811541658824,260.41926601671156,258.67478073868335,259.3218323335489,831729
2024-05-17,264.98850690587,265.67205138205196,260.9852294105225,264.7237831227473,780349
2024-05-20,266.58542756401886,266.9895972750721,266.112535891694,266.3191084555633,1010789
2024-05-21,268.1411705719146,268.4059620036852,267.6345976639121,267.87329727464,608727
2024-05-22,272.04671705326865,272.09160857596373,269.16256906871723,271.77494211115754,964343
2024-05-23,269.514604181845,269.5494798556338,267.3879030082638,269.245358823022,1756790
2024-05-24,269.4275135134015,270.4909509013805,266.5934289648948,269.1583551582433,1631365
2024-05-27,273.9303337887086,274.3572103931528,273.3129035657174,273.65667711159705,76343
2024-05-28,283.6916384970959,285.867767530433,282.3822118740803,283.4082302668291,143337
2024-05-29,282.991894496742,282.8593640286502,279.1189957566782,282.70918531143064,1310533
2024-05-30,282.85861482939526,283.96826577751966,282.3796055182123,282.5760387906047,846811
2024-05-31,283.9823808555673,283.8266887036613,283.211100519789,283.698682173394,1480600
2024-06-03,290.96207497025665,291.0298973222095,289.6795899942656,290.67140356669,155847
2024-06-04,290.9197709950324,293.5822848483611,290.4965782176989,290.62914185317925,863160
2024-06-05,298.730591177811,298.8937511794365,296.72775383711803,298.4321590187922,1750070
2024-06-06,293.65229543465193,295.23235125403454,291.9699000673938,293.3589364981538,1026463
2024-06-07,292.78648886530533,293.53831858722333,291.4781211958842,292.4939948704349,1584158
2024-06-10,291.85931404736266,292.030213498402,290.6977545110137,291.5677463010616,531876
2024-06-11,296.10801195964746,298.9998599741728,294.3199523966753,295.8121997598876,213503
2024-06-12,301.79770751581447,301.80789195563466,299.836523742976,301.49621130451,542153
2024-06-13,293.71865760606374,294.79657485638467,293.3932319036042,293.4252323736901,1416548
2024-06-14,288.9980491620161,290.15519613377785,286.7494978588556,288.70933982219395,153345
2024-06-17,290.8660142500572,291.08773535387513,288.5632587114126,290.575438811246,466737
2024-06-18,287.53378350068635,288.2109361148377,285.3079801250985,287.2465369637227,1816149
2024-06-19,279.7693782243235,282.0075709190167,278.4970739587889,279.48988833598753,1050573
2024-06-20,285.1109829367469,285.81773695934487,284.68085364526974,284.82615677996694,105913
2024-06-21,287.76015080818723,288.34011179037657,286.84793064022335,287.4726781300572,1188440
2024-06-24,290.42982862202695,290.57864693846795,290.0939091001938,290.1396889330939,317364
2024-06-25,288.06056688508426,289.24290257606157,287.73711859546137,287.7727940909933,1765863
2024-06-26,293.5110006723542,293.2463074607746,292.7240646833766,293.2177828894648,1462320
2024-06-27,292.3607211092239,292.4534162656895,291.0478361146671,292.06865245676715,1743183
2024-06-28,298.24772027990247,301.4139809844497,294.72548196185073,297.9497705093931,942301
2024-07-01,293.4728557934104,294.0572642172322,292.84463047379563,293.1796761172932,180564
2024-07-02,289.0783368958609,289.56963061174116,287.91479715628316,288.78954734851243,1048382
2024-07-03,290.25898596253694,290.6054043991826,288.0812292827838,289.96901694559136,1086858
2024-07-04,286.7057130734721,288.336243613977,285.3800304378227,286.41929377969245,624173
2024-07-05,290.3062681252711,292.1621993849226,288.9725899917428,290.0162518733978,520068
2024-07-08,291.7815538996654,291.8777445821432,290.38475724321484,291.49006383582963,364234
2024-07-09,287.05083073768725,288.2218336593186,286.4509869181367,286.7640666710163,1938921
2024-07-10,287.5422120563938,289.2805667353337,287.18068633350896,287.25495709929453,1608276
2024-07-11,285.83917074228566,286.2973512074029,285.1180729438437,285.55361712516054,376652
2024-07-12,290.66563287153525,291.5544055221107,288.7668163594171,290.37525761392135,291373
2024-07-15,287.47246520009986,287.5315521551463,285.31615428490346,287.1852799201797,1755287
2024-07-16,285.31502180993084,285.1191330119875,284.49893062088626,285.02999181811276,626852
2024-07-17,291.64973152824115,291.48309728898863,287.75083896570203,291.3583731550861,643184
2024-07-18,303.51839607315424,303.2171804939767,302.0687693399544,303.215180892262,1516128
2024-07-19,314.5611243694687,315.997170063896,314.03078033418143,314.24687749197676,321318
2024-07-22,315.0450012403129,314.92513233131405,313.340783688784,314.73027096934356,631294
2024-07-23,316.4121802178179,316.33905573200553,315.70871671555597,316.0960841336842,529132
2024-07-24,325.2725129119277,325.3968658471262,322.69292474278916,324.9475653465812,1905130
2024-07-25,324.67414794593105,324.90332402478174,322.810969796126,324.3497981477833,1591194
2024-07-26,319.09818164934734,320.20572977865686,318.61881701859375,318.7794022471003,391768
2024-07-29,319.89720566112686,320.38081997782376,319.02896545051266,319.5776280330938,949806
2024-07-30,322.62514446313963,322.38709252078064,322.15038379355974,322.30284162151816,1078832
2024-07-31,317.9391926224628,318.52019920091345,316.0279284451608,317.6215710514114,408648
2024-08-01,308.6452213223373,308.5195372772831,306.8063532668299,308.3368844378994,1099167
2024-08-02,300.78684076505937,301.40400497513326,300.0014007695277,300.48635441064874,1936658
2024-08-05,304.5099722026513,307.25384399659174,304.1648630728227,304.20576643621513,1025956
2024-08-06,300.47505329610254,302.16963164885334,299.79531880222174,300.1748784176849,240695
2024-08-07,299.8308342914579,300.2051767768953,298.7060566104928,299.53130298846946,1560066
2024-08-08,301.0980100506523,300.8778543418779,299.4141082791755,300.7972128378145,1021281
2024-08-09,304.57412089347395,307.6027684698516,304.17764995255044,304.2698510424315,139879
2024-08-12,302.85997641735423,303.04597798997975,301.8766674780639,302.5574189983559,613158
2024-08-13,305.69993337592183,305.5271495562132,304.8993214633694,305.3945388370848,1114507
2024-08-14,300.924643864798,301.0796551945541,298.50229130127514,300.62401984495307,855892
2024-08-15,299.08581180059105,299.2440840777862,297.29166391687323,298.78702477581527,1590028
2024-08-16,293.6905326910895,295.46605143206193,292.2737677930835,293.397135555534,1346938
2024-08-19,299.7910888608465,299.51999609380107,298.8222290285026,299.49159726358295,148861
2024-08-20,299.76493146641644,302.6088424340288,297.0843956087305,299.4654660004161,1563670
2024-08-21,295.8957789398525,296.9038069717294,295.5172652329267,295.60017876109146,1115296
2024-08-22,294.137434152897,294.86330160118473,292.57304946152465,293.8435905623347,1169446
2024-08-23,293.0812258582145,294.25505390329886,290.8516171218985,292.78843742079374,909284
2024-08-26,296.89409604075917,299.2922365338836,295.1227413857462,296.59749854221695,795676
2024-08-27,288.485697431049,288.6738405963811,287.32059138796524,288.19749993111793,838983
2024-08-28,283.2152197755357,283.01460560695347,282.671189328847,282.9322874880477,872662
2024-08-29,281.40103243280214,282.4190195115208,280.9375040141187,281.1199125202819,1098551
2024-08-30,294.34034464303664,295.89193975119196,292.59684314951323,294.046298344692,443029
2024-09-02,299.5214605803735,300.8857297210546,298.51264998648435,299.2222383420315,1268185
2024-09-03,299.0404638011579,299.2587827454596,297.2121816402174,298.74172207907884,1466577
2024-09-04,302.9926538961111,304.80111030783854,301.9622141611,302.68996393217896,1422010
2024-09-05,314.33491031780216,314.236472857164,310.92377328065766,314.02088942837383,1401275
2024-09-06,313.1381918452734,312.98392598107705,312.37063734933577,312.82536647879465,1801582
2024-09-09,311.1982399469148,311.42974846714947,310.5718672554982,310.8873525943205,821808
2024-09-10,318.1115803633877,318.8813743800842,317.4151688944275,317.79378657681093,1330329
2024-09-11,321.06855633712155,321.36670179147416,319.6119185695668,320.747808528593,1859963
2024-09-12,325.07685415838074,325.96406933241326,324.0736004780445,324.7521020563245,1997952
2024-09-13,322.23316078104364,322.76264336911777,321.8790167502846,321.91124953151217,1002061
2024-09-16,333.52289035634954,335.71519536787946,330.4219406976533,333.18970065569385,1346478
2024-09-17,343.9197595478874,346.892937466283,342.53289722591524,343.57618336452293,1422987
2024-09-18,347.5609433608999,347.41505720012486,346.2802637657621,347.2137296312687,574812
2024-09-19,351.9810368391137,352.36461489732886,351.2399113239966,351.62940743168207,1113736
2024-09-20,339.27788294438176,339.7733584476094,336.5422512862738,338.9389440003814,337044
2024-09-23,343.3081724863962,344.59732214104065,342.8117245207354,342.9652072791171,1160713
2024-09-24,342.2460770615346,342.15450799651734,340.45058107395954,341.904172888646,188246
2024-09-25,345.05610515680917,346.5031901138828,343.07083766541103,344.71139376304615,630507
2024-09-26,349.4329746516831,350.2999207303433,349.0307551533535,349.0838907609222,573045
2024-09-27,347.4261790531975,347.2513806993149,344.1883773022641,347.0790999532443,1458031
2024-09-30,336.99351761555147,336.92866835646856,335.41912445012605,336.6568607547967,282302
2024-10-01,339.3598821204009,339.64836841174593,337.6045406626579,339.02086125914184,1277550
2024-10-02,334.9669839260218,335.0447580137099,334.24642485616386,334.6323515744474,1382671
2024-10-03,333.1101789834431,335.3627841280533,332.43019439572197,332.7774015818613,590568
2024-10-04,329.61887412781505,330.27042363920543,328.21400478811114,329.2895845432718,1394538
2024-10-07,327.72419498775037,327.8686918436675,325.88640410732614,327.39679818956085,1259294
2024-10-08,314.2314191584574,314.1593430746668,312.8021994493461,313.91750165680065,1243522
2024-10-09,321.24044344764167,322.4999321229156,320.1296115207243,320.919523923718,234379
2024-10-10,322.83394891665034,324.476331235798,318.2847844385343,322.5114374791712,796482
2024-10-11,329.42151535495094,330.88973262496705,328.94484139069965,329.09242293201896,689132
2024-10-14,341.29300993219346,342.2836053448179,340.5164176071869,340.95205787431917,954609
2024-10-15,341.56840685117254,343.8670583183841,340.04573185958964,341.22717967150106,1751091
2024-10-16,330.62332320376885,332.63621458551484,327.90077683813325,330.2930301735953,555908
2024-10-17,325.4359367377969,326.3111239112965,323.1782266706686,325.11082591188506,706909
2024-10-18,318.49632955442814,320.0565321118433,318.08116208254995,318.17815140302514,1841341
2024-10-21,315.7465922748296,316.4367044825328,314.9586017038555,315.4311611137159,874185
2024-10-22,316.3256429928921,316.7966812749766,313.0947063533563,316.0096333595326,80939
2024-10-23,305.05207393250004,307.16102574307024,300.92398303634405,304.74732660589416,1465423
2024-10-24,307.0546812855078,306.7957358040012,305.38513523013984,306.74793335215566,675151
2024-10-25,298.8298612484528,300.44219748082827,296.95723614479186,298.5313299185343,1337548
2024-10-28,300.5489758782711,302.06581691002935,299.3121831614735,300.24872715112,1166963
2024-10-29,300.0769352849765,301.15029702589317,299.17821480843315,299.7771581268497,942380
2024-10-30,298.50299686802276,299.2234436551631,297.4891322938933,298.20479207594684,402273
2024-10-31,298.2300072278829,298.0385429407351,297.89999107053484,297.9320751527302,1804533
2024-11-01,295.45176857690694,296.0850217096457,292.80822326775564,295.15661196494204,1715815
2024-11-04,292.3128180937157,293.2081890059829,291.1204265418534,292.0207972964193,724285
2024-11-05,283.5757724088304,283.7698562692598,282.800925293578,283.2924799289015,986846
2024-11-06,283.5380438896613,283.3172715361206,281.4852621504459,283.2547891005608,1345375
2024-11-07,293.0705511946386,293.9860760599351,291.461621636656,292.77777342121743,772604
2024-11-08,303.6354975543823,305.98234772441174,302.63026498109775,303.33216538899336,1225245
2024-11-11,310.9813398419045,311.6802708967977,310.1587536855007,310.67066917273183,172495
2024-11-12,315.056649183706,316.47808623901534,311.974611627413,314.7419072764296,1802064
2024-11-13,311.34641725660214,311.04169273419177,310.2386607249993,311.0353818747274,598308
2024-11-14,319.55654762456777,320.37627192146766,319.09840500111244,319.23731031425353,942841
2024-11-15,319.36160216890175,319.8073221186867,317.6796918632464,319.0425596092925,1199806
2024-11-18,319.0934939058523,321.6901851402805,318.23088313452644,318.77471918666566,505142
2024-11-19,317.54849351586336,319.4079748760594,315.5707138933409,317.23126225360977,598378
2024-11-20,318.2012335648329,318.74053293264967,317.70778672262793,317.8833502146183,1019133
2024-11-21,315.83584581160187,315.66101678878016,315.1104065239876,315.5203254861158,138036
2024-11-22,315.4859524333298,317.1903036643946,311.94356798973126,315.17078165167817,684934
2024-11-25,309.45306034267094,309.529500786718,309.11127651687985,309.14391642624474,1180137
2024-11-26,307.4955529162754,307.42032411319826,306.1870695057104,307.18836455172374,326569
2024-11-27,320.2413242990915,324.24591304676983,319.6506089777567,319.92140289619533,642636
2024-11-28,319.96833571179803,319.8046357945079,318.1272428821487,319.6486870247733,1926592
2024-11-29,318.7218529413262,321.73594338511583,316.3793184710725,318.40344949183435,1700462
2024-12-02,321.9036477983581,322.6627205363527,320.4665980348085,321.58206573262555,422643
2024-12-03,326.1355344105034,325.99274701419586,323.8129211867944,325.8097246858176,1398993
2024-12-04,319.72775602588666,321.41425652453665,317.68645970565325,319.4083476782085,1204280
2024-12-05,318.66350636133023,319.72551804999705,318.3260786174485,318.3451612001301,1456877
2024-12-06,324.0582281518963,324.3263382744383,322.1394782716434,323.7344936582381,482525
2024-12-09,325.7619070428052,325.9926604318381,323.5359580045507,325.436470572233,1785849
2024-12-10,326.607395625132,326.5508543890903,325.9351505474502,326.2811145106214,1047301
2024-12-11,335.8740848818142,337.03040521643993,333.5397378215898,335.53854633547877,1629513
2024-12-12,331.9108836538614,332.88519832842724,330.49390692602094,331.5793043495119,1534323
2024-12-13,332.5380864045308,333.10223419442195,330.7179771347812,332.20588052400683,692050
2024-12-16,329.55827581314503,330.0509816391711,328.93845081746275,329.2290467663787,61706
2024-12-17,338.53076159219535,340.5255086043668,335.1955515338249,338.1925690231722,1159559
2024-12-18,326.7724910109857,327.72900361658924,326.26201087943235,326.4460449660197,772454
2024-12-19,322.9615707225015,323.6903662480504,321.5959298190049,322.63893179071084,554806
2024-12-20,320.0146822409143,322.280768480102,319.45894575446226,319.69498725366066,313060
2024-12-23,323.964930437181,323.7564628794565,322.8946606259981,323.641289148033,442994
2024-12-24,327.6300119786499,328.47727599252204,325.7685642802029,327.30270926938056,1559519
2024-12-25,335.9890798099753,336.28631536409847,333.21379757383653,335.65342638359175,451423
2024-12-26,326.6041168723415,326.66903069413746,325.2402489452408,326.2778390333082,1515604
2024-12-27,331.1467869697855,332.66323747519317,328.90044951063766,330.8159709987868,266500
2024-12-30,329.5311908314836,331.35871929931994,327.5051095475934,329.201988842641,1815424
2024-12-31,325.7148873951353,327.1808489773584,324.64767192550323,325.3894978972381,516153
2025-01-01,329.0086725595548,329.0670117515389,326.7003084724861,328.67999256698783,1631093
2025-01-02,323.6911467264668,326.2054587115631,322.84378524497225,323.3677789475193,488162
2025-01-03,311.7196907912963,313.0368891845431,309.0529912944271,311.4082825087875,456819
2025-01-06,309.76717628815834,310.9689600759148,308.7098231789593,309.4577185695888,1361515
2025-01-07,301.5398749169832,303.81892758579886,300.55895600995666,301.2386362807025,241520
2025-01-08,298.1384331356964,298.2823131351662,296.65527298259576,297.84059254315326,540387
2025-01-09,300.251707451749,301.82243321693767,298.79081839058637,299.95175569605294,1250309
2025-01-10,302.0580942200719,302.6733176118374,300.3452499196935,301.7563378821897,140986
2025-01-13,310.80703659230784,310.7905603365457,308.24457770397015,310.4965400522556,581504
2025-01-14,309.8144620707051,309.50673352280717,309.1047908670261,309.5049571135915,872126
2025-01-15,301.3875946451647,301.7234517579586,301.0064807796882,301.0865081370277,1228807
2025-01-16,297.4064160006915,299.38042448141863,296.9947513568097,297.1093066939975,441844
2025-01-17,292.60369792906585,293.68622468760805,291.712364319118,292.31138654252334,1141124
2025-01-20,286.30668879139495,287.91204649750165,283.9643444402952,286.0206681232717,1394230
2025-01-21,288.6649556273772,290.0329206106041,287.7657888668768,288.3765790483289,756739
2025-01-22,285.4278852743155,287.07506888640955,284.11136349504505,285.1427425317837,482336
2025-01-23,275.3829745060535,275.5900758657207,273.39379013966527,275.1078666394141,546202
2025-01-24,278.9477675899472,279.5807810364987,276.6887591612461,278.66909849145577,1136089
2025-01-27,278.49993586005274,281.51979563710876,277.7503247883581,278.22171414590684,55380
2025-01-28,280.40022921832883,281.2526116228844,277.6830252230799,280.12010910921964,393254
2025-01-29,281.0460565136823,280.9837187813289,279.92340106832717,280.76529122245984,268062
2025-01-30,284.3539773802285,284.74691281557796,283.1993707683137,284.0699074727558,990153
2025-01-31,284.66238300570046,287.38309035890575,284.35280411975344,284.3780050006998,1642172
2025-02-03,291.1105242014205,291.02168496405784,288.5599254949467,290.81970449692363,1741076
2025-02-04,293.4539453630221,294.265165316464,291.15715589915044,293.1607845784437,1338831
2025-02-05,295.64236737662236,295.49639478780347,294.34523135761896,295.3470203562661,641410
2025-02-06,297.94182952601767,299.19203818968873,296.7110213218884,297.64418534067704,141353
2025-02-07,290.2491999090601,291.0635602574559,288.0411002433182,289.95924066839177,1078034
2025-02-10,289.5052338849551,289.77472942250114,289.1073927228915,289.21601786708806,434774
2025-02-11,288.2697845484456,288.7797977382171,286.49776656871126,287.98180274569995,905309
2025-02-12,289.4620934601417,289.8249679898902,288.23668115481644,289.17292053960216,1217555
2025-02-13,282.4987212850319,284.5715237067389,280.22758563982944,282.2165047802517,186529
2025-02-14,290.92122630519,291.8797968992725,289.0170392207823,290.63059570948053,233592
2025-02-17,291.5843061786547,292.46230092641906,290.4093772051913,291.29301316548924,90309
2025-02-18,285.3433903160609,285.8120500193466,283.59767364996077,285.05833198407686,1833398
2025-02-19,276.6804450780322,277.07321737868017,274.744979216548,276.40404103699524,1692820
2025-02-20,275.3903048427534,277.11883280664364,273.27341663266793,275.1151896531003,420973
2025-02-21,275.05600541170315,274.8080785372867,274.40608395836523,274.78122418751565,713689
2025-02-24,271.60982555211626,273.85584904194195,269.9354024163584,271.33848706505125,1228876
2025-02-25,272.1688786798853,273.19039790769506,271.736058445655,271.8969816981872,1387834
2025-02-26,269.13666758033577,269.2106568903489,267.9456162832491,268.86779978055523,809226
2025-02-27,271.91687480637665,273.51767520219835,269.67026762177983,271.64522957679986,854754
2025-02-28,268.47943581157944,268.67224349995155,267.7875266020915,268.2112245869925,1433731
2025-03-03,268.40083630321374,268.82776045565834,267.47653388587366,268.13270359961416,1684705
2025-03-04,273.2372452218344,274.9449737588189,272.41878486536115,272.96428094089356,306945
2025-03-05,285.9947703260702,286.6566547060521,282.835797225877,285.7090612648054,430290
2025-03-06,280.92198629563967,280.6487882237145,279.5592840454082,280.641344950689,1508133
2025-03-07,278.6855961879756,278.90722278736285,276.8527968687572,278.40718899897666,993464
2025-03-10,274.58423697311144,275.3229535254301,273.8021042054265,274.3099270460654,407124
2025-03-11,278.5706937118944,279.9473776315696,278.15806918473095,278.29240131058384,1119358
2025-03-12,272.92530776552405,272.7353522493218,271.55982605422355,272.65265511041366,153175
2025-03-13,270.6550657133629,272.7263002456802,269.8593115683324,270.3846810323306,1597465
2025-03-14,270.6191830584185,270.49826028397877,268.2313584052264,270.3488342241944,726962
2025-03-17,265.9602119493066,265.7223515038182,264.42005647583096,265.6945174318748,107419
2025-03-18,261.4836747876312,262.08154806584173,260.0235010942784,261.2224523352959,1869562
2025-03-19,259.34971541976455,260.40020298264676,258.7948180673816,259.0906247949696,756765
2025-03-20,249.6480446993382,251.12486786205992,248.5268270356319,249.39864605328492,1619978
2025-03-21,243.2524707484328,245.28321383236084,242.48851296659117,243.00946128714568,976591
2025-03-24,241.5413434618386,242.91913300519556,240.65885044171415,241.30004341842022,131904
2025-03-25,242.2824883125988,243.92558274846138,239.94410632556674,242.0404478647341,1198218
2025-03-26,241.56934586758362,242.05220070914436,239.18080916262883,241.32801784973393,225714
2025-03-27,233.95237680976442,234.14405061284577,233.6973379255263,233.71865815161283,325856
2025-03-28,232.092945024746,233.20248939674582,231.81304403654693,231.86108394080523,1901155
2025-03-31,235.52145068600538,236.5125860035578,235.18742420312924,235.28616452148393,1110008
2025-04-01,237.97224574364972,239.79050014171756,237.5120975750447,237.73451123241733,543476
2025-04-02,237.7301766922234,238.60180382710234,237.08850654256517,237.4926840082152,1402235
2025-04-03,234.02814450224315,234.14357485844042,232.62047711737966,233.79435015209108,1172594
2025-04-04,236.78081646746654,237.78805008560323,235.9941439868154,236.5442721952713,1479431
2025-04-07,234.40816006614054,234.56714471944474,234.02491568324137,234.1739860800605,1348663
2025-04-08,229.56851640144828,231.63252422505118,229.33904688396845,229.33917722422407,487473
2025-04-09,226.3455796189975,226.7640639344738,225.99792594542723,226.11946015883868,819206
2025-04-10,232.33705152079125,232.73428893394842,231.9066549353435,232.10494657421705,909554
2025-04-11,233.35085115927166,234.5758008910048,231.95302371036522,233.11773342584584,389492
2025-04-14,238.31345206878802,240.57027775831799,238.06504565273897,238.07537669209594,631031
2025-04-15,236.35265483455393,236.97876601812757,235.91104502784475,236.1165382962577,1275873
2025-04-16,240.43846761154856,242.85001863821316,240.13647455016115,240.19826934220637,805902
2025-04-17,237.93145736465655,237.84323021874954,236.50170035247996,237.69376360105554,705445
2025-04-18,237.35246386586346,237.28065421894252,236.13135866514762,237.11534851734615,757881
2025-04-21,248.07000773160814,250.19579114012632,246.52111025064198,247.82218554606212,384072
2025-04-22,251.5948149761568,251.7692720340758,251.10136669034986,251.3434715046522,1892983
2025-04-23,249.42586118085072,249.19243712757915,248.2877549036819,249.1766844963544,1373847
2025-04-24,249.1448837783673,249.63451056166704,247.57511185366099,248.89598779057675,76114
2025-04-25,250.70758716224375,252.44359404594076,250.158953432878,250.45713003221158,1593632
2025-04-28,256.27040810820034,256.09533217147936,255.3423153257874,256.0143937144859,1898065
2025-04-29,254.11667325543658,255.1822343422999,251.6277906074145,253.86281044499162,1650812
2025-04-30,246.25341461382845,246.64467043773482,243.92904705292693,246.00740720662185,114542
2025-05-01,245.11244704124613,245.23027160865544,244.82805644582538,244.86757946178437,495758
2025-05-02,245.27843333221918,245.12841707529157,244.90455236768574,245.03339993228693,201941
2025-05-05,245.86021647608166,245.6498154909054,244.30452405430674,245.6146018742075,67927
2025-05-06,251.78561204627448,252.6861350290135,251.4462769961666,251.5340779683062,451745
2025-05-07,253.3216587351675,254.6043125320916,252.30450146697257,253.06859014502248,1877176
2025-05-08,257.1297802855977,258.6525488923446,254.05427389354932,256.8729073782195,609328
2025-05-09,252.13637126013415,253.35948318826897,250.53136860788544,251.88448677336083,1160400
2025-05-12,256.17621941616636,257.14157551801264,255.7953833006054,255.92029911704935,1722583
2025-05-13,265.9447830188404,265.8027101324585,264.55369419779777,265.67910391492546,1908624
2025-05-14,269.75114784542035,270.51303226986465,268.04041694697816,269.48166617924113,1690283
2025-05-15,271.09025970855663,271.12604184309663,270.6812844738453,270.81944026828836,151962
2025-05-16,271.9501670727338,272.3207021067748,271.15338173215684,271.67848858414965,1872259
2025-05-19,280.8072593963906,281.56897144459174,277.1581012680119,280.5267326637269,1108801
2025-05-20,276.23318414369453,276.35311372441925,274.7253577460424,275.95722691677776,809953
2025-05-21,275.79132253332443,276.88255294177094,275.45014906669894,275.5158067265979,1374224
2025-05-22,278.18628960799555,278.6829599245288,276.99308006488036,277.9083812267688,80878
2025-05-23,282.02310890384064,282.07181691283006,281.62719839138475,281.7413675363044,1207306
2025-05-26,279.91592917332787,281.82912492297805,277.9544940997228,279.63629288044746,1270350
2025-05-27,281.5763991805798,282.3691262788696,280.72108067284586,281.2951040765033,297674
2025-05-28,280.2804886771545,280.2149353155926,279.84991800280966,280.00048818896556,1803394
2025-05-29,281.0004525737368,281.3030322008563,280.09424547466017,280.719732840896,256964
2025-05-30,280.4448018022242,281.7917527165207,278.57965318770835,280.1646371650592,259507
2025-06-02,274.7942764919204,275.46894468590347,273.12904462644127,274.51975673518524,881551
2025-06-03,274.7998277485655,278.39115985123095,273.9655969978828,274.52530244611944,1664196
2025-06-04,279.24855485794683,279.02521633881656,278.5363647813482,278.9695852726742,845212
2025-06-05,274.4996306957836,276.2204280165435,272.7192610337251,274.22540529049314,53481
2025-06-06,273.4182653553455,274.6018849334186,272.9616830411181,273.1451202351104,1160814
2025-06-09,276.7994341479675,279.9643423183092,276.2182913891835,276.52291123673075,1478015
2025-06-10,271.5797370118564,272.0118411430729,270.76443449623054,271.30842858327316,841638
2025-06-11,272.5812514136437,272.4104853219135,272.17604382988696,272.30894247117254,1011906
2025-06-12,267.48886374875497,267.55705012586714,266.1189253870169,267.22164210664835,1854501
2025-06-13,273.058943526688,273.2646421735053,270.693442355576,272.7861573693187,1821111
2025-06-16,284.5358924208108,285.16771135628056,281.1929805515715,284.2516407800308,1057089
2025-06-17,295.0070525984361,296.6090999451975,294.13831995274097,294.7123402581779,1756220
2025-06-18,293.96125077700384,295.11745137828996,293.07972161080795,293.66758319381006,409917
2025-06-19,297.9955251115541,300.03718862809086,297.3492837363026,297.69782728426986,140672
2025-06-20,298.7638187071886,299.85547641482503,296.58075200480596,298.4653533538348,1327780
2025-06-23,299.4324975933336,299.54779660326665,298.48275381155725,299.13336422910453,1021391
2025-06-24,307.89442198558737,309.3686497596701,307.4679013056966,307.58683515043697,507166
2025-06-25,300.70663090997357,301.47747138755057,300.0702758933093,300.4062246852883,522031
2025-06-26,306.53900103977946,307.66988028355365,306.0396466375355,306.232768271508,734901
2025-06-27,306.39145711085223,307.15961449505414,304.55437778808357,306.08537173911316,906813
2025-06-30,314.28225571203365,314.694073633379,312.90780852733775,313.96828742460906,1435786
2025-07-01,315.4672401967939,315.23271863765444,314.0270031800886,315.15208810868523,179287
2025-07-02,311.77379710941426,313.2484984576332,310.6293569800308,311.46233477463966,528791
2025-07-03,313.4538752708327,315.16332844840497,312.93776432412284,313.14073453629646,753083
2025-07-04,317.73178522436814,318.1550596758299,315.67661743582306,317.41437085351464,1651712
2025-07-07,318.06349471860995,318.7148297061983,317.71875197583296,317.7457489696403,846638
2025-07-08,320.9848872462373,321.5593391197807,319.0239117088312,320.6642230232141,747540
2025-07-09,318.0992629191296,318.52239902653116,316.3159483501293,317.781481437692,57589
2025-07-10,306.0084167582239,308.0234838965295,304.77116952443714,305.70271404417974,1885075
2025-07-11,311.08836166686325,311.5355835750144,310.42936320215824,310.7775840827805,975311
2025-07-14,315.1278817725226,316.16197855148897,314.507357034064,314.81306870381883,1543692
2025-07-15,316.09452298477976,316.6685242787748,315.66545935729323,315.77874424053925,1794520
2025-07-16,316.6102742354433,319.1297342297396,314.81326402726944,316.29398025518816,292440
2025-07-17,322.6428302200157,325.3822398703352,319.0656970556325,322.32050971030543,168491
2025-07-18,320.11728699496945,321.8475650266449,319.2808858558336,319.797489505464,112691
2025-07-21,316.17428484134075,316.27067026293366,313.4981764700947,315.8584264149259,1892288
2025-07-22,315.22776918124214,315.3548630666102,313.0126456427635,314.91285632491724,780290
2025-07-23,322.1009940181765,323.3390021294008,318.60527602260066,321.7792148033732,1004167
2025-07-24,314.18768564748507,316.806484684166,312.2985077618867,313.87381183564946,182805
2025-07-25,321.0536875487151,321.3453859081281,318.04861354347145,320.73295459412105,460657
2025-07-28,317.4879672626519,318.26074329811394,314.57120737046665,317.1707964661858,490099
2025-07-29,311.3245298696456,311.7819902885042,309.00903653755836,311.0135163532923,1939749
2025-07-30,318.51032313436303,320.5344426716609,318.01089750934227,318.1921310033597,1495760
2025-07-31,318.0823167096884,320.03913176183426,316.9132725937362,317.76455215753094,973356
2025-08-01,310.76515983437434,310.87682083479405,307.6609815965378,310.45470512924516,1180632
2025-08-04,308.88287110022924,308.9567787969998,308.05390477401187,308.57429680342585,901983
2025-08-05,314.1830509072798,314.98251235608416,312.82912087111447,313.86918172555426,143008
2025-08-06,321.05033254773303,321.9920059764413,320.4341014205093,320.72960294478827,784116
2025-08-07,318.71066853947485,320.19133138680866,316.8941132569505,318.39227626321167,1516983
2025-08-08,321.16920891341096,321.72164678353727,320.26774571257744,320.84836055285814,1768606
2025-08-11,325.42591155115264,325.1106457143499,325.089662284665,325.10081074041227,1632451
2025-08-12,321.78015502263065,321.7437714424748,320.84021179722873,321.4586963263044,303354
2025-08-13,323.9653303919297,325.9306249238686,323.08572356559506,323.64168870322646,1659463
2025-08-14,323.9091041241464,324.0156094517315,320.51321680767273,323.58551860554087,460406
2025-08-15,320.91353009884017,322.0246778329313,320.0122782885947,320.59293716167855,68256
2025-08-18,318.1991097025315,318.1353462010507,317.57218233459815,317.8812284740574,602279
2025-08-19,318.7104132572444,321.3604726332472,317.4075297675186,318.3920212360084,775278
2025-08-20,319.00923894406793,319.6864925214058,317.48672611175067,318.6905483956723,171734
2025-08-21,315.88978377217353,316.06827244857146,313.26409699963,315.574209562611,1253332
2025-08-22,313.5942866568139,315.82623082442154,311.5387897471282,313.2810056511628,1695943
2025-08-25,320.00425307247406,321.9458961548304,318.2249817168608,319.6845685039701,1739033
2025-08-26,321.3639941727851,323.7505043930884,320.8865211841884,321.0429512215636,1002805
2025-08-27,326.6124931314531,327.4705744058781,325.5907108550609,326.28620692452864,568416
2025-08-28,333.80876128392674,334.75094459949975,330.213582479212,333.47528599792884,1223101
2025-08-29,337.4804596107083,337.24884258922407,333.15451989990095,337.1433162944139,543837
2025-09-01,351.4103704468482,352.1511304879125,350.42501344036793,351.05931113571256,1776682
2025-09-02,346.3306539331546,346.14243229078136,344.751734811902,345.9846692638908,893677
2025-09-03,351.50885781701567,353.6187487048467,349.1903503700973,351.1577001168988,1014765
2025-09-04,349.6366001996353,350.4835275072586,348.1615998234305,349.2873128867486,1175477
2025-09-05,361.455836377468,361.71032753647194,360.31367571812353,361.09474163583224,588777
2025-09-08,372.6639197544198,373.79260356418786,369.2583577009343,372.2916281262935,1996948
2025-09-09,359.70432502501404,360.916350551234,357.6910707470973,359.34498004496913,1085900
2025-09-10,353.57519845288004,355.0335057420403,350.432896436205,353.22197647640365,59044
2025-09-11,357.94463776944525,359.61275140331503,355.8483380737742,357.5870507187266,1025464
2025-09-12,363.1770208718177,365.331525855015,360.0500281573791,362.8142066651526,802246
2025-09-15,368.137438591552,370.3596381126296,367.15359663547235,367.7696689226294,632709
2025-09-16,367.8151968929135,368.31289446791646,363.3804943058177,367.4477491437698,320128
2025-09-17,370.9756198680344,375.36566793445263,367.9146735874354,370.6050148531813,501946
2025-09-18,375.4846919620655,376.9764583514761,374.7372291231092,375.10958237968583,1215329
2025-09-19,375.1086677658127,376.51681637992556,372.6281197188149,374.7339338319808,747708
2025-09-22,382.19510123057233,382.29266796866216,381.7302781691809,381.81328794262976,1158116
2025-09-23,366.8038352654202,368.4565092753962,365.7491431529591,366.4373978675527,1483339
2025-09-24,371.13524913192384,371.2774364776161,369.92671877460464,370.7644846472766,899647
2025-09-25,364.37587381246,364.4357841144608,361.3301046282145,364.0118619505095,372392
2025-09-26,370.8094569613281,371.7183325955083,367.78213432983773,370.4390179433848,1330103
2025-09-29,369.4315017212428,372.62501169249526,365.11743930633804,369.06243928196085,1992355
2025-09-30,363.66913692060035,366.7683546780914,361.605096619322,363.3058310895109,1651995
2025-10-01,366.26227419257737,366.5934770957978,362.6452442834106,365.8963778147626,508764
2025-10-02,360.40070178356797,360.6374725883737,359.37945823247725,360.04066112244556,1672106
2025-10-03,354.62363129870755,355.29606324032017,351.8594917135776,354.2693619367708,581668
2025-10-06,344.76117491472013,344.67421461770215,344.4090677827121,344.4167581565636,267487
2025-10-07,344.73342386188585,345.9002224677019,344.20243314356367,344.3890348270588,289602
2025-10-08,347.9542921728032,347.8721442582542,347.43749656198054,347.60668548731593,1571981
2025-10-09,354.50095258891673,354.8857779328846,353.2976274669594,354.14680578313363,814131
2025-10-10,353.738472271833,354.60941090440167,352.8372042555489,353.3850871846484,1837075
2025-10-13,360.55205530202596,363.85151360758584,359.3707921184473,360.1918634385874,775117
2025-10-14,360.8129304280125,363.1169032434296,359.8506905594263,360.4524779500625,168085
2025-10-15,360.35146994767786,364.0923285422154,358.5285813367453,359.9914784692087,1379543
2025-10-16,364.21601571779644,365.63648556573213,363.32522503043435,363.8521635542422,1194801
2025-10-17,371.30049653212484,372.8095578814907,370.6623606267046,370.9295669651597,1797270
2025-10-20,369.1671619975225,371.3951595380224,366.3905880859225,368.79836363388864,1928900
2025-10-21,367.6951215375011,367.54530390037104,366.641972303534,367.3277937437574,533340
2025-10-22,366.77782543822707,367.8991246323993,366.21043685036955,366.4114140242029,532349
2025-10-23,367.4710686544038,368.1817713947836,366.11978104048296,367.10396468971413,1628314
2025-10-24,361.66241608486087,363.0480725370242,360.5674600206011,361.301114969891,788150
2025-10-27,368.499410829144,369.6109843086517,366.1289493611181,368.1312795495944,651158
2025-10-28,365.9909884144218,365.8632047132462,364.6993926654398,365.62536305137047,347293
2025-10-29,369.1839773357707,372.3347297149861,365.50705485307367,368.8151621735971,843119
2025-10-30,363.8462193041729,363.7706730556679,361.0390111494223,363.48273656760534,689325
2025-10-31,366.34173761984056,366.14048161937825,365.90073424821634,365.9757618579826,300135
2025-11-03,369.07058803112807,370.00117354036945,367.9377337110655,368.7018861449831,384752
2025-11-04,366.4236066537769,367.3751490918472,364.4422181244375,366.05754910467226,1790819
2025-11-05,379.8992949522561,383.09944912496604,378.5394205059675,379.5197751770791,284832
2025-11-06,382.58858889126424,384.5182424451373,382.0256581969151,382.2063825087555,777962
2025-11-07,394.97870758098395,396.65690748233834,391.67021533019835,394.58412345752646,809946
2025-11-10,401.95590638682717,403.1786604207878,397.8753635800599,401.55435203479243,1416697
2025-11-11,397.3250927766105,399.30738978374103,396.2369964753093,396.92816461199857,875059
2025-11-12,394.7507771520737,398.50020451214505,392.83648774756216,394.3564207313424,101550
2025-11-13,398.00750392385737,398.2702760558876,396.0126245453554,397.6098940298276,1221001
2025-11-14,398.60505312818555,399.63505100644795,395.64404323914334,398.20684628190367,1409383
2025-11-17,399.1194715172005,399.57347960723854,396.6526981881247,398.7207507664341,1114030
2025-11-18,397.2230780389986,398.9389791912311,395.7664135602031,396.82625178721145,491310
2025-11-19,384.4514311966875,385.8169210254889,383.32146368323663,384.0673638328547,1907628
2025-11-20,383.04528411278227,385.44256331759004,381.86536042237407,382.662621491291,930362
2025-11-21,367.9050590731067,370.14074972610905,366.06280217351497,367.5375215515552,1320901
2025-11-24,370.5146090201951,370.27440009649763,369.05008608746783,370.1444645556395,1363887
2025-11-25,365.820635711534,366.6358382539052,361.66714120837787,365.45518053100307,399895
2025-11-26,361.25619834071,362.2482019928919,359.24106625235277,360.89530303767236,382903
2025-11-27,359.97474230131377,362.4097145170299,356.37402021494313,359.6151271741397,240606
2025-11-28,361.8856135996918,363.4247151906905,360.73351381645807,361.5240895101816,1078004
2025-12-01,352.7024530625387,354.43109086070746,352.2419016760903,352.3501029595792,798660
2025-12-02,341.742374097681,342.0414891490716,339.84068179521694,341.4009731245565,1679649
2025-12-03,335.3213972527504,336.2723583232707,334.38922683021013,334.98641084190854,1629703
2025-12-04,323.1321796389732,322.9750883840705,321.7848415716067,322.8093702687045,368644
2025-12-05,317.63794801837673,317.6607067084727,316.77134369405235,317.3206273909858,1316906
2025-12-08,326.86092813060804,328.1466458419429,325.89695759778135,326.5343937368712,961841
2025-12-09,320.77533315998676,323.0142399213235,319.47899433201303,320.4548782817051,176132
2025-12-10,324.6649070298348,325.86836442761023,323.82912523151464,324.3405664633715,408906
2025-12-11,316.7790624950947,318.7606836132486,314.8983676249246,316.46259989519956,1641948
2025-12-12,318.6114420845537,321.4165110719041,318.28964917566435,318.2931489356181,329455
2025-12-15,316.90528973171354,317.6177986365102,316.50111036076476,316.5887010306829,896838
2025-12-16,316.69094002969825,318.25054873240595,315.88780587019056,316.3745654642341,1005492
2025-12-17,320.0599751199004,320.5664963540864,318.30954669096695,319.7402348850154,1598475
2025-12-18,330.3059169291577,330.1032319710892,327.14961307356845,329.9759409881696,940496
2025-12-19,331.59574843076086,331.7328335123995,330.65539835339786,331.2644839468141,1104521
2025-12-22,332.4707325049784,333.9342839227739,331.5561914058044,332.13859391106735,1305478
2025-12-23,326.77870959147316,328.0681048736707,322.7828308388971,326.45225733413906,749966
2025-12-24,330.3407151097097,330.17105216249445,329.7979804840007,330.01070440530447,1722710
2025-12-25,329.009753896163,329.20746201496746,327.96424783413784,328.68107282333966,1343867
2025-12-26,334.06873052790127,335.5097261177087,330.12868996661064,333.73499553236894,1427851
2025-12-29,333.9396229595374,334.2507641629303,333.1248008231014,333.60601694259486,1872149
2025-12-30,344.53741352054095,344.64631505158746,343.1761066092662,344.19322030024074,705844
2025-12-31,332.3779126347932,333.7415485574757,330.82708122877415,332.0458667680252,1471483
2026-01-01,330.7364502030992,330.4146034957203,329.79047733036197,330.4060441589403,997876
2026-01-02,336.1165121009455,336.2849169819669,334.15809816202847,335.78073136957596,773024
2026-01-05,334.129319514863,334.00860767877293,332.5228582497332,333.7955239908722,1363851
2026-01-06,329.4986649760035,329.4525540144421,326.6720141150831,329.16949548052304,341290
2026-01-07,328.05361402535607,328.8205680587,327.21256896407954,327.7258881372189,1685510
2026-01-08,320.03648515271584,320.3593288881715,316.59781594248375,319.71676838433154,1860147
2026-01-09,320.8498303313388,321.7303548388438,320.44662380815646,320.52930103030855,1381364
2026-01-12,335.0726410146649,335.81997136209264,333.9547304775168,334.7379031115534,800300
2026-01-13,342.1127896160222,343.96899554019825,341.5204079456924,341.7710185974248,1030037
2026-01-14,335.4204073175968,337.92180909870365,333.1176576470293,335.08532199560125,621975
2026-01-15,330.28180241612046,330.600355550309,329.89795080716254,329.95185056555493,310269
2026-01-16,328.00786025200705,328.35942069053067,327.0142132348604,327.6801800719351,1752438
2026-01-19,334.069359023593,334.0222564325831,332.0291636743255,333.7356234001928,1743169
2026-01-20,329.26326346372264,329.67797935604125,328.37248641295645,328.9343291345881,1254577
2026-01-21,325.30422848610846,325.81311837962727,322.9563996039054,324.9792492368716,598661
2026-01-22,330.6150593860363,331.5777980920265,328.5182639977914,330.2847746114249,1971745
2026-01-23,335.8929956480825,335.8562311619894,332.9019284524466,335.55743820987266,839915
2026-01-26,333.76732441660414,335.3784169950032,331.8079341874321,333.4338905260781,1153813
2026-01-27,327.1856011887421,329.03971773589285,324.22151647644006,326.8587424462959,1774968
2026-01-28,318.1895804765205,319.4559051549996,316.1692590889412,317.8717087677528,130305
2026-01-29,314.3135298388097,314.90064560611296,313.0413146611154,313.9995303085012,454307
2026-01-30,301.8197951532659,302.77150806868116,300.4582282251128,301.5182768763895,1470936
2026-02-02,306.0141860251322,306.8322057217596,304.3658818742278,305.7084775475846,1831964
2026-02-03,302.6662970165302,304.06578607771485,300.60014454275,302.3639330834468,1735239
2026-02-04,305.40952268095185,305.43672463162187,304.98709381858026,305.1044182626892,496738
2026-02-05,315.80263744856893,316.7535825956234,315.3278550707167,315.4871502982707,1588837
2026-02-06,322.59686868519464,322.8758044296808,320.89807323470376,322.27459409110355,220076
2026-02-09,316.04164190658247,316.93487846666375,315.5014729323975,315.7259159905919,1202138
2026-02-10,321.1130761036936,321.100468425858,319.75842153453846,320.7922838198737,1051545
2026-02-11,327.9340549100943,327.89327648029223,327.2329512645472,327.6064484616327,1726600
2026-02-12,323.6597062649131,323.3942518991407,321.6560238633474,323.3363698950181,1600868
2026-02-13,318.23546133974884,318.8023328725711,314.5592819696581,317.9175437959529,125435
2026-02-16,317.7344924919832,323.2275248218498,317.0062108381733,317.41707541656666,834659
2026-02-17,308.70277062739046,308.5375261595461,308.14094559984727,308.39437625113936,197591
2026-02-18,316.998686852734,319.6845213702189,316.2701855514902,316.68200484788616,1693337
2026-02-19,303.4006153705869,303.4675822689798,302.44835853692564,303.0975178527342,84606
2026-02-20,297.4775413440006,298.8606094418576,296.15294131770503,297.18036098301764,822887
2026-02-23,296.15319306915154,296.2624911100547,294.7987019560381,295.85733573341815,1345665
2026-02-24,295.06118099950555,295.34037872892986,294.6892231043649,294.76641458492065,1639430
2026-02-25,296.06158037096634,296.03182278653617,295.583592387179,295.76581455640996,1814838
2026-02-26,297.6266567035077,297.52714448292716,295.8850150541247,297.32932737613163,269870
2026-02-27,296.6014012560712,297.1188116239141,295.38592564200593,296.30509615991133,553114
2026-03-02,302.7897521435039,303.370209314483,302.2395309929006,302.4872648786253,602577
2026-03-03,291.25088129729636,292.3040048620207,289.4972399031327,290.9599213759205,583540
2026-03-04,291.36659083964577,292.80474001550425,289.242759833148,291.0755153243215,288841
2026-03-05,287.7355007307436,287.470406468519,286.97498360569375,287.44805267806555,1484653
2026-03-06,288.5369844758564,289.6269558442821,286.51784420589894,288.24873574011633,1492236
2026-03-09,289.799023061414,289.8714743263127,289.233101765689,289.50951354786616,948908
2026-03-10,285.158565853154,284.97648562807206,282.79468465606703,284.8736921609931,965740
2026-03-11,281.9828016977813,281.9410854923695,281.5158502155411,281.70110059718417,1571678
2026-03-12,286.11858904147687,286.49422481177464,285.3896221015784,285.8327562851917,1328436
2026-03-13,288.03079363852703,288.9323439102756,285.7400174268747,287.74305058793914,360052
2026-03-16,284.61929187320436,284.67573893213324,283.51575300846804,284.3349569162881,514842
2026-03-17,295.18387138126536,295.88248721541567,292.7728830398261,294.8889823988665,1042353
2026-03-18,307.5713935179215,308.46238855653775,306.76090714197716,307.264129388533,1482618
2026-03-19,299.59788854013806,301.7815269625909,298.2014793893726,299.2985899501879,1965479
2026-03-20,301.34530979762843,301.4657842138789,299.982937237053,301.04426553209635,1985955
2026-03-23,315.0752487604874,315.2186255469749,314.7454656354878,314.76048827221524,1046443
2026-03-24,319.6471233788484,321.6668835136503,319.0007943622072,319.3277955832652,204165
2026-03-25,321.04696316915926,322.47076500433803,320.53511043757317,320.72623693222704,1182595
2026-03-26,319.9731326805273,320.506694972271,318.580558957102,319.65347920132604,671677
2026-03-27,316.98418329807026,317.29989532569687,315.94255900032715,316.66751578228804,445853
2026-03-30,315.89850656914354,319.2960685254992,314.8066335007893,315.58292364549806,1745369
2026-03-31,312.8934009122311,313.1950004361682,312.3399075283127,312.580820092139,1696587
2026-04-01,317.21401962815855,317.76381312681696,315.67717328888995,316.89712250565293,1710678
2026-04-02,315.0675847095901,315.0221125751793,314.34114238021556,314.7528318777124,117815
2026-04-03,312.6918235149235,314.58844693492216,310.908991128054,312.3794440708527,1750465
2026-04-06,306.05067246430315,307.78541119101396,304.2090823052393,305.7449275367664,1777766
2026-04-07,305.89998177191404,306.2162386404425,302.3825232683014,305.59438738452957,491848
2026-04-08,301.0992045604772,301.38771449464724,300.4707405617671,300.7984061543229,1125915
2026-04-09,300.2400911454278,300.30007666208564,296.36004805275843,299.9401509944334,1148152
2026-04-10,305.9905673872623,307.47571261741376,305.16287276045387,305.6848825047575,968373
2026-04-13,308.12849104178423,310.03953081991034,306.07411955635524,307.82067037141286,217863
2026-04-14,311.0511826297719,311.24982448960293,310.7125456046685,310.7404421875844,270074
2026-04-15,313.16940454983575,315.13434379307944,310.83959881002534,312.85654800183397,890485
2026-04-16,313.62832586831627,314.72322919867105,313.063653235547,313.31501085745884,575206
2026-04-17,313.0350470440675,314.5246447702813,311.76328540525736,312.7223247193482,1173459
2026-04-20,311.42596368015376,315.5156215112696,310.95936453609073,311.1148488313225,1208459
2026-04-21,315.8059681143578,316.87598159854247,314.9022881347363,315.49047763672115,554175
2026-04-22,309.7689989520307,310.37685424092916,304.58510625932314,309.45953941261814,864473
2026-04-23,317.3686400456207,318.4334022990821,316.93879634374827,317.0515884571636,873150
2026-04-24,317.6903411354326,322.85039411170965,316.52057143680184,317.3729681672654,1936654
2026-04-27,313.5361075486211,314.15454912404135,312.4555147040111,313.2228846639572,764074
2026-04-28,310.90102989353187,310.8652714256481,309.99942545050345,310.59043945407785,1082475
2026-04-29,307.2368805634449,308.4151957808546,306.30194523007134,306.9299506128321,215043
2026-04-30,308.2458351154989,308.8795715438346,306.7492390544781,307.9378972182806,787571
2026-05-01,304.3863109703322,304.9767622432617,303.8676317809224,304.08222874159065,183631
2026-05-04,310.765824223443,310.7869780363575,308.2331011195298,310.45536885458847,203236
2026-05-05,306.5178866669278,307.22356682912437,305.3972714233704,306.21167499193587,1573162
2026-05-06,294.1023340831297,295.93511166770844,293.3546452422621,293.8085255575721,98029
2026-05-07,290.35025684236285,291.6045886446279,289.6452652970493,290.06019664571716,55709
2026-05-08,279.9693248864326,280.32914614020706,277.615861839431,279.68963525118147,1762582
2026-05-11,279.88046450420933,281.54203676414016,278.79907357640934,279.6008636405688,1972973
2026-05-12,285.32836283464786,287.3502610546406,284.00741762836634,285.04331951513274,390007
2026-05-13,288.7694007590687,290.3515298271291,288.4283242243047,288.4809198392295,1799367
2026-05-14,281.9323910090077,282.71014722642303,279.6039575173545,281.65074026873896,1656639
2026-05-15,278.17695315577595,279.56443563056365,277.828667422661,277.8990541016743,1975209
2026-05-18,287.19423981578416,287.1554281444897,286.7289679460653,286.9073324833009,847620
2026-05-19,288.9557317245761,289.0057279360892,287.05086416565797,288.6670646599162,1581974
2026-05-20,289.0928072664275,288.9207191391848,287.9019869669108,288.80400326316436,203412
2026-05-21,294.7039171433911,294.6864264653375,293.14714802368803,294.40950763575535,54812
2026-05-22,307.83285472970437,308.3248227188633,306.12975717158844,307.5253294003041,119498
2026-05-25,315.1403649691853,315.4470678034481,310.84572920088993,314.8255394297556,276143
2026-05-26,316.0573353862407,317.09071106045366,315.19958408024615,315.74159379244827,1801922
2026-05-27,318.2016684764995,318.267462247541,315.24451204888425,317.8837846918077,671433
2026-05-28,321.86343217525075,322.01307161703437,320.84788777691,321.5418902849658,744321
2026-05-29,318.4425623988406,318.30235440831393,316.77759319748264,318.1244379608798,403666
2026-06-01,312.5014736188712,312.8770176770568,311.2049339144928,312.1892843345367,1037234
2026-06-02,312.92157857911315,313.8811068764875,312.39266200745305,312.6089696095037,167946
2026-06-03,307.7115732017645,307.821415604851,306.1057325399082,307.40416903273183,492763
2026-06-04,307.49430497975703,307.6400505177715,304.20819750058075,307.18711786189516,1838099
2026-06-05,308.1494095275276,308.4455601785209,306.4359690105647,307.84156795956807,1799070
2026-06-08,321.2577519371071,323.31993445212083,319.12802905392783,320.93681512198515,1824966
2026-06-09,316.4650187318922,317.581189280713,314.04935456325666,316.1488698620302,715933
2026-06-10,315.8979277400107,317.2519756278081,313.8449401321234,315.5823453946161,1545725
2026-06-11,315.0901116695399,315.8442519444902,313.07593110720177,314.7753363332067,221227
2026-06-12,317.6964852823585,318.0458447385302,317.0706641787334,317.37910617618235,543452
2026-06-15,323.80937358121656,326.16440493210644,323.06871697498235,323.48588769352307,618088
2026-06-16,321.08016020024104,322.2744782637932,320.2240801231862,320.7594007994416,1712076
2026-06-17,316.4617141145641,316.95822174203835,314.16147528619206,316.14556854601807,1668031
2026-06-18,307.2423789695914,308.1949808075907,305.74934236947325,306.9354435260654,1647389
2026-06-19,302.2431045980474,303.7257425008908,301.9134996415575,301.9411634346128,750964
2026-06-22,305.2825159799213,306.10610123481325,304.24675104190834,304.97753844147985,681083
2026-06-23,305.6555384831225,305.7158533922022,304.3263277116587,305.3501882948277,1693714
2026-06-24,300.1911614580252,300.4695963774962,299.1217044119509,299.8912701878374,298931
2026-06-25,298.29708474788566,298.64054129055774,296.94881525684394,297.9990856622235,975715
2026-06-26,298.58546616635346,298.7425569861146,296.8637815077114,298.28717898736613,314366
2026-06-29,301.41201556867003,302.24180329870967,299.41016073725984,301.11090466400606,1201278
2026-06-30,298.31324314900775,298.05473993436374,296.656448919261,298.0152279210867,847471
2026-07-01,297.0878692958167,297.65451141996505,296.02466917631557,296.79107821759914,1351702
2026-07-02,287.4825493293951,287.260077490562,286.28520855744154,287.1953539754197,1672646
2026-07-03,281.63955321624894,282.00125357530254,277.55152078252763,281.35819502122774,462125
2026-07-06,289.9533072031114,291.23748244496204,288.45446555458926,289.66364355955193,198859
2026-07-07,278.6491046192764,278.6040544386585,277.98931050007644,278.370733885391,227962
2026-07-08,277.06632199841795,277.2669189915124,276.6581335646795,276.78953246595205,887939
2026-07-09,278.27040074350424,278.35151816356756,277.59806756635504,277.9924083351691,1565520
2026-07-10,276.50671170558195,277.2930298504878,274.30910899077696,276.2304812243576,741454
2026-07-13,272.5950847915301,273.0615505812225,271.589351398395,272.3227620295006,1570005
2026-07-14,272.4044951533272,275.50915863572095,271.2363196053251,272.1323627905367,1790139
2026-07-15,272.4891772128391,272.6286366555111,270.28780004362073,272.21696025258655,1942184
2026-07-16,272.195470050534,272.38138342436616,271.0766103540254,271.92354650403,348250
2026-07-17,263.10453000512996,263.3376613606446,261.6536813606645,262.8416883168132,1247527
2026-07-20,262.51175042833967,265.61477157560256,260.3458812519023,262.24950092741227,1328384
2026-07-21,258.5762313898986,258.47789278950853,257.17799618327695,258.31791347642223,1105976
2026-07-22,256.1303588906244,256.77838494962106,253.22153174430377,255.87448440621822,679847
2026-07-23,257.27930634679257,258.80176240434685,256.95719491345915,257.02228406272985,828308
2026-07-24,260.34951384057337,260.41971954624563,258.9405976791056,260.0894244161572,1310710
2026-07-27,264.6562774739514,265.4197563777652,263.09063120840386,264.39188558836304,1010671
2026-07-28,262.39738612701166,262.4216327675307,259.91581872671384,262.13525087613556,1653350
2026-07-29,266.86661608020586,266.8220419679549,264.68749740426847,266.60001606414176,419784
2026-07-30,272.61154489097834,273.10162687702086,270.2163732007992,272.33920568529305,1658038
2026-07-31,278.2981477503953,278.09333418594167,277.6289460876071,278.0201276227725,1252372
2026-08-03,285.37139265650956,287.0165684730707,282.96764532458434,285.0863063501594,1698762
2026-08-04,284.7372862708916,284.7732033435284,283.91171250825084,284.4528334374542,82506
2026-08-05,283.95877795838567,284.77529827006043,281.43805069827147,283.67510285553016,620604
2026-08-06,288.2894787314056,290.8370998759532,287.278640905631,288.0014772541515,1884818
2026-08-07,281.3136829662752,282.0254190447599,279.7306568223997,281.0326503159593,587988
2026-08-10,282.48675227018515,282.5882525821689,279.2470964699094,282.20454772246273,920769
2026-08-11,279.9020505129538,281.2774655022669,277.2126451733074,279.62242808486894,289197
2026-08-12,278.1560335898774,279.2940956075278,276.912192529129,277.878155434443,1789118
2026-08-13,269.5479349154243,271.51884289374175,268.9586087493824,269.2786562591652,547903
2026-08-14,265.3350215920109,266.50484931448494,264.3799061275451,265.06995164037056,1870109
2026-08-17,265.34334125133114,265.23447835541407,264.6874409473103,265.07826298834283,282736
2026-08-18,269.6929562781004,269.77169208948266,268.30416926526937,269.42353274535503,1683465
2026-08-19,274.60695737179566,274.5783736337309,273.95603185112077,274.3326247470486,1578802
2026-08-20,274.3198199563679,274.45977404186254,270.55918924316614,274.04577418218577,92578
2026-08-21,273.494955510092,273.49539415261324,272.9773805608222,273.2217337763157,142270
2026-08-24,269.51506256911216,270.29914515593737,269.20686348002266,269.2458167523598,1240145
2026-08-25,271.57487535934865,274.1571914391677,267.8229173552819,271.3035717875611,423830
2026-08-26,270.4733247619094,271.11056992860006,269.1780507190683,270.20312164026916,1929280
2026-08-27,273.5313415396064,276.0262349626873,272.60196315011274,273.25808345615025,1590814
2026-08-28,282.2653637201383,282.07919703392133,281.1871517770396,281.9833803397985,1210221
2026-08-31,282.21384938799855,281.93831223358023,280.2040045114461,281.93191747052805,1548532
2026-09-01,274.7204693000265,276.7452970727839,273.6189912907046,274.44602327674977,66367
2026-09-02,270.5735467986997,271.23331399357494,267.7791590120694,270.30324355514455,1948303
2026-09-03,263.58019253756834,264.45816747445383,261.4259188108991,263.31687566190647,1795683
2026-09-04,258.0060702197526,257.8718500868032,256.9836599896737,257.74832189785474,798037
2026-09-07,264.17115598415603,266.1077948630661,262.3560226742452,263.90724873542064,1552587
2026-09-08,265.35467402839384,267.5703796500511,265.0094113058468,265.08958444394995,137954
2026-09-09,258.19994414976634,259.4973846775449,256.7170765947287,257.9420021476187,637142
2026-09-10,261.3411078502743,262.4333428613882,260.4337130112241,261.0800278224519,1625940
2026-09-11,267.37468837751436,267.6963498486307,266.59703532416773,267.1075807967177,323336
2026-09-14,265.7497197775501,266.03952207245123,264.3455176592924,265.48423554200815,608258
2026-09-15,262.62248627873237,263.5859349956433,261.524187623619,262.3601261525798,1337696
2026-09-16,261.1327463604096,261.80992774093164,260.7477616278925,260.87187448592374,1557671
2026-09-17,262.57502513940375,263.0896465256079,261.1057388286693,262.3127124269768,1627923
2026-09-18,265.7048429602259,266.5365603185269,264.33933389574776,265.4394035566693,87767
2026-09-21,271.4653635762864,272.2177950175159,269.6735836533094,271.19416940687955,878286
2026-09-22,277.49864157646033,277.3579679705601,275.63567216012103,277.2214201563041,117876
2026-09-23,283.53077254311296,285.3036530301509,281.929981689806,283.2475250180949,876114
2026-09-24,290.59489405191783,291.8224867467886,288.74106453255615,290.3045894624554,1216305
2026-09-25,294.1707299694723,294.7254640972304,293.51971212650494,293.87685311635596,547980
