Date,Open,High,Low,Close,Volume
2022-01-03,70.82306630445689,70.94457893178186,70.51963098773591,70.75231399046643,1833563
2022-01-04,68.87388705802549,68.89678535447933,68.27553538489002,68.80508197604945,1164693
2022-01-05,68.49838533460316,68.68270073977729,68.3134324342233,68.42995537922394,1949851
2022-01-06,70.66456712468673,70.71675288273183,69.88683161243677,70.5939731515352,1265923
2022-01-07,72.68827219274866,72.63220304743672,72.53270130241484,72.61565653621246,1393277
2022-01-10,72.59212839929077,72.77106621576075,72.19200097850795,72.51960879050029,1516754
2022-01-11,72.7521638882047,72.86186700369318,72.2427909941186,72.67948440380091,722443
2022-01-12,73.40256650572759,73.78984872527111,73.11894224404408,73.32923726845914,614251
2022-01-13,75.16964020694174,75.21232531456894,74.91849936153902,75.09454566128046,837981
2022-01-14,75.58095024132676,75.82052215183786,75.49156482813152,75.50544479653024,1832195
2022-01-17,74.91971787135303,75.49219175634859,74.5522656267718,74.84487299835469,538953
2022-01-18,74.37942521427756,74.63863314531572,73.62134364057087,74.30512009418338,951135
2022-01-19,75.87035649507959,75.89720549867087,75.5947920855312,75.79456193314645,1430002
2022-01-20,79.38606738112509,79.42006891834772,78.95991251969694,79.30676062050459,666356
2022-01-21,78.48026134699981,78.49069644757292,77.87276484366097,78.40185948751231,1355209
2022-01-24,75.58416563667711,76.08886093059405,75.27602762366703,75.50865697969742,1079287
2022-01-25,76.66385614992117,76.71377320723312,76.41197813622712,76.58726888104015,1123706
2022-01-26,76.5423720357548,77.45620884088635,76.29721803082789,76.46590612962518,1947699
2022-01-27,76.71633483507229,76.77105271421318,76.52109223949192,76.63969513993237,282301
2022-01-28,78.39853927641781,78.65185923880573,78.03042239459779,78.32021905736046,1424247
2022-01-31,78.47706461356871,79.16190900498776,78.24419140723131,78.3986659476211,1879568
2022-02-01,76.59691681286188,76.72134733024629,76.1338371709365,76.52039641644544,235903
2022-02-02,73.88840777363642,73.87019931131283,73.6434385618997,73.81459318045597,399256
2022-02-03,73.81020562127931,73.82268589315329,73.23443200323803,73.73646915212719,588138
2022-02-04,72.26394462612228,72.48548454369389,71.94945068514879,72.19175287324904,1841108
2022-02-07,72.6243587335572,72.80820131923495,72.12024002032088,72.55180692663058,1363334
2022-02-08,70.95133609723598,70.9400339230817,70.13049491690472,70.8804556415944,740598
2022-02-09,70.48871275070255,70.52253228097256,70.109565508783,70.41829445624631,1917463
2022-02-10,68.61627095777065,69.44262052185543,68.20400069467563,68.54772323453612,929920
2022-02-11,68.1561314439838,68.1361709892722,67.50558073956303,68.08804340058322,1100695
2022-02-14,67.59705162316133,68.18705229251331,67.33190301242487,67.52952210106028,1797021
2022-02-15,68.30464219541234,68.53764922884288,67.97174168132051,68.23640578962272,1104329
2022-02-16,69.9362306154029,70.81547628222057,69.15589403935599,69.86636425115177,1348279
2022-02-17,69.69212688604898,69.94064552481484,69.58249653706183,69.62250438166733,51499
2022-02-18,68.60082940560389,69.77716261033862,68.33911836699754,68.5322971084954,256312
2022-02-21,70.99458872541321,70.92424807789601,70.91104881713656,70.92366506035286,348585
2022-02-22,71.44346167745448,71.76180950949876,70.40634031709847,71.37208958786663,967118
2022-02-23,72.21380183947964,72.32665965762759,72.07783629983194,72.14166017930035,1621399
2022-02-24,72.98910349171452,72.99321268571771,72.62174501204919,72.91618730441012,220530
2022-02-25,74.88097005902458,75.25439750914619,74.3143415871291,74.80616389512946,521879
2022-02-28,76.22414907932496,76.53620854067566,75.99666770497906,76.14800107824672,875700
2022-03-01,77.13804856875188,77.88392995582183,76.41394056246413,77.06098758117072,1096083
2022-03-02,78.18662185978253,78.5926605398431,78.02761639103707,78.10851334643611,1896183
2022-03-03,76.96857993972317,77.32044629713111,76.54561187784925,76.8916882514717,1381524
2022-03-04,76.11518585073773,76.20832464003666,75.72974119549112,76.03914670403371,194984
2022-03-07,75.95734933939576,76.03449792060354,75.6677485387536,75.88146787152425,1211284
2022-03-08,76.07248779870517,76.22568792053066,75.81566387133596,75.99649130739778,1274228
2022-03-09,76.08603446910006,76.05294028604031,75.97480648153146,76.01002444465541,1544121
2022-03-10,76.49627529017944,76.43276754234918,76.13118195682027,76.4198554347447,829722
2022-03-11,76.5211287510503,76.6151898067193,76.17510145021947,76.44468406698333,1306410
2022-03-14,75.92221690845935,75.88966111549642,74.76410018068259,75.84637053792143,609717
2022-03-15,73.6978184371826,73.66653686915153,73.56829104722367,73.62419424293968,653926
2022-03-16,74.79324370853648,75.087238611707,74.59064033560645,74.71852518335314,1885940
2022-03-17,75.57152956707336,75.97588803901516,75.21730144180742,75.49603353353983,1191851
2022-03-18,74.36818882689344,74.59523587787271,74.27071657546767,74.29389493196149,1561610
2022-03-21,75.02200155658487,75.01698473906126,74.84701274644438,74.94705450208279,1407500
2022-03-22,75.54299008810531,76.02805142806059,74.91856475820924,75.46752256553978,1175349
2022-03-23,75.63082098568516,76.15036011023503,74.97835262733616,75.5552657199652,185215
2022-03-24,73.12228584667037,73.18975448494099,72.94459521981324,73.04923661006032,953857
2022-03-25,71.52826493795293,71.82718155536101,71.4255966369879,71.45680812982312,1933315
2022-03-28,70.7462597785556,70.74188218226905,69.7480194831567,70.67558419436125,410280
2022-03-29,72.78752987661082,73.15078593844062,71.93647548291545,72.71481506154927,1257774
2022-03-30,71.65477932871117,71.6520610459599,71.4729864970621,71.5831961325786,445279
2022-03-31,71.19833750849185,71.29271492145809,71.10283946830869,71.12721029819366,1952188
2022-04-01,69.76778137797298,69.77932677857507,69.4865254652179,69.69808329467831,1995436
2022-04-04,69.14089038712014,69.09042786870988,68.6444539523903,69.07181856855159,1732123
2022-04-05,69.5564133367253,70.18780361826768,69.28146483224204,69.486926410315,73281
2022-04-06,66.95515898312502,67.28185886788934,66.78549443058999,66.8882707124126,111065
2022-04-07,63.53316058306742,63.48944844689395,63.30883357791753,63.46969089217525,1477052
2022-04-08,64.27982061775226,64.39252310715437,64.1701601944528,64.21560501273953,210995
2022-04-11,64.31089369858789,64.58383063816076,63.93022356228308,64.24664705153636,1959782
2022-04-12,63.60259055937881,64.15298689600269,63.362006739344245,63.539051507870944,1718843
2022-04-13,64.70074136209736,64.72120413093141,64.34880747220171,64.63610525684052,217992
2022-04-14,65.82002423261615,66.67627239186181,65.5282436318756,65.7542699626535,529143
2022-04-15,63.33091716695463,63.487043039804284,63.17784451531134,63.2676495174372,402646
2022-04-18,63.130727443524066,63.28655654429047,62.70112042326565,63.06765978374033,1827909
2022-04-19,64.37880361896929,64.85554556226114,64.13654091254803,64.31448912983946,289520
2022-04-20,63.59542851687479,63.59303064025263,63.405970044564334,63.53189662025454,1960013
2022-04-21,63.227573673332856,63.16820294545909,63.01735964716044,63.164409264068794,1558621
2022-04-22,64.30205820054158,64.98730646254718,64.00880722508545,64.23782038016142,1549445
2022-04-25,63.982751529846276,64.1599785106162,63.78295539535223,63.918832697149135,134988
2022-04-26,62.59658505244319,62.69392010843432,62.296683320236596,62.53405100144175,1267978
2022-04-27,61.814816105929545,61.84678831963256,61.713474545581185,61.753063042886666,477414
2022-04-28,60.332331687073804,60.58580450549068,59.94883248192564,60.27205962744637,906166
2022-04-29,60.92423239320823,61.070580832656965,60.82876651351844,60.86336902418405,1807967
2022-05-02,59.02649340270315,59.14441775373868,58.68284465958823,58.967525876826336,1822047
2022-05-03,60.080850349065635,60.18611488660566,59.86988806634926,60.0208295195461,1014874
2022-05-04,58.29428821635243,58.51661492792719,58.021979936498035,58.236052164188244,1276255
2022-05-05,58.33273663711152,58.73195819939036,58.25494902809244,58.274462174936595,1190989
2022-05-06,56.78542849354817,56.85515886357143,56.37735743274918,56.728699793754416,232514
2022-05-09,56.45408869459204,57.01875537888973,55.990282451609474,56.397691003588456,975718
2022-05-10,57.483354300537165,57.94224467537989,56.8639060872414,57.425928372165004,1466136
2022-05-11,58.63486796176005,58.63998735609945,58.46270055328391,58.576291670089965,925080
2022-05-12,60.00184843025008,60.096916313689704,59.80899826404403,59.94190652372636,696373
2022-05-13,59.89665584799507,59.884301015043825,59.78688536545849,59.83681902896611,1373120
2022-05-16,60.00307295825931,60.49482268498834,59.80569924427085,59.943129828430884,314773
2022-05-17,60.244669824264555,60.25943095803904,59.32030418385173,60.18448533892563,1194633
2022-05-18,60.90277904595692,61.601941270279916,60.501250609843076,60.84193710884808,764678
2022-05-19,60.45604240615482,60.70059713664851,60.37670199464558,60.39564675939543,1350484
2022-05-20,61.64323701747545,62.03014929613911,61.565847263214025,61.581655362113345,1724425
2022-05-23,61.99479917836641,62.354121779803364,61.58263946849155,61.93286631205436,710416
2022-05-24,63.26112804563525,63.2939883458893,62.796075051192005,63.19793011551974,1497444
2022-05-25,63.7950567679252,64.03515705599247,63.50725727615031,63.73132544248273,1028176
2022-05-26,64.56335897941833,64.8271906949543,64.38798877175459,64.49886011929904,791144
2022-05-27,63.705286264910804,63.642515713156506,63.48711653805652,63.64164462029052,1440707
2022-05-30,63.218488019269614,63.240318374623236,62.89853241379309,63.15533268658304,1656552
2022-05-31,61.739450111709225,61.89351493979446,61.31428081696403,61.67777233936986,1929321
2022-06-01,61.40137793696435,61.668062337006134,61.21591112455145,61.340037899065294,1140998
2022-06-02,61.19733572565795,61.40287201484639,60.687273323714834,61.136199526131826,254442
2022-06-03,62.10835477748043,62.71336207943893,61.769284096528736,62.04630846901142,710760
2022-06-06,60.691632000126326,61.10630258490429,60.28564325291635,60.6310009991272,656730
2022-06-07,64.2149532041,64.65927358496957,63.20350420665189,64.15080240169831,249061
2022-06-08,64.06408030254313,64.19412290863221,63.72957436778223,64.00008022232082,222820
2022-06-09,65.5047402297013,65.65178649815387,65.27677257679986,65.43930092877254,1379399
2022-06-10,66.72016730957799,66.92119480237605,66.45833289423027,66.65351379578222,1817807
2022-06-13,63.68348958310073,63.881163594137924,63.21249000830212,63.61986971338735,533151
2022-06-14,63.37291581661587,63.442124017022586,63.18155023899248,63.30960621040548,1789073
2022-06-15,65.04357132451729,65.17649204574838,64.94352051651329,64.97859273178551,1036096
2022-06-16,62.19491312907219,62.29798268078326,61.81026625548674,62.13278034872347,1602075
2022-06-17,63.04576441604076,62.99284098272073,62.88229613235086,62.982781634406365,517079
2022-06-20,61.996645334089486,62.53727819590509,61.80146891885056,61.934710623466025,1553109
2022-06-21,61.46622419247401,62.128618065615804,61.25023285945547,61.40481937310091,1280898
2022-06-22,61.70420904279556,62.36786578298969,61.30974081189431,61.642566476319246,661004
2022-06-23,59.62179669529729,59.56457877797581,59.49837349302591,59.562234460836464,164508
2022-06-24,59.82195656319066,59.82063304333847,59.31532095063133,59.762194368821845,1068973
2022-06-27,59.116239994326975,59.08785819006303,58.85298612798523,59.05718281151547,593765
2022-06-28,58.30897449031074,58.3308082129183,58.00706504476478,58.2507237665442,1705147
2022-06-29,59.0354068462862,59.03680336622455,58.73103452167804,58.97643041587034,1269640
2022-06-30,62.752599858454886,63.003731519413954,62.56673143731807,62.68990994850638,1264349
2022-07-01,63.129334590548545,63.547548600007,63.04929892133998,63.06626832222633,1693711
2022-07-04,63.747182360323805,64.30079593459298,63.604092082306146,63.68349886146235,1776851
2022-07-05,63.67776260167673,64.02972698959687,63.57474271119061,63.614148453223514,1472007
2022-07-06,62.83749614802071,63.08381971653198,62.5707271379908,62.77472142659413,1720186
2022-07-07,63.1186312777709,63.488641703271625,62.9005301291917,63.05557570206884,611863
2022-07-08,64.83208060489898,64.8476410532904,64.09347803004523,64.76731329160738,770728
2022-07-11,65.04098157058112,65.13754483193614,64.74473155214521,64.97600556501611,824959
2022-07-12,66.07150633112111,66.56664794731705,65.82764148404253,66.00550083029083,1451671
2022-07-13,65.78903253320692,65.91770567882455,65.0763133905079,65.72330922398295,1027437
2022-07-14,68.76073665537179,68.76715276414016,67.87303628698416,68.69204461076103,1403177
2022-07-15,66.70658114554134,67.05430697600121,66.6274118206434,66.639941204337,1895720
2022-07-18,67.39570731048062,67.92672216218648,67.26534534532904,67.32837893154908,1312406
2022-07-19,68.0389600187739,68.21909504485129,67.6063546209348,67.97098902974417,395664
2022-07-20,68.35057122172194,68.28435772669211,67.89212176012008,68.28228893278916,768470
2022-07-21,66.96199062327278,67.13520034994802,66.83717931254232,66.89509552774504,1588180
2022-07-22,65.57518835336542,66.24356008722954,65.23251050632223,65.50967867469073,1410821
2022-07-25,65.28225872428796,65.52362245355415,65.0846758545736,65.21704168260536,271578
2022-07-26,65.3833485685709,65.396080536937,64.87044223589224,65.31803053803287,1710517
2022-07-27,63.939809980950606,64.18554577928714,63.65691925044813,63.87593404690371,1686786
2022-07-28,62.696792056748414,62.928085313670955,61.94262497942754,62.63415789884957,1220391
2022-07-29,63.31295152760165,63.46914991357969,62.88297476354211,63.24970182577588,266218
2022-08-01,64.47263182903943,64.57093694083444,64.26633925100855,64.408223605434,746955
2022-08-02,63.80394975901499,63.87452173670085,63.729763551480936,63.74020954946553,795836
2022-08-03,62.984138135423144,63.39171090468472,62.74814453478409,62.92121691850465,1436774
2022-08-04,62.142072354436664,62.09520524088104,61.70212990177915,62.0799923620746,770925
2022-08-05,64.89653161521692,65.13510279989832,64.55333693774473,64.83169991530163,780501
2022-08-08,65.44964736622032,65.73625023883433,65.03941677371466,65.3842631031172,1350958
2022-08-09,65.35266450164643,65.49531501009406,65.21462052596578,65.28737712452191,410882
2022-08-10,66.51678452367231,66.7467169130181,66.19568310221037,66.45033418948285,666400
2022-08-11,69.24548131799362,69.3784609247946,68.75597866157561,69.17630501298065,840701
2022-08-12,70.68384615767374,70.7759073875085,70.55482604998579,70.613232924749,1621659
2022-08-15,68.8445669593517,69.2186701121487,68.33008056880807,68.77579116818352,1104915
2022-08-16,68.71646604846536,68.81972366254386,68.05531524705388,68.64781823023513,1971593
2022-08-17,68.19376350998539,68.3982304935534,67.92693880770975,68.12563787211329,482980
2022-08-18,67.74994990277689,67.86925555650625,67.53349404989503,67.68226763514176,1450823
2022-08-19,66.24188467866365,66.47228285070565,66.09825051052347,66.17570896969397,1544588
2022-08-22,65.75175284983705,65.93813191804483,65.60493165665515,65.686066783054,91553
2022-08-23,64.44440802788348,64.42543615662687,63.831172751120704,64.38002799988361,955454
2022-08-24,64.81557943847277,64.9160542018243,64.69139107598669,64.75082860986291,237199
2022-08-25,64.8448647369263,64.92423100853092,64.31886501863802,64.78008465227403,1142274
2022-08-26,63.16853957386796,63.67247120036692,63.041452881642726,63.10543413972824,1617432
2022-08-29,61.201409381929096,61.195703827643435,61.106866661371804,61.140269112816284,1794939
2022-08-30,60.64948368287009,60.791725282876676,60.24547889609107,60.588894788082015,846469
2022-08-31,61.33873854477401,61.39436836530694,61.24068236779621,61.277461083690326,111741
2022-09-01,61.86269570046664,62.18991300369975,61.685315457769676,61.80089480566098,1049258
2022-09-02,61.76516695533963,61.785598831052695,61.61129856275464,61.70346349184779,1415824
2022-09-05,58.06103382358611,58.08580666748747,57.892877730217435,58.00303079279332,1698294
2022-09-06,57.520720956548864,57.75795582790121,57.06176254040911,57.46325769885002,744250
2022-09-07,56.73040517553129,56.7116977441126,56.39307053834687,56.67373144408721,1441807
2022-09-08,56.36525610651226,56.624585744709655,56.260881245985836,56.30894715935292,1807567
2022-09-09,55.10268347623515,55.71501189956935,54.887220381840685,55.04763584039476,1077719
2022-09-12,54.6507701638061,54.65109429560688,54.539290293530286,54.59617398981629,1701326
2022-09-13,53.97354913284647,54.14734166333495,53.8078533941525,53.91962950334313,635427
2022-09-14,56.59599701307681,56.68212030123162,56.33474563250219,56.539457555521295,1000362
2022-09-15,57.29227232757833,57.254001457988856,57.16367324827719,57.23503729028805,206681
2022-09-16,57.06980512606217,57.06211371357849,56.66642108753507,57.01279233372845,1673404
2022-09-19,56.997550028884994,57.11223498554424,56.863885355845575,56.94060941946554,270279
2022-09-20,56.852545424249385,56.96724956430729,56.39117040389299,56.795749674574814,1501084
2022-09-21,57.02301713686403,56.99364013292619,56.79097612593507,56.966051085778254,153338
2022-09-22,56.583299986919684,57.155981742412415,56.01877704387815,56.52677321370599,1287289
2022-09-23,56.54256641151723,56.54881651109066,56.25698854593557,56.486080331186045,829668
2022-09-26,57.567492613459386,57.6168008279117,57.1683854500032,57.50998263082857,1184566
2022-09-27,58.40825262801579,58.71483095735988,58.28018230868025,58.349902725290505,1897828
2022-09-28,58.710511360067564,58.82122977735001,58.43479268670027,58.65185950056701,1160955
2022-09-29,60.098516946905846,60.282148548963704,60.006606487154514,60.03847846843742,265525
2022-09-30,60.31772309650749,60.62495005486134,59.782231928813275,60.257465630876624,1090105
2022-10-03,59.22470400801803,59.346406846742155,59.04370381566185,59.16553846954849,1054286
2022-10-04,57.33251809704848,57.313128056102265,56.67038853067538,57.27524285419429,946794
2022-10-05,56.589467339429206,56.67843653671622,56.49570527505341,56.532934405024186,1251099
2022-10-06,56.50252546161462,56.66913445068447,56.286670576369744,56.44607938223239,1235366
2022-10-07,56.885956532380796,56.83800176187981,56.733592817164904,56.82912740497583,1885621
2022-10-10,57.96933272568518,58.23988888120088,57.87326507495461,57.9114213043808,1603968
2022-10-11,57.345166335179286,57.595486018644095,57.19553460595508,57.28787845672257,1990098
2022-10-12,56.48820222670862,56.5528771528154,56.29797136962395,56.43177045625238,1048905
2022-10-13,57.25190621676432,57.34330236427322,56.55992116906875,57.194711505259065,1328676
2022-10-14,58.44570099206319,59.002867842187385,58.38292360801997,58.38731367838481,148677
2022-10-17,57.91819398410707,58.13101362604421,57.80841584801149,57.86033365045662,1180949
2022-10-18,58.247778956496326,58.5038751847289,57.99715665215934,58.1895893671292,493305
2022-10-19,59.670762757496426,59.75390458395464,59.22006112406054,59.61115160589054,1429413
2022-10-20,59.992258956183704,60.00239961369323,59.450284602849266,59.932326629554154,1601270
2022-10-21,59.90883296581188,60.07563365116628,59.650202976994215,59.84898398183006,899860
2022-10-24,57.63668060046634,58.14664488723307,57.04354283184687,57.57910149896738,416538
2022-10-25,58.99284126273254,59.1857860457425,58.51918472572824,58.93390735537717,1571808
2022-10-26,59.6549600518839,59.84191343683048,59.33902004722038,59.59536468719671,662935
2022-10-27,59.76646169151896,59.78864571727924,59.619146298748525,59.706754936582385,1681913
2022-10-28,59.24077240122486,59.29889145266112,58.840607034547276,59.18159081041445,305230
2022-10-31,57.88412720546183,57.895956658651,57.817572762163444,57.82630090455728,469234
2022-11-01,57.75674774435497,57.89624433240161,57.692112318252384,57.699048695659314,1989056
2022-11-02,57.62222474417463,57.8703619976267,57.239636935473925,57.56466008409055,1080527
2022-11-03,58.74058130281068,58.777164101864294,58.46494444894793,58.68189940340728,1965391
2022-11-04,57.43217835243988,57.53557362163041,57.26715432986861,57.374803548890995,660932
2022-11-07,58.90336596103527,59.06313946288121,58.82976273573599,58.84452143959568,757301
2022-11-08,58.916965483497734,58.94385806989808,58.777316754437216,58.858107376121616,294095
2022-11-09,60.15549794338364,60.49448675300917,59.90867237480769,60.0954025408428,888468
2022-11-10,59.078217572527,59.202337329943816,58.5140810162828,59.01919837415286,870631
2022-11-11,59.424131705040786,59.914679276216134,58.878978652423676,59.36476693810269,495713
2022-11-14,60.70918054040601,60.948105733194254,60.44456933117139,60.648532008397616,1229552
2022-11-15,60.81048858423096,60.803034108638236,60.68245077379393,60.74973884538558,643067
2022-11-16,59.17274856415684,59.30113553621248,58.817535474223604,59.11363492922762,1059421
2022-11-17,58.79647400839819,59.123119801889686,58.05863141254294,58.73773627212607,391675
2022-11-18,59.34093508591449,59.29593097647221,58.77265827201525,59.28165343248201,799317
2022-11-21,57.81890066190981,57.886751922075995,57.64607733213072,57.761139522387424,265667
2022-11-22,56.28865264675713,56.57008190932092,55.703406434755045,56.23242022653061,1133814
2022-11-23,56.50500741362618,56.51532194308591,56.41674758020247,56.44855885477141,631109
2022-11-24,55.51329965102594,55.70087358627012,55.31271836243578,55.45784180921673,1034449
2022-11-25,56.17302761126539,56.31741808316163,55.46691587852223,56.11691070056483,114641
2022-11-28,54.95899309144553,55.27599503054734,54.612170709038196,54.904089002443094,103112
2022-11-29,53.11644655144397,53.49681261735469,52.95439359808906,53.0633831682757,1895943
2022-11-30,52.35124482444187,52.36141513537125,52.231116479663605,52.298945878563316,1395538
2022-12-01,53.73996314331501,53.9750132783412,53.2935724485524,53.686276866448566,1087692
2022-12-02,52.881590382060395,52.867919311941726,52.67273974544228,52.82876162043996,1588247
2022-12-05,52.8553037037741,52.96849443534387,52.5952982967143,52.802501202571534,1608496
2022-12-06,53.06949909250244,53.171353290475,52.909614719349705,53.016482609892556,950034
2022-12-07,52.13941002452123,52.253930318017794,51.76978315376515,52.08732270181942,1902797
2022-12-08,53.14543562756059,53.11328649981935,53.02873471543794,53.09234328427632,1320295
2022-12-09,53.294506889596626,53.37538106792511,53.195456669573986,53.24126562397266,1772461
2022-12-12,53.70196414264569,54.11964443455575,53.33939446234851,53.64831582681888,521606
2022-12-13,52.05198519591115,52.14417722472793,51.77608032822029,51.99998521070046,130208
2022-12-14,50.389127344990435,50.47131341642478,50.14029153282376,50.338788556434004,1472341
2022-12-15,47.86600735118243,48.11741059430367,47.586855654737725,47.81818916202042,731027
2022-12-16,47.68405008646211,47.77152667381068,47.52545334978888,47.636413672789324,937337
2022-12-19,47.46884873238848,47.575794560878485,47.36388208525179,47.421427305083405,1392964
2022-12-20,48.07012300482804,48.070301208356625,47.90327417990834,48.02210090392412,1299647
2022-12-21,49.33983182025728,49.624112049035766,49.174355818941905,49.29054127897831,1474148
2022-12-22,49.09603754571954,49.127106337698706,48.92874033958131,49.04699055516438,1361678
2022-12-23,48.840149763227664,49.039138795501245,48.645028585267276,48.791358404822844,1597799
2022-12-26,49.21899759949804,49.260499102989456,48.84364638946752,49.16982777172632,892245
2022-12-27,50.55791540318305,51.215181508190156,50.331224014479304,50.50740799518787,1797028
2022-12-28,49.789051125347484,49.83134380095345,49.685625933135164,49.73931181353396,415095
2022-12-29,50.33297331670268,50.341368643232855,50.25871888712867,50.28269062607661,592832
2022-12-30,50.09091572778855,50.145789203919705,49.77498499014383,50.040874852935616,1879054
2023-01-02,49.77100721746343,50.04721603652762,49.30300233326132,49.7212859315319,1366081
2023-01-03,50.484616927972944,50.61973722855002,50.380227546158515,50.43418274522772,1665617
2023-01-04,49.74750563543312,49.72954206701905,49.598320724086854,49.69780782760552,745141
2023-01-05,48.77199387355506,48.82156149421772,48.49030473324623,48.72327060295211,797286
2023-01-06,49.33995737094071,49.57225023382269,49.227788971950105,49.29066670423648,1439509
2023-01-09,49.300513087589096,49.42158716800831,49.15204658805606,49.251261825763336,787955
2023-01-10,49.04943048733432,49.103321723884655,48.72522113453052,49.00043005727705,1618391
2023-01-11,48.914771916027036,49.056912998357056,48.590504013933064,48.86590601001702,1702598
2023-01-12,49.3360531775343,49.44082208475963,48.94614995313017,49.28676641112319,266557
2023-01-13,48.990354136060525,49.45835767938536,48.69510306541549,48.941412723337194,1516865
2023-01-16,49.649669709984956,49.653293345651754,49.499096491302865,49.600069640344614,1787915
2023-01-17,50.00357951329902,50.43682200037391,49.72055050904924,49.95362588741162,590816
2023-01-18,51.32217068472674,51.44786423120143,51.04593800082893,51.270899784941804,918914
2023-01-19,52.47577121285643,52.76614195395717,52.23189982331865,52.42334786499144,1651428
2023-01-20,53.26905350774123,53.25894497136475,52.9922582784877,53.21583767007117,1898123
2023-01-23,53.05706153281176,53.43301643218872,52.93090803083235,53.00405747533643,710501
2023-01-24,53.15293498413847,53.59035633190733,52.60587468101297,53.099835148989484,952464
2023-01-25,52.56800500719185,52.69405301496171,52.18814014882139,52.51548951767418,1691299
2023-01-26,55.25146946625245,55.331245085533396,54.96389614659198,55.1962731930594,234375
2023-01-27,55.01327690757345,55.311738276746134,54.575113211674164,54.95831858898447,265483
2023-01-30,55.54687176986786,55.648974930379,55.220883887497095,55.491380389478394,1805433
2023-01-31,56.889518915500844,57.04563478445809,56.17641907841187,56.83268622927158,1897554
2023-02-01,55.47540754184195,55.59505852524272,55.24927178881079,55.41998755428767,1472871
2023-02-02,54.63321607235854,54.9244672090881,54.53500313330761,54.57863743492363,763634
2023-02-03,54.228188834987684,54.38577307526386,54.089775186054354,54.17401482016752,634954
2023-02-06,53.240552567455715,53.578751610044634,53.051692005144105,53.18736520225347,1845940
2023-02-07,52.0086635088965,52.38754329715265,51.937024945234256,51.95670680209441,1190500
2023-02-08,51.50946851608869,51.81423656388869,51.4174209510268,51.45801050558311,530907
2023-02-09,52.69375070844113,53.069358969034724,52.23582859144201,52.64110959884229,1940728
2023-02-10,53.36614398664804,53.361638835969124,52.82934970461033,53.31283115549255,777684
2023-02-13,53.38480625152188,53.44929718149112,53.034586770601166,53.33147477674514,88193
2023-02-14,53.39738473341809,53.517320093950545,53.27153535090062,53.34404069272537,544343
2023-02-15,51.78554550668942,51.738131515285225,51.45257522183523,51.73381169499443,1784116
2023-02-16,52.421207616071094,52.54924433897729,52.16643331270106,52.3688387772938,1193572
2023-02-17,52.80957550461992,52.758629282282016,52.75345240025905,52.75681868593399,1386681
2023-02-20,51.766528450513185,51.86774292265099,51.290320190320614,51.714813636876315,544461
2023-02-21,51.94598152327807,51.972482221117055,51.82363772370486,51.89408743584224,1815857
2023-02-22,51.75243932102315,51.71565533046963,51.42801306355442,51.700738582440714,1365594
2023-02-23,51.256312555829034,51.28519560530479,51.1279295774668,51.20510744838066,1277354
2023-02-24,50.33067205977211,50.415628327920594,50.220292478667275,50.280391668104016,1375425
2023-02-27,49.70570041641174,49.66536458045874,49.47522036437986,49.6560443720397,266789
2023-02-28,48.84950362455902,49.08097993717855,48.746969315119514,48.80070292163739,1546249
2023-03-01,49.24326800104397,49.46125399929103,49.145302206624045,49.19407392711686,1958860
2023-03-02,49.55509692528042,49.90383351278196,49.26482150322675,49.50559133394648,933910
2023-03-03,49.83074530044031,49.899687175109115,49.71301438568135,49.78096433610421,1787852
2023-03-06,49.65512315267653,49.95335249778403,49.47918392493946,49.605517635041494,884420
2023-03-07,49.27874271323542,49.61301348360841,48.938273258439985,49.229513200035385,985690
2023-03-08,51.07925000565557,51.25704240181204,51.020788786983665,51.0282217838717,538358
2023-03-09,49.3548386705626,49.51144089371787,49.003593282428724,49.30553313742518,1432018
2023-03-10,50.40662904416834,50.47267176600427,50.12665228491094,50.35627277139695,998495
2023-03-13,50.716005550581855,50.95955747125328,50.57488335170295,50.66534021037149,619551
2023-03-14,50.76756973579772,50.73190027978631,50.58913215467525,50.716852882914814,1079912
2023-03-15,50.29087031339307,50.347199824359656,50.09032217571247,50.240629683709365,670414
2023-03-16,50.081421674660355,50.68996551009358,49.91830889773425,50.03139028437599,591126
2023-03-17,49.00088203679407,49.29622635072202,48.60139084065084,48.951930106687385,1511556
2023-03-20,47.766030301778315,48.02327940631376,47.70456771933111,47.71831198978853,1137872
2023-03-21,47.65945585976404,47.7545221308448,47.298011304696125,47.6118440157483,1973487
2023-03-22,46.22814346914833,46.24754773576707,46.116250568031305,46.18196150764069,385414
2023-03-23,46.9166485899895,47.081893324723026,46.58501447345192,46.86977881117833,1667143
2023-03-24,47.848183992689655,47.93412394674777,47.565281653226776,47.80038360908058,866025
2023-03-27,44.874688799086684,44.92743568353878,44.78460439170832,44.82985894014654,1281440
2023-03-28,43.610840315209714,43.611419922081645,43.33824029922684,43.56727304216755,683723
2023-03-29,43.8153379042136,43.773435074047946,43.62390935403088,43.771566337875726,1109362
2023-03-30,43.973460874123504,43.964079650408024,43.800446032600625,43.92953134278073,1090689
2023-03-31,44.052705989939184,44.28018801648088,43.80330934895251,44.008697292646545,1270368
2023-04-03,44.37842218473426,44.668956551183996,44.17255495829828,44.33408809663763,1561879
2023-04-04,44.96604458936725,45.034764498416905,44.82519057880649,44.92112346590135,1208737
2023-04-05,45.65826573694871,45.90520737038078,45.27694981803742,45.61265308386485,110189
2023-04-06,47.120707307656474,47.30706270320258,46.859453930709904,47.0736336739825,460882
2023-04-07,47.13469708230933,47.28092002365138,46.887865767228966,47.0876094728365,907604
2023-04-10,47.858938683831035,48.08116625868726,47.620683373334,47.81112755627476,1444919
2023-04-11,46.45234119713133,46.917786570316665,46.08167256855323,46.405935261869466,246078
2023-04-12,46.334369994989366,46.61069401221977,46.18893720614088,46.2880819130763,1732873
2023-04-13,45.30934165336123,45.539924349829484,45.20246942223054,45.26407757578545,741230
2023-04-14,46.43817528590967,46.40968049694246,46.338709866867134,46.39178350240727,1132526
2023-04-17,48.38250596584279,48.61639204926269,48.21191954496867,48.33417179404874,1485409
2023-04-18,48.846532310686555,48.909471131108916,48.73365820865176,48.79773457611045,759433
2023-04-19,47.695514693809926,47.95930152862522,47.44495377216473,47.64786682698295,1288913
2023-04-20,47.59158931503491,47.68766958834452,47.48576901446806,47.54404526976515,639709
2023-04-21,47.60972595670889,47.775078715486664,47.545597312588505,47.56216379291598,1447456
2023-04-24,47.773015115569194,47.76147146931337,47.59246377291387,47.72528982574346,120765
2023-04-25,48.702925580981834,49.14689553959042,48.29306336327217,48.65427130967217,1637605
2023-04-26,49.532702444030406,49.98747106537741,49.33530408406344,49.48321922480561,874335
2023-04-27,47.163839353229854,47.140647748000866,47.08460829087048,47.11672263059926,713616
2023-04-28,48.31785633351879,48.41210743931963,48.02430388216485,48.26958674677202,1026177
2023-05-01,47.87994764165581,48.14442530284198,47.69372102523125,47.832115526129684,777528
2023-05-02,47.39217181163196,47.429629879241446,47.31890144025182,47.34482698464732,588406
2023-05-03,48.59495816992844,48.5649646307989,48.45440212272785,48.54641175817027,417212
2023-05-04,48.355693855495275,48.370807762490756,48.17503256778622,48.307386469026255,1447888
2023-05-05,47.15713434178238,47.36733305575809,47.09046191021774,47.11002431746492,689066
2023-05-08,46.02650717151219,45.99711111348283,45.666428769965485,45.98052664486733,1417682
2023-05-09,46.06910004473649,46.28205164522098,45.49605114144703,46.02307696776872,1255421
2023-05-10,46.81646435640544,47.02972017332657,46.533709570232475,46.7696946617437,290721
2023-05-11,48.07623014741688,48.12959960600906,47.89177933269668,48.028201945471416,1356712
2023-05-12,47.92328343628822,47.969390217882676,47.51811454831652,47.87540802825997,968404
2023-05-15,47.5141558029208,47.77691197963285,47.459813866299555,47.46668911380699,1434558
2023-05-16,48.89731949969602,48.850419263716645,48.66561769371883,48.848471028667355,314022
2023-05-17,48.48956558666815,48.869003246566045,48.30260431824688,48.44112446220595,1096774
2023-05-18,49.75725138161158,50.22008186918409,49.64384538982678,49.70754383777381,1580651
2023-05-19,49.96232032198136,49.973308966759745,49.90567960987895,49.912407914067295,148806
2023-05-22,50.17079570593551,50.23283140845799,49.891696704633894,50.120675030904614,1076510
2023-05-23,49.953448970912184,50.04897631463943,49.74093382601806,49.903545425486705,1308546
2023-05-24,50.21552188307064,50.53672402311532,49.887398830419095,50.1653565265441,563844
2023-05-25,49.790990976593875,49.75014140843621,49.61428289427418,49.74124972686701,1701715
2023-05-26,49.177726476916625,49.5796803601543,48.68754879663216,49.12859787903759,975897
2023-05-29,49.0534384057117,49.152524054244424,48.86865667956186,49.00443397173997,1751635
2023-05-30,48.47478769822395,48.61598772165586,48.36268833524915,48.42636133688707,1838258
2023-05-31,48.73572340339288,49.00405601032296,48.29274028292158,48.68703636702586,94387
2023-06-01,48.806102618002996,48.78891371225442,48.29245227688782,48.75734527273027,814669
2023-06-02,48.571335491723545,48.60171917504981,48.010193687371554,48.522812679044506,785361
2023-06-05,48.392389601426196,48.396024914129534,47.99683740640604,48.34404555587033,1444044
2023-06-06,48.18896127064576,48.28628279726127,47.861538648756415,48.14082045019557,1008064
2023-06-07,49.69290568212976,50.123980590359224,49.22579901895172,49.643262419710055,1608856
2023-06-08,49.68017593671319,49.65994304520502,49.5711340060036,49.630545391321874,1266747
2023-06-09,49.14459204673123,49.300349538690206,48.98926794217985,49.09549655018106,346717
2023-06-12,48.8784769312841,48.85890696599162,48.80699065191295,48.8296472840001,1602021
2023-06-13,49.4567070897243,49.506878007265655,49.33057784986906,49.40729978993437,336776
2023-06-14,49.2736170129296,49.318279754775084,49.00183747215854,49.224392620309295,103570
2023-06-15,49.135334635001314,49.18019392509537,49.05022300831209,49.086248386614706,319496
2023-06-16,48.904062607655476,49.144403600558036,48.5803636292305,48.855207400255225,1805429
2023-06-19,49.044295664077424,49.13328046044436,48.91301766689803,48.99530036371372,1593712
2023-06-20,49.38431462241651,49.50542390969563,49.24024540417564,49.334979642773746,900712
2023-06-21,49.7737538768817,49.83725085318502,49.53298312903179,49.72402984703467,739224
2023-06-22,48.30372456368995,48.60867634075097,48.19176833404316,48.255469094595355,1934321
2023-06-23,47.37120301070246,47.65599308946997,47.224991457823336,47.32387913157089,1020875
2023-06-26,45.1260193935283,45.31733972701638,45.07478163566815,45.08093845507324,1588458
2023-06-27,45.772011731870435,45.99766538111856,45.513313764531645,45.726285446424015,279696
2023-06-28,46.67987778116493,46.740582655351105,46.57539530391646,46.63324453662831,823166
2023-06-29,47.76696178890881,47.85274029604423,47.622242488226064,47.71924254636245,1538707
2023-06-30,47.88521573276126,47.87271739224073,47.49619065151465,47.83737835440686,1903537
2023-07-03,48.86982895555622,48.99105301209595,48.735423711375056,48.82100794760862,958834
2023-07-04,48.8318046615762,48.78407937167705,48.58094631354533,48.78302163993627,956382
2023-07-05,48.72021855307676,48.98854172997752,48.465098128748735,48.671547006070696,1611485
2023-07-06,47.36423120557212,47.479901980894724,47.21719159499431,47.316914291280845,261578
2023-07-07,46.692252531258866,46.80858248920856,46.422473037326725,46.64560692433454,737489
2023-07-10,46.189862835259156,46.5388550950316,45.83378673333816,46.14371911614302,441389
2023-07-11,46.94776078479054,47.06874520922109,46.79747922993299,46.90085992486568,1996448
2023-07-12,48.34333248133188,48.617383132910774,48.121757796208506,48.29503744388799,1095350
2023-07-13,47.93019717198513,47.89980098343666,47.732134065149886,47.88231485712801,590508
2023-07-14,48.24596754392945,48.56346934991253,47.93064292636905,48.197769774155304,1528786
2023-07-17,48.479936717663826,48.55020865306786,48.30948904263191,48.43150521245138,895929
2023-07-18,47.79977622559365,47.80206339466303,47.5155052988067,47.75202420139226,656581
2023-07-19,46.31428928082076,46.66844122754427,46.21690934335687,46.2680212595612,986995
2023-07-20,45.68156267252747,45.751024383258134,45.60879922173834,45.635926745781696,1878855
2023-07-21,44.49537882055051,44.462105537918866,44.35530335242661,44.45092789265786,995490
2023-07-24,44.23719733157296,44.24608468997684,44.08293604061856,44.19300432724572,549962
2023-07-25,44.11896638628698,44.505673796583174,43.945555658017085,44.07489149479219,756110
2023-07-26,43.969746433132215,44.04024356687959,43.84313779605373,43.9258206125197,1955963
2023-07-27,43.83097987888612,44.010482733222055,43.76444219522811,43.78719268619992,1045554
2023-07-28,44.2060568607085,44.48065493730932,44.14072989821511,44.16189496574276,1314869
2023-07-31,43.45949528255161,43.786946437431155,43.28292897090031,43.41607920334826,1003906
2023-08-01,44.14738046147257,44.105218833290266,44.09321526216466,44.10327718428829,1482422
2023-08-02,42.81422887689995,43.119205322274546,42.480754554976755,42.77145741948048,848698
2023-08-03,42.85598736101979,42.85302260977892,42.645771434761585,42.81317418683297,804111
2023-08-04,43.14904610835056,43.144849648439845,42.8668194654529,43.105940168182386,716361
2023-08-07,42.5284411920165,42.642890234655006,42.08313837553084,42.48595523677972,1087128
2023-08-08,41.302816590756706,41.32427304104792,41.23838126913644,41.26155503572099,1731547
2023-08-09,41.770231987939894,41.98324913195996,41.48031416361806,41.728503484455445,738037
2023-08-10,41.257837027812826,41.24669067224732,40.954166837085076,41.21662040740542,1176779
2023-08-11,41.830761552352044,41.987395162652554,41.565763852682956,41.78897257977228,1035034
2023-08-14,42.40150188575572,42.74400379686703,42.17289500930993,42.35914274301271,270891
2023-08-15,42.38996967536345,42.50123169299608,42.28340093775779,42.34762205331015,1691899
2023-08-16,42.38166685228147,42.48094465385335,42.12656325791984,42.33932752475672,753462
2023-08-17,43.126368117657854,43.093652103072245,43.06543884977438,43.083284832825036,1546291
2023-08-18,43.41069205844044,43.64315699813789,43.27437861408522,43.36732473370674,1281792
2023-08-21,42.67551541289709,42.73032502836382,42.51114091072356,42.63288253036673,1658232
2023-08-22,42.79682914464932,42.78375072429804,42.625291906441355,42.75407506957975,970178
2023-08-23,43.21518756391998,43.280214731435606,43.14584352175279,43.17201554837162,854907
2023-08-24,43.364996426793326,43.37752625043235,43.09869802037886,43.32167475204129,990473
2023-08-25,43.50503707850445,43.73813872843929,43.363687549769324,43.461575503001455,629447
2023-08-28,43.38244711881237,43.43543417109567,43.08463243461994,43.339108010801574,1600484
2023-08-29,43.28273096938102,43.536033158950566,43.18499238306651,43.23949147790312,1204388
2023-08-30,42.548835610462284,42.599955281467516,42.48532379501323,42.50632928118111,1003722
2023-08-31,41.449089757023664,41.56607203282213,41.09987256217869,41.40768207494872,1906894
2023-09-01,42.279026030960345,42.37768753828266,41.937651618271126,42.23678924171863,337090
2023-09-04,41.78891258911827,41.76463268021367,41.60494005041539,41.747165423694575,1426435
2023-09-05,41.94826880352069,41.91258230737165,41.705581472742054,41.906362441079615,1579999
2023-09-06,40.811824574274425,40.88148166781839,40.723215319354345,40.771053520753675,503550
2023-09-07,40.92064288757689,40.9173109308365,40.31284518933766,40.87976312445244,448755
2023-09-08,40.30641254676664,40.29531065411463,39.95802384162787,40.266146400366274,1595371
2023-09-11,42.44383235491911,42.58812820867414,41.84008585185223,42.40143092399512,1417577
2023-09-12,41.66156535359677,41.696637461569836,41.53981283033084,41.619945408188585,1777570
2023-09-13,40.933383606698904,41.08701446386976,40.80736624824647,40.892491115583326,1080981
2023-09-14,41.61778796431447,41.94556965697153,41.35684157729131,41.57621175256192,1487011
2023-09-15,42.45854747731328,42.42052506401994,42.375408442113915,42.41613134596732,850418
2023-09-18,40.84848456206882,40.85450547097613,40.7436274606018,40.80767688518364,1464973
2023-09-19,41.02762962701437,41.15218452006008,40.785109022618876,40.98664298403035,1468534
2023-09-20,41.665885331168944,41.642390020658354,41.42813808885483,41.62426107009885,1370577
2023-09-21,40.74508149785731,40.722805387277695,40.6762570560624,40.70437712073658,1845031
2023-09-22,41.236494356159376,41.20639055343997,41.02816034571827,41.195299057102275,1153745
2023-09-25,40.83953439703847,40.9503832125513,40.75427409915905,40.798735661377094,1970442
2023-09-26,40.10200926986343,40.251190481291964,39.70685644289494,40.061947322540895,818739
2023-09-27,39.842677844615366,39.945509503902706,39.70272891058723,39.80287496964573,333237
2023-09-28,39.50590047248067,39.695304514149186,39.23624918768043,39.46643403844223,1449747
2023-09-29,38.51550946936709,38.60075983170158,38.23129759605314,38.477032436930166,899181
2023-10-02,40.05059848214438,40.093778745886375,39.81684863288812,40.010587894250136,871514
2023-10-03,39.71659798593691,39.768235805011315,39.61753886553212,39.67692106487204,1485825
2023-10-04,39.178306896791725,39.27905823497568,39.09111871438395,39.13916772906266,395675
2023-10-05,39.769501118357134,40.13295160942338,39.392459584206726,39.72977134701013,634583
2023-10-06,39.710162402295865,39.8583807202535,39.32206558638599,39.670491910385486,1796728
2023-10-09,40.64995865483105,40.723440038331084,40.40393863257627,40.609349305525534,1636481
2023-10-10,40.447685605405574,40.43197915191886,40.28301893444962,40.4072783270785,1835975
2023-10-11,40.69398370173276,40.71642052915832,40.285338975671095,40.653330371361406,1663330
2023-10-12,40.75375646139908,40.81838619498697,40.63912438744219,40.713043417981105,295139
2023-10-13,40.8671279213347,41.09201635576512,40.42128111447205,40.82630161971499,564732
2023-10-16,40.7068036809458,40.839507903734315,40.497639108068455,40.6661375434024,1618539
2023-10-17,40.62274419723666,40.62801313644048,40.347858033942046,40.58216203520146,1602566
2023-10-18,41.832131003413295,42.00376405755148,41.59376502753076,41.79034066275055,1260188
2023-10-19,41.31485318801215,41.6104044423325,41.22552168619941,41.27357960840375,1632902
2023-10-20,40.90304567991014,41.040195327608295,40.55584424591562,40.862183496413735,694894
2023-10-23,40.643548126246785,40.84457799791017,40.20124974804516,40.60294518106572,334540
2023-10-24,41.049810640409284,41.314243888607564,40.89199522589419,41.00880183857072,692958
2023-10-25,41.33587099545794,41.35196443602089,40.85995280415315,41.294576419038904,1462375
2023-10-26,42.01838088656164,42.08872297699933,41.58861622504343,41.97640448207956,334602
2023-10-27,41.003742979076115,41.094107044147094,40.86456771870904,40.96278019887724,1144304
2023-10-30,41.18548728877859,41.429634576504014,41.116031003758984,41.14434294583276,920011
2023-10-31,41.047514173952564,41.406433255955605,40.94274967944119,41.00650766628628,1719999
2023-11-01,40.829248783176304,40.79268854588397,40.66294790278965,40.78846032285345,463556
2023-11-02,40.94053000124339,40.92600490728602,40.489178379045235,40.89963037087252,1212802
2023-11-03,39.492535128629086,39.65481605150135,39.380952815583704,39.45308204658251,1361531
2023-11-06,39.67719872372242,39.64580697401562,39.27998722936009,39.63756116255986,1919662
2023-11-07,39.77160413887231,39.990465238673416,39.70017010479813,39.73187226660571,1893462
2023-11-08,38.749175268164784,38.74897469841241,38.456563887039486,38.710464803361425,799782
2023-11-09,38.67557859634236,38.84176381351467,38.481411700707554,38.63694165468768,629912
2023-11-10,39.73765727397899,39.85591229374813,39.633621297761415,39.69795931466433,1428215
2023-11-13,39.454440492516206,39.42352280313557,39.38108056504289,39.41502546704916,553824
2023-11-14,39.86414382471299,39.92227570470155,39.61184384977258,39.82431950520779,733220
2023-11-15,39.69571302055441,39.71266219578851,39.650101764808156,39.65605696359082,1066974
2023-11-16,39.11280302999756,39.37700304655255,38.91354224499605,39.07372930069687,1643324
2023-11-17,38.462406746375,38.8800571950164,38.323107012755955,38.4239827636114,275438
2023-11-20,38.181999208237215,38.38986287022852,38.096642593971545,38.14385535288434,1668461
2023-11-21,39.06020862746595,39.16437039989789,38.9460323526761,39.021187440025926,326635
2023-11-22,39.6213031059452,39.8435075454268,39.527589261493105,39.581721384560645,563275
2023-11-23,39.114384627935614,39.506538388735606,38.93038602749855,39.075309318617,395554
2023-11-24,39.80336534667382,39.93915769341679,39.73519929268757,39.7636017449289,261228
2023-11-27,39.70476065835099,39.71222780232816,39.66114957686041,39.66509556278821,1666213
2023-11-28,39.20755992985033,39.6152595119873,39.05623498803014,39.16839153831202,248280
2023-11-29,39.500835929015636,39.72494667859602,39.43491523722426,39.46137455446118,1031027
2023-11-30,38.850818392491966,38.916272913044885,38.46626645864964,38.812006386105864,1934236
2023-12-01,37.75569203397917,37.95094875784151,37.216722639542596,37.71797405991926,1584910
2023-12-04,38.6195295135101,38.8223415355188,38.447913434188834,38.58094856494516,497128
2023-12-05,37.3542325205497,37.3198792970289,37.30020859362645,37.31691560494476,1674459
2023-12-06,37.70778103015373,37.90445466571348,37.57898424675925,37.6701109192345,756711
2023-12-07,36.67596335452201,36.7011345904078,36.548112287310715,36.63932403049152,638138
2023-12-08,36.64991535422595,36.735923666287725,36.54155389365501,36.613302052173786,733852
2023-12-11,36.51381484709402,36.69646132208758,36.38224300852516,36.47733750958444,391796
2023-12-12,36.221125813885536,36.2076914276674,36.10551022264075,36.18494087301253,1619752
2023-12-13,34.803941950068854,34.946523531106635,34.52765377118042,34.769172777291566,167981
2023-12-14,34.73008227840549,34.93579700937899,34.533155543174004,34.69538689151398,140646
2023-12-15,34.700943582337665,34.951822121034425,34.46157970064794,34.66627730503264,1481781
2023-12-18,34.1400382976892,34.201798443390395,33.800765367283404,34.10593236532388,531778
2023-12-19,34.092784063597534,34.53184126189551,33.829446204862805,34.05872533825928,1099860
2023-12-20,34.68951614664204,34.977757317538476,34.4666935290587,34.65486128535669,1933164
2023-12-21,34.240062221026,34.28280227715628,34.175084319238444,34.205856364661344,1710565
2023-12-22,34.39097862379949,34.48529050289801,34.11358626061014,34.356622001797696,393570
2023-12-25,33.68144719282603,33.96766677583857,33.36062608360076,33.6477993934326,1328590
2023-12-26,33.90495686529474,34.12233932398772,33.60650861860609,33.871085779515234,996418
2023-12-27,34.28527199165653,34.43498718283446,34.23202421574919,34.25102097068585,381088
2023-12-28,35.79256630761714,36.16668360785589,35.69904559083171,35.756809498119026,1840363
2023-12-29,36.36342459506673,36.3799620625123,36.06737679894791,36.32709749756917,995018
2024-01-01,36.63790772368781,36.625225621949035,36.269010368699895,36.60130641727054,399454
2024-01-02,37.55030042638162,37.55634691562056,37.32968789843489,37.51278763874288,840867
2024-01-03,36.881167027009035,37.0433671732162,36.709535520947874,36.84432270430474,431965
2024-01-04,37.57866798357581,37.79551881511066,37.53004228609067,37.541126856719096,283914
2024-01-05,37.209566170536746,37.193268326304946,37.03691037068567,37.17239377675999,342580
2024-01-08,36.79510944736533,36.82134626399299,36.73565218038738,36.75835109626906,325777
2024-01-09,37.506544917585174,37.47606303358185,37.45973961251519,37.46907584174343,723358
2024-01-10,37.65780601427216,37.67850199456637,37.50794854419582,37.620185828443724,1425617
2024-01-11,38.540097333046646,38.7593745491787,38.475418462316696,38.50159573730934,1286530
2024-01-12,37.54393056484391,37.532412010112814,37.465514118214195,37.50642414070321,1339507
2024-01-15,37.721462426902896,38.034448008386725,37.508621571529076,37.683778648254645,1121570
2024-01-16,37.36545912363281,37.491904328849536,37.21274227268504,37.328130992640176,869460
2024-01-17,37.18247910735586,37.246348322240635,37.06175638064226,37.14533377358228,732088
2024-01-18,35.92045116091394,36.20671477061818,35.83815787583742,35.88456659431963,293534
2024-01-19,36.514757376036805,36.71844788221084,36.338488486628236,36.47827909693987,659432
2024-01-22,36.64796885718666,36.673582966561405,36.49450108939552,36.61135749968698,551665
2024-01-23,36.00427150648592,36.1306369309792,35.87350311325732,35.968303203282645,1757473
2024-01-24,35.14187913798858,35.234606943989576,35.102074214465965,35.106772365622966,906669
2024-01-25,34.5977281917162,34.59082932702507,34.428603224922625,34.56316502668952,147648
2024-01-26,35.453225016074434,35.47404359924971,35.262523551769306,35.417807208865575,1491031
2024-01-29,35.388509246531996,35.3981965408925,34.915357979571404,35.35315609044156,543061
2024-01-30,35.17772853996573,35.40416295006287,34.9945869552586,35.14258595401172,859030
2024-01-31,35.484113010541954,35.5824166754188,35.171847646417056,35.44866434619576,547217
2024-02-01,35.49073944852958,35.54911933990138,35.313394956669,35.45528416436522,1521555
2024-02-02,35.63611098442061,35.752505652088495,35.43066751263194,35.60051047394667,1849632
2024-02-05,36.1053479042248,36.327323083689365,35.8374324846396,36.0692786255992,761395
2024-02-06,36.31736227697802,36.34862449665242,36.062657111676366,36.281081195782235,801635
2024-02-07,36.88285454354972,37.16129895373188,36.693854645480556,36.84600853501471,1224506
2024-02-08,36.10479280197967,36.172695730624014,35.91769649041318,36.06872407790177,1646032
2024-02-09,36.146226723932,36.76411381075466,35.84685136256175,36.110116607324684,1508857
2024-02-12,35.9209001953336,35.896680616137054,35.75511524557967,35.88501518015345,696459
2024-02-13,35.99067138359983,36.01819897100448,35.86479729796384,35.9547166669329,867312
2024-02-14,35.96754596147156,36.039755359034395,35.740887086608815,35.93161434712444,660270
2024-02-15,35.56596387694867,35.750225684384915,35.41768415020843,35.53043344350517,965119
2024-02-16,35.34947099282994,35.649713673420194,35.24869736893367,35.314156835993955,1895615
2024-02-19,35.94504147190282,35.91687297755825,35.694297315470166,35.90913233956326,155537
2024-02-20,35.59775310181964,35.61242933149026,35.34834093799404,35.56219091090874,1108346
2024-02-21,34.81870622661462,35.04665887656795,34.61239904221175,34.783922304310316,269335
2024-02-22,35.188895511338075,35.44781730817478,35.06797005629011,35.15374176956851,1052771
2024-02-23,35.79831838448743,35.842190901674435,35.70260887752682,35.762555828658776,1377728
2024-02-26,35.63286659893323,35.84139304798443,35.59542113468867,35.59726932960363,595021
2024-02-27,35.71883618334567,36.040232853165364,35.651802501703045,35.68315303031536,238425
2024-02-28,35.196142915526465,35.279236535151774,35.016984893763556,35.16098193359288,1027064
2024-02-29,35.07633793373876,35.329831988975904,35.03417839780901,35.04129663710167,417016
2024-03-01,35.76848519859567,35.828169015323574,35.66583584660588,35.732752446149526,1436870
2024-03-04,36.281923887302504,36.519143446463985,35.96910428980635,36.24567820909341,996645
2024-03-05,36.38427105567383,36.348629797748394,36.288339041303814,36.34792313254129,1219313
2024-03-06,36.21542317372604,36.23234672397465,35.85011109972481,36.17924392979624,1859090
2024-03-07,35.182010135288756,35.27150013918204,34.83834343980196,35.146863272016745,651364
2024-03-08,35.38583665002149,35.40277234009157,35.108735205050024,35.35048616385763,1994218
2024-03-11,35.680301373835306,35.85099118177617,35.52201382783325,35.64465671711819,682279
2024-03-12,36.3528370880451,36.350463301965995,36.11982428755223,36.316520567477625,1561052
2024-03-13,37.65437947381415,37.643563838030964,37.245134298727905,37.61676271110306,1434979
2024-03-14,37.91433612514537,37.95205366372521,37.70391217273034,37.87645966547989,755203
2024-03-15,38.564389934933615,38.68799882967303,38.21376586717475,38.52586407086276,1728984
2024-03-18,37.81570149582073,38.09396470570398,37.73353408999229,37.77792357224849,396760
2024-03-19,38.62985991179723,38.60312141687265,38.13154975244825,38.59126864315408,1507737
2024-03-20,39.232022029099625,39.33003770288904,39.02754517229848,39.19282919989973,845633
2024-03-21,40.186258221954816,40.248087622060574,39.89053482600623,40.14611210984498,1609934
2024-03-22,40.676539463949865,40.85128696526506,40.62811656397642,40.63590356038948,172948
2024-03-25,41.01356737486507,41.038024169430784,40.89901531442864,40.97259478008499,1779474
2024-03-26,42.09489357969818,42.330689361004836,41.85130809980709,42.052840738959226,605024
2024-03-27,41.61629468152853,41.785278875339756,41.50944529836085,41.57471996156697,119421
2024-03-28,42.10233259830225,42.14807155429065,42.0081200560188,42.06027232597628,1430492
2024-03-29,42.91985427310561,43.09385213671873,42.83654229584604,42.8769772958098,142837
2024-04-01,42.34185362752215,42.312473610077454,42.254998480344035,42.299554073448704,1257226
2024-04-02,41.49877783884539,41.47778209184084,40.95233545378384,41.457320518327066,503307
2024-04-03,41.831039860874924,41.83148194247638,41.69025551689259,41.789250610264666,1863453
2024-04-04,41.9386147728281,42.15631985969875,41.73771863399546,41.89671805477334,1108601
2024-04-05,42.40424285703725,42.37835748462258,42.314298336201325,42.36188097606119,661727
2024-04-08,42.902108979298994,42.954974963255566,42.53433932131015,42.85924972956943,1075678
2024-04-09,42.34222214980708,42.43084680172743,42.235068307405584,42.2999222275795,863658
2024-04-10,42.61209912651213,42.62811364457607,42.52020116042178,42.56952959691522,1283223
2024-04-11,43.47550265455666,43.69059965066121,43.213076582285545,43.43207058397269,1483053
2024-04-12,43.22422205379131,43.23229594874145,43.0429675428967,43.181041012778536,425797
2024-04-15,43.0282004081481,43.39344345361149,42.80547079887712,42.98521519295515,541147
2024-04-16,42.196730428733595,42.19174689061834,42.077397984905744,42.15457585288072,159235
2024-04-17,42.822546361291195,43.09242353370542,42.74887383858811,42.779766594696504,517261
2024-04-18,44.31123239293282,44.48642544717582,43.78209766955382,44.26696542750532,321490
2024-04-19,43.268345867761845,43.54236229482332,43.148075860425536,43.225120747014834,1957808
2024-04-22,43.86931805504525,43.83127896003782,43.69248471013487,43.82549256248277,1458541
2024-04-23,44.58737669533785,44.64406582917741,44.39145838524406,44.54283386147638,728308
2024-04-24,44.172588524913266,44.45457826023262,44.016537581737516,44.128460064848426,1053067
2024-04-25,43.907471851581334,44.36801407975621,43.829180178028466,43.863608243338,1758245
2024-04-26,43.125710245617256,43.20475781205043,42.58937503241622,43.082627617999265,1007838
2024-04-29,42.556493522284484,42.56928266412066,42.4583919180544,42.513979542741744,835540
2024-04-30,42.70392535793976,42.991311667775356,42.64932678457691,42.661264093845915,1718518
2024-05-01,43.21681705488715,43.19399307816654,42.887234119200095,43.17364341147568,1803676
2024-05-02,43.33007647661554,43.3563146104972,43.00110164282771,43.286789686928614,1243076
2024-05-03,44.00540172987008,44.1064024329025,43.90093437638696,43.9614402895805,1666535
2024-05-06,44.189234644624534,44.49535122504893,44.09371758612589,44.14508955506947,1036566
2024-05-07,43.309019440204715,43.445309708663466,42.973538297395535,43.2657536865182,621574
2024-05-08,44.43803304453795,44.47649669485977,44.024657113017476,44.393639405132824,298611
2024-05-09,45.38862962183059,45.36805593621551,45.20604452814499,45.3432863354951,147895
2024-05-10,44.85089606959529,44.94422733819306,44.45663111074253,44.80608997961568,974844
2024-05-13,46.27359818332704,46.47421559663349,46.12266560997139,46.22737081251453,1345832
2024-05-14,46.68388426007233,46.954371707146606,46.44334836645274,46.63724701305928,1993667
2024-05-15,46.82216236718537,46.991589617134636,46.61814188595705,46.77538698020517,714928
2024-05-16,48.427898158341186,48.43495721086433,47.981186556199475,48.37951863970149,520001
2024-05-17,46.33707620565336,46.44127188098228,46.19082819418107,46.290785420233135,693789
2024-05-20,45.06256431824132,45.89439103509128,44.77032254970458,45.01754677146986,1843812
2024-05-21,45.65483468151121,45.80596860800503,45.57990825741162,45.609225456055164,1445132
2024-05-22,45.48917227735573,45.6629004793305,45.41160414589601,45.443728548806924,221505
2024-05-23,44.765127310667154,45.132536740953114,44.61647657147554,44.7204069037634,852415
2024-05-24,45.98082732792549,46.16618939344313,45.926957017519875,45.934892435490006,685604
2024-05-27,46.40657485547263,46.41086625630509,46.12803543664056,46.3602146408318,589835
2024-05-28,45.40064002101297,45.51938966065364,44.97782768144349,45.355284736276694,280609
2024-05-29,44.907580638289645,45.0715491515455,44.73685766945845,44.86271792036928,1728931
2024-05-30,45.606723253384914,45.728844016677314,45.40562803373141,45.561162091293625,1585998
2024-05-31,47.06950651531539,47.391912015976466,46.957281221758706,47.02248403128411,1601789
2024-06-03,45.45038866068639,45.504410460372405,45.155920238296936,45.40498367700939,1591780
2024-06-04,45.68435356577418,45.77000244304156,45.35536013454386,45.638714850923265,1623761
2024-06-05,45.41356909319467,45.72910351827003,45.288252536215325,45.36820089230237,503883
2024-06-06,44.056554060993854,44.44608696939274,43.990476855094144,44.01254151947438,686408
2024-06-07,43.96257826017278,44.17589443564141,43.849678315652596,43.91865960057222,91575
2024-06-10,42.76064259471801,42.94787675370827,42.67453970958939,42.717924670047964,1956079
2024-06-11,42.39184013021218,42.46255649993784,42.11794287581553,42.349490639572615,1575782
2024-06-12,43.629891489041974,43.65744236096801,43.208282652025076,43.58630518385812,1045464
2024-06-13,44.058937596628596,44.16138460757641,43.82596269418391,44.01492267395464,409647
2024-06-14,44.69934101867788,45.22622616965059,44.605063729621044,44.654686332345534,665267
2024-06-17,45.20675136080381,45.402196139550654,44.95287834272648,45.16158977103278,1345256
2024-06-18,45.52592786831393,45.90418003562908,45.197456825480025,45.48044742089304,321183
2024-06-19,46.34163801376427,46.48359823907555,46.239578136975204,46.29534267109318,156852
2024-06-20,45.43305874372044,45.55221278147725,45.26380201401004,45.38767107264779,1629179
2024-06-21,45.18539702203941,45.178099824187306,45.057748746626245,45.14025676527414,1548454
2024-06-24,45.9015612421219,45.908482610505956,45.717409342926054,45.85570553658532,1425090
2024-06-25,45.35526413931924,45.45445739782602,45.24299020064482,45.30995418513411,1900230
2024-06-26,45.04701077787858,45.04254751903012,44.46364246263878,45.00200876910948,1876858
2024-06-27,46.04228979397694,46.02816646064037,45.904643004490566,45.99629350047647,575269
2024-06-28,47.32447450558691,47.60639703317202,47.16507749816536,47.27719730827864,232074
2024-07-01,46.8647554568312,46.887294435130144,46.71922512917905,46.81793751931189,1991030
2024-07-02,46.237109794025635,46.33819708594276,46.104031369500895,46.19091887515049,156595
2024-07-03,46.754797079957044,46.81626744925257,46.49913068369821,46.70808899096608,1023204
2024-07-04,47.02173496981308,47.063000208205175,46.94539729329183,46.97476020960348,1785157
2024-07-05,46.51107397721415,46.493806714625244,46.35927015015971,46.464609367846315,1466015
2024-07-08,47.04344092352135,47.2399440537201,46.9870339929849,46.99644447904232,541169
2024-07-09,47.54705912778885,47.71450074772807,47.31138343598611,47.49955956822063,1030109
2024-07-10,47.66155279529074,47.78961013397185,47.338980155241266,47.61393885643431,696225
2024-07-11,50.169133069716935,50.18817587439187,49.972787647263736,50.11901405566128,1385299
2024-07-12,51.417023064466555,51.428878926097006,51.124140481387435,51.3656574070595,297562
2024-07-15,52.20467026311244,52.45717238927589,51.78942238279399,52.15251774536708,673105
2024-07-16,53.19622106477996,53.43269543608549,53.082185024595304,53.14307798679317,1027666
2024-07-17,56.01797763756073,56.54189412299776,55.735261485224115,55.962015621938804,1882193
2024-07-18,57.15561188795794,57.30569805552171,57.0857359536268,57.09851337458336,453311
2024-07-19,56.4923668280166,56.56117023471861,56.088198315919165,56.43593089711948,764529
2024-07-22,56.86938871995487,56.840512993740774,56.75141370817186,56.812576143811064,166568
2024-07-23,57.00172184224246,57.695728990652256,56.88293641007435,56.94477706517729,995922
2024-07-24,56.49237499668158,56.86630387608246,56.13164022848588,56.43593905762397,1910818
2024-07-25,56.80953686209989,56.93126158864957,56.477762038876065,56.752784078021875,678646
2024-07-26,57.119976867725214,57.34696461596315,56.54744310540912,57.06291395377145,319831
2024-07-29,57.12393807040406,57.10922541062078,56.524127563416044,57.06687119920486,1118102
2024-07-30,56.69560810633846,56.924722267052786,56.558023691459134,56.638969137201265,765676
2024-07-31,57.581576704478906,57.69650287217403,57.39233937701512,57.524052651827084,593276
2024-08-01,56.02680368049447,56.16767386459871,55.71450929389463,55.970832847646825,440672
2024-08-02,56.898248182747565,56.96978425165652,56.82045647681352,56.8414067759716,231912
2024-08-05,56.96851027398838,57.38036476170621,56.569012295269516,56.91159867531307,1656517
2024-08-06,57.3046044722167,57.71229622064968,56.59620209984532,57.24735711510161,1989158
2024-08-07,54.97150269113961,55.0795128432649,54.65741842842741,54.91658610503458,1573454
2024-08-08,56.655241437354455,56.94380490108399,56.5129957186111,56.5986427945599,1335012
2024-08-09,54.99125876501077,54.97323981528891,54.43502621679573,54.936322442568205,1842354
2024-08-12,54.21394175004665,54.46617213724875,53.95322107983325,54.159781968078576,1376889
2024-08-13,54.88630342205438,54.91261289101652,54.49974343332444,54.83147195010429,975813
2024-08-14,54.36008144380317,54.58030813453374,53.75761072669968,54.30577566813504,1431994
2024-08-15,54.02896081040275,53.997479523962525,53.868931840187024,53.97498582457818,1584200
2024-08-16,51.96350192383279,51.97989670549313,51.83853935206871,51.91159033349929,553612
2024-08-19,51.620599131180825,51.57128471501064,51.541469248117885,51.569030101079754,1631888
2024-08-20,51.86944381013983,51.867974934237004,51.43227542578641,51.81762618395588,1193657
2024-08-21,52.545790697851686,52.64135370341491,52.28241490866296,52.49329740045124,1686522
2024-08-22,52.33761853130791,52.643759485072366,51.6817847125088,52.285333198109804,199484
2024-08-23,52.59677895470798,53.00962052283037,52.51093094539522,52.544234719988,355189
2024-08-26,53.060269200828266,53.10539656252371,52.58039874108224,53.007261938889386,1250030
2024-08-27,52.48871411548177,52.91640682773458,51.70530661910608,52.436277837644134,1006386
2024-08-28,51.8526629741543,52.39521209779642,51.51104646299194,51.80086211204226,1296202
2024-08-29,53.7008058259643,54.40974459716037,53.52271745503172,53.64715866729701,1327255
2024-08-30,52.95539350325295,53.059781382721226,52.820474952972816,52.902491012240716,1278297
2024-09-02,54.164182364436236,54.49691237373848,54.02639385956784,54.110072292144096,646711
2024-09-03,54.292130040889745,54.68302766691313,53.94595788770703,54.23789214874101,1521427
2024-09-04,55.76158640233257,55.78792232943479,55.41830990624418,55.70588052181076,1580158
2024-09-05,55.19616274644164,55.65138596483343,54.840708796225705,55.14102172471693,627092
2024-09-06,55.76131145165524,56.03113378702439,55.184620618536485,55.70560584580944,1289723
2024-09-09,56.1492004310281,56.208509033636716,56.041249293168654,56.0931073237044,536653
2024-09-10,55.98755783061066,56.034571603049756,55.404382443785245,55.931626204406264,1615962
2024-09-11,56.35693529542468,56.70155185821897,56.06755064506158,56.30063466076392,727259
2024-09-12,55.657078923363756,56.081828406504776,55.06427874205778,55.601477445917844,1502095
2024-09-13,55.640949906843474,55.8900039052737,55.50329604842917,55.58536454230118,1611042
2024-09-16,55.31198257174143,55.410513643535616,54.97333762141328,55.256725845895545,900141
2024-09-17,56.11669903149025,56.43161361399121,55.98984665643343,56.06063839309716,828517
2024-09-18,56.09011659701118,56.32399438343693,55.84685318022151,56.03408251449669,277187
2024-09-19,54.776070791430755,55.20368529401529,54.00390156304424,54.72134944198877,345988
2024-09-20,54.47884568175445,54.94002813897127,54.09893830378059,54.424421260493965,521205
2024-09-23,54.446131100976125,54.434357962231196,54.25974741176648,54.39173936161452,128428
2024-09-24,53.64050837536349,53.63293679738366,53.495827488719534,53.58692145390958,1016028
2024-09-25,54.9602011803334,54.97153787155186,54.58307827273293,54.905295884448954,220736
2024-09-26,55.41462977011132,55.94481167449816,55.09669807059915,55.35927049961171,1906813
2024-09-27,56.30115818712025,56.396481784798006,55.94180106995306,56.24491327384641,474614
2024-09-30,55.60595756855127,55.89924930889241,55.43208615280825,55.550407161389884,454175
2024-10-01,55.277861904168844,55.31997575555165,55.1009564880311,55.22263926490395,1617018
2024-10-02,56.32380852640887,56.30019171515695,55.901776856398314,56.26754098542345,1641902
2024-10-03,54.964118532451664,55.43987324753314,54.86230980449276,54.90920932312854,761881
2024-10-04,55.38284929971662,55.60034047193512,55.12280574059725,55.327521777938685,549845
2024-10-07,55.5331052807036,55.67857581630455,55.33905250310441,55.477627653050554,513955
2024-10-08,55.105887074239426,55.169541942459745,54.988546646149516,55.05083623800143,1196659
2024-10-09,55.2562958756555,55.27656837617054,54.853363656134256,55.201094780874634,1645081
2024-10-10,54.269508338613754,54.25296865911185,53.84524402161666,54.21529304556819,1806717
2024-10-11,54.546172405605994,54.818060996189445,54.312643775637376,54.49168072488112,144010
2024-10-14,53.436256292891336,53.55592804849007,53.33120100092225,53.38287341947187,924443
2024-10-15,52.29241512459215,52.29525662917296,51.80965027832649,52.24017494964251,827646
2024-10-16,53.643208203193026,53.67760528891506,53.51878921744965,53.589618584608424,479139
2024-10-17,53.03946474251412,53.00471873211777,52.56484850009758,52.986478264249875,1416931
2024-10-18,51.11912961460498,51.257532975170115,50.82173190215408,51.06806155305193,654439
2024-10-21,52.05689409942835,52.06192858368107,51.901878022613396,52.00488921021814,860574
2024-10-22,51.40565582399635,51.68373179930619,50.90503349967064,51.35430152247388,1505108
2024-10-23,48.264698846308015,48.382354805727054,48.17111699103895,48.216482363944074,50553
2024-10-24,48.27045540073202,48.56914455589972,48.159288682432965,48.22223316756446,1355465
2024-10-25,49.11647637413558,49.06754488508923,48.87214907696859,49.067408965170415,1684575
2024-10-28,49.477749247163935,49.73924546004467,49.113700014167506,49.4283209262377,1272454
2024-10-29,51.038223513321334,51.11169734222006,50.784502685427,50.987236277044296,490937
2024-10-30,50.98336098263273,51.08611353662682,50.574791362898324,50.93242855407866,465340
2024-10-31,51.581191416660914,51.61042722057853,51.31631164214267,51.529661754906016,1240925
2024-11-01,50.72123063711617,50.72438597872749,50.564786740309714,50.67056007703914,1521410
2024-11-04,50.92578351488464,50.910008809586145,50.26247335581789,50.87490860627837,1947658
2024-11-05,52.36307945433396,52.40562520323955,52.267730514669495,52.31076868564832,1684403
2024-11-06,52.88997841462437,53.293232663729974,52.47574403151879,52.83714127335103,720648
2024-11-07,53.10286049693189,53.47037872482813,52.968463803732796,53.04981068624565,950717
2024-11-08,51.307041554777996,51.42043851710709,50.66907431039435,51.255785769008995,999818
2024-11-11,51.02395122814346,51.18788625517746,50.961983394020166,50.97297824989357,586549
2024-11-12,49.91931063313367,50.232301837038875,49.60706080709124,49.86944119194173,256680
2024-11-13,50.66326115104288,50.74073137736398,50.46935837022679,50.612648502540345,1235152
2024-11-14,50.05925253291364,50.39876475177495,49.942737406751924,50.009243289624024,227597
2024-11-15,50.43733666796709,50.68124349156817,50.183294993733135,50.38694971824884,1583458
2024-11-18,49.60139287906959,49.98558178652317,49.48926699048292,49.55184103803157,312828
2024-11-19,51.31489624773761,51.28671549527442,50.93508585704824,51.26363261512249,936724
2024-11-20,50.30893194866723,50.78016251299874,50.111046723196765,50.25867327539184,1487979
2024-11-21,50.489758652480404,50.64560766803506,50.412934455213446,50.43931933314726,1143497
2024-11-22,52.89862208463794,52.916548620320114,52.50684667614135,52.84577630832962,775458
2024-11-25,53.16135023430863,53.37386498341884,52.887210614918004,53.108241992316316,1508660
2024-11-26,52.40137520843508,52.39576985650824,52.30252844483103,52.34902618225283,829059
2024-11-27,53.03268759533061,53.49807652704272,52.79743565990847,52.97970788744317,1838603
2024-11-28,54.026058829428344,54.145896030517996,53.842679829214255,53.97208674268566,765995
2024-11-29,54.92229248387158,54.916726600515375,54.803119170990946,54.86742505881277,205191
2024-12-02,53.06969341663656,53.079057473386534,52.95596717881825,53.01667673989667,1288154
2024-12-03,53.3350841191485,53.68118789536275,53.08290717449304,53.28180231683167,1393179
2024-12-04,51.386753383920166,51.3556751612783,51.143240963249646,51.335417965954214,1339905
2024-12-05,53.17570042011758,53.292007169925974,52.85514007282143,53.12257784227531,174213
2024-12-06,53.30534093936363,53.501412625879645,53.20368598023909,53.252088850513125,369400
2024-12-09,52.93211728816116,52.88454727619111,52.72738238388261,52.879238050111056,575068
2024-12-10,53.62583376937734,53.87737911816385,53.137199939176796,53.57226150786947,306761
2024-12-11,54.152769148175835,54.249099232038965,53.997238169421934,54.09867047769814,1378338
2024-12-12,53.07794482702726,53.29700674601779,52.80556967627522,53.02491990712014,1812962
2024-12-13,54.670547611912966,54.88705216814606,54.10894840566706,54.61593168023274,390649
2024-12-16,54.499494657582936,54.473365115730644,53.99865285605323,54.445049607974966,1966259
2024-12-17,52.862913621670316,52.814463793104046,52.31352867765751,52.81010351815217,1347354
2024-12-18,54.23941957574582,54.778639705284604,54.09420813535254,54.185234341404424,1332115
2024-12-19,55.780615205600455,56.06129385661433,55.57502629492782,55.72489031528517,1575850
2024-12-20,57.09033169639231,57.10392999313788,56.9592124755226,57.03329839799432,734591
2024-12-23,57.71468503781191,58.17184998330163,56.91015863883498,57.65702800980212,1378648
2024-12-24,56.86878908889118,56.887736482503904,56.811452923929096,56.811977111779406,1292006
2024-12-25,57.88411798729411,58.01353746700973,57.59579258048094,57.82629169559852,1655766
2024-12-26,59.86657196157151,60.165988354911136,59.2812265759626,59.80676519637514,396143
2024-12-27,60.80554949795195,61.12937843932401,60.49223968349678,60.7448046932587,1240011
2024-12-30,62.60973619540479,62.82950938200153,62.086158453306595,62.5471890063984,1655007
2024-12-31,61.821747331979886,62.02208948717308,61.43900331534924,61.759987344635256,1030696
2025-01-01,63.017559534615714,62.98133920021528,62.743070995900204,62.954604929686035,853715
2025-01-02,64.14458275777884,64.90601299375464,64.07291781926025,64.08050225552331,1973311
2025-01-03,62.521574116218574,62.47249991273403,62.35947842941843,62.45911500121736,1711195
2025-01-06,60.787922242787246,60.98982852255178,60.25284813991127,60.727195047739514,714490
2025-01-07,60.08336511839427,60.16750114248852,59.923754903498946,60.023341776617656,1858715
2025-01-08,60.24424811974113,60.74840173411315,59.51046876875451,60.184064055685454,385546
2025-01-09,60.80447859269817,61.24438818863072,60.51723195258801,60.74373485784034,309494
2025-01-10,60.6353065513327,60.895598005923425,60.527517274339765,60.57473181951319,1015402
2025-01-13,60.64000168005133,60.69131538340843,60.372779380489,60.57942225779354,1933755
2025-01-14,60.59329798757944,60.73694517111816,60.17006407589263,60.53276522235709,1193427
2025-01-15,60.76359500990169,60.883222785090176,60.49070135658677,60.70289211778392,1502420
2025-01-16,61.47197051213983,62.03509362495712,61.104249110661506,61.410559952187654,756025
2025-01-17,62.09224940336466,62.21380497394163,61.70616479707335,62.03021918418049,104166
2025-01-20,62.109356655910084,62.44663882824615,61.709450277432836,62.04730934656353,1908412
2025-01-21,62.47422045557497,63.052316624587746,62.133998570716194,62.41180864692805,1010550
2025-01-22,62.050073675959226,62.069358840512216,61.300927419251714,61.98808559036886,697248
2025-01-23,63.00980618422493,63.4420216182795,62.25706578816837,62.94685932490003,119869
2025-01-24,62.52229607897341,62.50260303876886,62.06098844083432,62.45983624273069,413581
2025-01-27,64.4319628103347,64.51695321154958,63.870740434392765,64.36759521511958,1810215
2025-01-28,64.48599997425339,64.55477208263818,64.29505687199106,64.42157839585754,1094882
2025-01-29,64.88323767895137,65.12012893199848,64.75343752473918,64.8184192596917,1399365
2025-01-30,64.08518292351788,64.42739831121612,63.39206881608036,64.02116176175613,483768
2025-01-31,63.772001640406536,63.76061118906104,63.45872922775027,63.70829334705948,246392
2025-02-03,64.04059735784843,64.06648099102904,63.94413209029459,63.976620737111325,1274556
2025-02-04,64.14380062825857,64.4069847411416,63.70315358041281,64.07972090735123,1463783
2025-02-05,63.51375547533481,63.86333073133962,63.156058314640994,63.450305170164654,618618
2025-02-06,62.27785413155503,62.498108906652,61.767556669541555,62.215638493061974,1667607
2025-02-07,62.40195082733348,63.15420082117192,62.33610214059148,62.33961121611737,764636
2025-02-10,62.65313896013041,62.62853872458466,62.299245063191556,62.5905484117187,1430554
2025-02-11,63.34769993234572,63.61093220503499,62.75737782929967,63.2844155168289,1388685
2025-02-12,64.8395725639703,64.8463775443527,64.48782407127106,64.7747977662041,1432527
2025-02-13,64.56075619520047,64.67341205615024,64.22208538703221,64.49625993526521,1374972
2025-02-14,62.34256635173679,62.66149976676074,62.11508316877493,62.28028606567113,1508771
2025-02-17,62.26321671482544,62.31914353856839,62.154440500001655,62.20101569912632,143106
2025-02-18,60.28954936557052,60.235444237550716,60.138962007966,60.22932004552501,1691005
2025-02-19,58.981505757989645,58.9304909462452,58.9047856956394,58.92258317481484,1152121
2025-02-20,60.143408679972694,60.262124068540615,59.84365485724261,60.08332535461808,432961
2025-02-21,60.83014249842274,61.299137910610895,60.51484082655668,60.76937312529745,1154406
2025-02-24,60.207905857342666,60.59856906719914,59.83681397969199,60.14775809924343,1565392
2025-02-25,59.60190121104021,59.796474618355965,59.2857994383195,59.54235885218802,751230
2025-02-26,59.5841400327974,59.64811545840936,59.25693736908636,59.524615417380026,1386768
2025-02-27,57.791058517307555,58.106709339684706,57.149506114575374,57.733325192115444,771871
2025-02-28,58.36248082190295,58.407390351987466,57.74651260459479,58.3041766452577,762645
2025-03-03,58.07404771554017,58.425174256465176,57.81853384249057,58.01603168385632,1231428
2025-03-04,60.06135030055534,60.179394647938864,59.816081384134336,60.001348951603745,701114
2025-03-05,59.00104404568999,59.2369374792479,58.72884974768987,58.942101943746245,1574967
2025-03-06,60.13730405864598,60.16992868417335,59.837328036805765,60.07722683181417,1507494
2025-03-07,59.4826453024696,59.81136545458613,59.01158334831826,59.423222080389216,1572382
2025-03-10,60.64671813181449,61.257377903705034,60.491155524375124,60.58613199981468,777876
2025-03-11,59.66362691480167,59.61303083665807,59.378656811539024,59.604022891909764,1698700
2025-03-12,60.525989188636096,60.69510429274816,60.25741342469389,60.46552366497113,1980031
2025-03-13,60.12875110397809,60.17389942657827,59.92933291626891,60.06868242155654,1087573
2025-03-14,59.31991588907885,59.51402724947877,58.89814535135735,59.260655233845014,590909
2025-03-17,59.238512697141786,59.94383353160037,58.847905592624436,59.179333363778014,552265
2025-03-18,59.82190110346416,59.869338153378486,59.08055459809826,59.76213896449966,1940848
2025-03-19,60.334266211681005,60.376579533457985,59.512951104633196,60.27399221946155,1479065
2025-03-20,62.119926459682816,62.22051273423323,61.621988765477845,62.05786859109173,1677311
2025-03-21,63.116308797161416,63.284634449761484,62.87357105841272,63.053255541619805,370278
2025-03-24,60.219564619732544,60.42707105319459,59.88714208373732,60.15940521451803,1667848
2025-03-25,59.86725353039166,60.159251144340445,59.799470911232405,59.80744608430736,88066
2025-03-26,57.80964230891823,57.78462598331577,57.53994787688408,57.751890418499734,1438846
2025-03-27,57.488669714180574,57.48641117886691,57.39311715005889,57.43123847570487,321319
2025-03-28,58.20758004678782,58.24402934802946,57.621963088340124,58.14943061617165,667892
2025-03-31,56.89021541443225,56.885742117075296,56.74022304730979,56.833382032399854,154796
2025-04-01,55.76226894195138,56.05602119993395,55.388775247126915,55.70656237957182,1308552
2025-04-02,55.98070137247088,56.36745760727951,55.76152606876186,55.92477659587502,873682
2025-04-03,55.7660436162904,55.83339268985846,55.22298512115542,55.7103332830074,660502
2025-04-04,57.423144380205834,57.628082132318255,57.18345607689886,57.365778601604234,821921
2025-04-07,57.83176509445475,57.99737883229884,57.6850534527685,57.773991103351406,1998771
2025-04-08,58.46104087344691,58.71032216377681,58.31960693011197,58.402638235211704,1930681
2025-04-09,60.373206123079015,60.39413030992688,59.980664570682364,60.31289322984917,1206467
2025-04-10,59.91162117657599,59.95608718864816,59.68874593276688,59.85176940716883,1712560
2025-04-11,59.99051835365996,60.09139823595112,59.78279995526958,59.93058776589407,1960899
2025-04-14,59.00364427619584,59.070841366295745,58.33742524204141,58.94469957661923,1662828
2025-04-15,59.35618865766813,59.32187769919808,58.63119544942859,59.29689176590223,171010
2025-04-16,60.53795300431573,60.788089545533126,60.469216590372966,60.477475528786954,1485277
2025-04-17,62.105731301071344,62.22761533690294,61.77822955054144,62.04368761345789,1110110
2025-04-18,62.149409099262535,62.139044568615,61.97083485388887,62.08732177748506,403437
2025-04-21,61.441087249215684,61.51623883019565,61.32537178957322,61.379707541674016,1083392
2025-04-22,60.68027211003208,60.72205411576715,60.608015953505785,60.61965245757451,353177
2025-04-23,59.244793617913004,59.29950820797643,58.71739781755968,59.185608009903106,1412117
2025-04-24,59.45488756510686,59.824910090441094,58.94323808839674,59.39549207303383,1648927
2025-04-25,60.9865817177331,61.058834457732026,60.74038775265171,60.92565606167144,1297910
2025-04-28,58.47574341857205,58.49608716294792,57.83274418687322,58.41732609247958,1536655
2025-04-29,56.27282343277072,56.2966282176862,56.09767293226579,56.21660682594478,700420
2025-04-30,57.76643818079772,57.950986385473165,57.56229532948957,57.70872945134638,144047
2025-05-01,56.17719326298732,56.54607710848426,55.98513388120178,56.12107219079653,586068
2025-05-02,56.589184976625084,56.67658747088718,56.16500006068266,56.53265232430079,859136
2025-05-05,55.38900012956496,55.555009806777406,55.32859526029881,55.33366646310186,386435
2025-05-06,56.24469280729432,56.44450890649456,55.91351164559505,56.18850430299133,577294
2025-05-07,57.11438961262092,57.38130511916914,56.5610938310223,57.05733228034058,1906361
2025-05-08,57.36854877574056,57.42046615705379,56.700577308673466,57.31123753820236,1128995
2025-05-09,58.30058983148139,58.44986287323274,57.60266068173258,58.2423474839974,1821206
2025-05-12,58.436655574518284,58.399812447460114,58.28822541772369,58.37827729722107,931306
2025-05-13,59.11248238559112,59.2154629654999,58.95249049335795,59.05342895663449,446994
2025-05-14,61.134870225515606,61.34774439669857,60.47182099617131,61.07379642908653,959779
2025-05-15,62.42978979982846,62.884349055548995,62.266206090572595,62.36742237745102,1989858
2025-05-16,61.78230228481404,61.837878705502426,60.99135869076937,61.72058170311093,1261511
2025-05-19,60.980934195950425,61.206877275813866,60.897189592107146,60.920014181768664,757116
2025-05-20,60.80896591619794,61.1801935271217,60.690946354607,60.748217698499445,1559373
2025-05-21,60.648365663573784,60.61161804375687,60.02800891168844,60.587777885688105,1410185
2025-05-22,60.81616752487576,60.92244691525025,60.6495844898201,60.755412112763004,1784891
2025-05-23,60.246198263572346,60.72139712406386,59.86051800236519,60.18601225132103,1714920
2025-05-26,61.042719119643856,61.07999247676655,60.622603819295314,60.9817373822616,996545
2025-05-27,61.17583649498357,61.15065556026812,60.47442167406313,61.11472177321037,1608440
2025-05-28,61.665703425361635,61.74547885145177,61.52207617022552,61.60409932603561,786860
2025-05-29,61.76685286831703,61.77660412315176,61.46905871377143,61.70514772059644,864015
2025-05-30,62.54362030295056,62.89476757250516,61.991859747640206,62.48113916378678,1717483
2025-06-02,61.293856970285056,61.50100210215457,60.88168189935086,61.23262434593912,1812391
2025-06-03,63.12985199078127,63.40254840049423,62.97489177783886,63.0667852055757,97459
2025-06-04,63.62063813776941,63.58592436516234,63.54583988900745,63.557081056712704,1959245
2025-06-05,64.23370328992323,64.2686019283296,63.767056622720126,64.16953375616707,1551391
2025-06-06,65.0400080184708,65.07938927221542,64.83438157990533,64.97503298548533,1929062
2025-06-09,66.40739963343026,66.45091126625111,66.10666443478229,66.34105857485541,155993
2025-06-10,67.39147608284412,67.87446788193277,67.1634087813747,67.32415193091322,1831350
2025-06-11,67.78582280190093,67.85725449454387,67.66107817003662,67.71810469720374,626281
2025-06-12,67.67263517268542,67.89916870585337,67.29367866139788,67.60503014254289,1504452
2025-06-13,65.77972837150206,65.72403971175606,65.25218773131279,65.71401435714492,1849855
2025-06-16,66.13909183108056,66.22653965810487,65.4739879773028,66.0730188122683,291983
2025-06-17,65.87439264873197,65.83434990779502,65.74239741230805,65.80858406466731,656170
2025-06-18,65.609790056513,65.63268432264837,65.50303239972042,65.54424581070231,1620298
2025-06-19,68.55436040359528,68.61385320002474,67.90454586051683,68.48587452906622,145990
2025-06-20,66.37360798915451,66.92776817353186,66.14731888091394,66.30730068846604,1066958
2025-06-23,66.54938587211272,66.75926682727203,66.25224206522435,66.48290296914358,296628
2025-06-24,68.11060035607069,68.18233771861885,67.56981222644811,68.04255779827243,423483
2025-06-25,69.40094672981176,69.58894541006242,69.11973432598568,69.33161511469707,1915234
2025-06-26,71.06439968717974,71.0357675319281,70.19736539285562,70.99340628089885,1585190
2025-06-27,69.56215581192455,69.5618094682306,69.27899177547559,69.49266314877579,849604
2025-06-30,68.4760367736355,68.75049118395742,67.3968650409952,68.40762914449101,753421
2025-07-01,69.3540267305965,69.48022608855636,69.28177177242986,69.2847419886079,768181
2025-07-02,69.10190040951674,69.29428635892997,68.95421811641684,69.03286754197478,1609326
2025-07-03,71.34748846794423,71.81642147192025,70.79493332330158,71.27621225568855,1814383
2025-07-04,71.7626013031883,71.91581728718481,71.59866394588794,71.69091039279552,940263
2025-07-07,72.13899188226215,72.253687730779,71.92898438251055,72.06692495730485,1704602
2025-07-08,72.83583724487781,72.96947087901621,72.37314639666877,72.76307417070711,1381479
2025-07-09,72.60619150707545,72.91917763882483,72.06885867086689,72.53365784922623,531506
2025-07-10,72.8886445849352,72.92048096219283,72.53844320548708,72.81582875617902,555202
2025-07-11,72.1316138820989,72.23551544683338,71.97906885756665,72.05955432777114,283985
2025-07-14,72.21067437002233,72.48005276520064,71.89095488389549,72.13853583418815,1247686
2025-07-15,71.71064944553244,72.04822332586933,70.91594833587003,71.63901043509735,1795327
2025-07-16,72.16895378855767,72.12788501507201,71.92241756951186,72.09685693162605,1744436
2025-07-17,70.4581428406431,71.00402702925514,70.3267442157549,70.38775508555756,793389
2025-07-18,68.69303597550575,69.29702989572556,68.52458184971319,68.62441156394182,416504
2025-07-21,69.38494384872482,69.59150584116193,69.09624373557081,69.31562822050432,947930
2025-07-22,69.79338168704079,70.25428035561322,68.91687843831288,69.72365802901179,1135100
2025-07-23,68.70953239325925,68.83022486318849,68.08263443039776,68.64089150175751,356881
2025-07-24,68.5543457645993,68.84352987284984,68.31588074259112,68.48585990469462,639743
2025-07-25,67.38573510376011,67.40974388890277,67.1375657421928,67.31841668707304,850754
2025-07-28,69.98355928176139,69.94947142570352,69.41531287815161,69.91364563612527,1327922
2025-07-29,68.143966690144,68.14359915503198,67.6826255290582,68.07589079934466,1792480
2025-07-30,70.37057775260871,70.38015892391441,70.22833211042766,70.30027747513358,927769
2025-07-31,69.45832068933662,69.44937537683708,69.3866414881945,69.38893175757904,1822055
2025-08-01,70.11358509964704,70.18087965185717,69.93441424410922,70.04354155808896,142451
2025-08-04,69.91274465817494,69.9931936039833,69.5187764362395,69.84290175641853,420374
2025-08-05,69.56411529741345,69.75816144824914,69.28900858601114,69.49462067673672,241426
2025-08-06,70.86600560322556,70.96844564358486,70.63201122834671,70.79521039283273,1302904
2025-08-07,72.03919357545632,72.2718156077696,71.80183603673146,71.96722634910722,241168
2025-08-08,71.7994360315606,71.86692183802131,71.58945967980104,71.72770832323738,326043
2025-08-11,70.76004233556313,71.2201758345646,70.43806899666438,70.68935298258056,751111
2025-08-12,73.53310553554522,73.53605242087151,73.38310983583598,73.45964588965558,1036253
2025-08-13,75.53016992683379,75.98931255981323,74.92501720613721,75.45471521162217,827864
2025-08-14,75.86530738026947,76.23255817765444,75.71190439856395,75.78951786240707,1579618
2025-08-15,75.60379838467601,75.77921278201104,75.18455839419784,75.52827011456147,1816842
2025-08-18,76.14644247439195,76.26745198258499,76.05397667220811,76.07037210228967,555042
2025-08-19,76.40416593053294,76.5297204150633,76.10225761954679,76.3278380924405,340264
2025-08-20,78.19493318251101,78.1647221834028,77.73696338858699,78.11681636614487,1197957
2025-08-21,76.98582380842049,77.71375127329945,76.84556270209096,76.90891489352697,1354239
2025-08-22,77.16209478370736,77.12655737320965,76.87363387686777,77.08500977393344,429191
2025-08-25,76.22118020798355,76.26944942362209,75.65031020448407,76.14503517281075,189026
2025-08-26,78.16011544709492,78.29244813102753,78.04556313561626,78.08203341368124,594978
2025-08-27,80.84674925258219,81.45431344653541,80.55001288795117,80.76598326931288,1392129
2025-08-28,80.86920459469401,81.15127078961412,80.57721216002896,80.7884161785155,1299100
2025-08-29,81.81037826507783,81.91286441858757,81.18801492215623,81.72864961546237,306110
2025-09-01,84.03873608108513,84.63237219089429,83.90963030604689,83.95478129978535,706956
2025-09-02,83.74807537907073,83.83194552154,83.44906951378732,83.66441096810263,1236174
2025-09-03,82.50276583630924,82.59971711956203,82.10785959117648,82.42034549081843,473755
2025-09-04,84.2070304462732,84.30377780650309,83.55237599593787,84.12290753873447,553345
2025-09-05,85.13782851179668,85.4584204492433,85.00237671530316,85.05277573606064,676376
2025-09-08,84.98527701026805,85.20583855919433,84.88125306910219,84.90037663363442,628958
2025-09-09,87.38486214287529,87.40786612769598,87.23698839169602,87.297564578297,1536138
2025-09-10,87.92643115760366,88.24182297567751,87.31818880332006,87.83859256503862,1939467
2025-09-11,85.2802540529666,85.27928270928567,84.7664750447282,85.19505899397264,863597
2025-09-12,85.97823076220466,86.01987767339602,85.15152386272948,85.89233842378088,1487624
2025-09-15,86.05428832521146,86.41169802577339,85.38410024963397,85.96832000520627,1221988
2025-09-16,89.1353578563646,89.33077031018716,88.9918716023287,89.0463115448198,1561928
2025-09-17,89.28314517191025,89.74833371974937,88.89920772375166,89.19395122068957,557628
2025-09-18,89.12642270367364,89.49431865101468,88.00678185543023,89.03738531835529,1964971
2025-09-19,90.00188799207127,89.97406484601672,89.71966318550852,89.91197601605523,1266144
2025-09-22,90.57533477247945,91.02248564975095,90.04444801642636,90.4848499225569,59882
2025-09-23,88.45766484318146,88.38158304907216,88.36699668289714,88.36929554763384,132481
2025-09-24,88.82196488055075,89.29389627504806,87.81723615131297,88.73323164890186,1904924
2025-09-25,88.4727346370614,89.82873801818342,88.35309072479653,88.38435028677463,160951
2025-09-26,90.88361672507413,91.35863606474986,90.6698144608773,90.79282390117297,772750
2025-09-29,94.98889667577102,95.46774839608399,94.03054971515057,94.89400267309793,473427
2025-09-30,93.26544110989326,93.84712536617187,92.15182451890705,93.17226884105222,1568933
2025-10-01,91.82840993836284,92.05251697939667,90.71735788891154,91.73667326509775,1589814
2025-10-02,90.61760662959529,90.63529891078643,90.10609563763285,90.52707955004526,1885523
2025-10-03,89.72543784754413,89.79396331597559,89.27992987726681,89.63580204549864,391496
2025-10-06,88.78795775434777,89.06598503034797,88.06862361452094,88.69925849585194,1367224
2025-10-07,89.0500279344621,89.17627668294851,88.72508542697642,88.96106686759451,868268
2025-10-08,90.97208192435669,90.97657804308356,90.86215057537476,90.88120072363306,1355334
2025-10-09,89.02208970774859,89.1659066644163,88.83422421057688,88.9331565511974,1987195
2025-10-10,86.7333710198873,86.75180672141657,86.28927359506991,86.64672429559172,442990
2025-10-13,84.02923841841876,84.02976746571338,83.75014262476301,83.94529312529347,504153
2025-10-14,85.8677968799474,86.09617497313768,85.39621724958054,85.78201486508233,716375
2025-10-15,88.08955984382472,88.02576453294877,87.97863242334967,88.00155828553919,335161
2025-10-16,85.83171845604778,86.4473289784491,85.64425852478422,85.74597248356423,880795
2025-10-17,83.48261386188851,84.01627141998901,82.67986479877072,83.39921464724128,588646
2025-10-20,83.84494827489138,84.4789805624855,83.49156582739008,83.76118708780359,200535
2025-10-21,85.6617385262821,85.59897996429078,84.88557363409791,85.57616236391819,1087370
2025-10-22,87.39778366359876,87.47228891491267,87.12443970033588,87.31047319040836,1209395
2025-10-23,87.87723284932027,87.98488999163489,87.14489741427734,87.78944340591435,1799283
2025-10-24,89.13218540453217,89.17271246391992,88.91467523436265,89.04314226226991,1598416
2025-10-27,89.83597200944382,90.32781344141557,89.24652718449981,89.74622578366017,111275
2025-10-28,89.11986429711142,89.51962861146494,89.01517816516102,89.03083346364778,1715297
2025-10-29,92.36071203943123,92.28695390963262,91.93516872661144,92.26844359583541,1086441
2025-10-30,92.54440672978188,92.53327737597161,92.00868407826893,92.45195477500688,568390
2025-10-31,90.87787605441993,90.9995586382431,90.42107222929268,90.78708896545449,84574
2025-11-03,90.29528743657687,90.4603287898689,89.56745239837583,90.20508235422265,1943336
2025-11-04,87.97073434418286,88.46183860942898,87.3006493041932,87.88285149269018,1984048
2025-11-05,88.17454991060903,88.38824195518761,87.40294890126522,88.08646344716188,1038891
2025-11-06,90.09279767944548,90.20579209263713,89.02665209608242,90.00279488456093,940577
2025-11-07,88.22259630505748,88.24391914314171,87.89481287898141,88.13446184321427,1482908
2025-11-10,90.19101772497616,90.18430368989023,90.02115376183352,90.10091680816801,1368907
2025-11-11,93.77231660094981,93.7674783759634,93.62394753902166,93.67863796298683,436703
2025-11-12,94.60076042541522,94.59114508977682,94.29908584147287,94.50625417124398,553067
2025-11-13,92.81993172144065,92.91300422182593,92.7142155263851,92.72720451692373,894433
2025-11-14,91.58184603494313,91.56470549600373,91.07518950835102,91.49035567926387,974248
2025-11-17,91.21532283273432,91.35519393882907,91.02557547948348,91.12419863410022,184801
2025-11-18,89.2945905069765,89.8283064920954,89.04649318045419,89.20538512185466,1655984
2025-11-19,87.46548991957341,87.7355142843738,87.15741028128758,87.37811180776566,418874
2025-11-20,87.23356916702919,87.87678930990887,86.25884484306974,87.14642274428492,280106
2025-11-21,87.12687279505349,87.22390479032727,86.71178738862095,87.03983296209141,1750843
2025-11-24,88.25346207610717,88.46988440748075,88.13497540128374,88.16529677932785,469024
2025-11-25,86.52566447993196,86.51961110015574,86.19113318843984,86.4392252546773,758793
2025-11-26,89.61813615163524,89.64980382383615,89.32336903987569,89.52860754409116,641937
2025-11-27,91.5127310102334,92.30578549758049,90.85945683059596,91.42130970053287,359890
2025-11-28,93.16595844238883,93.8338161009646,92.8020467666327,93.072885556832,1652631
2025-12-01,92.26262038688003,92.50738658072531,91.66741066509834,92.1704499369431,986500
2025-12-02,95.3398361440048,95.60749559672718,95.11297393502436,95.24459155245236,1804777
2025-12-03,94.9443674456891,95.3642768291413,94.55191558902781,94.84951792776134,1900427
2025-12-04,98.24151057801876,98.19226639889767,97.7737814104654,98.14336721080797,1512277
2025-12-05,100.33623316261578,101.1994857777531,100.0067346150907,100.23599716545034,1545574
2025-12-08,98.91937814746672,99.6620273911515,98.47815090523358,98.82055758987686,528299
2025-12-09,98.31103240741345,98.57185012609038,97.78852505651803,98.21281958782563,673619
2025-12-10,101.82341181651509,101.86171819510224,101.6631081069664,101.72169012638871,665742
2025-12-11,103.86692232476338,104.17011309630743,103.73546914919721,103.7631591655978,1962486
2025-12-12,103.787453105662,104.35244684886803,102.90027430470978,103.68376933632568,1484052
2025-12-15,104.37996569699163,104.37715791546604,103.40696303309237,104.27569000698466,680230
2025-12-16,104.96557295085701,104.9500926794136,104.58705046970366,104.8607122386184,917142
2025-12-17,103.71793912254377,103.84571921971248,102.75795455903763,103.61432479774604,1885364
2025-12-18,103.55499660467976,103.59449158444868,102.72909117474727,103.45154505962014,728132
2025-12-19,102.5346995646306,103.16605696136845,102.230599488884,102.43226729733328,1380152
2025-12-22,101.95162807188574,102.3193409905481,101.49379334330469,101.84977829359215,1993011
2025-12-23,103.01619320027335,103.58515678961732,102.65204533571303,102.913279920353,1909634
2025-12-24,101.44894075977865,101.98993513690739,101.19126915922608,101.34759316661204,549998
2025-12-25,102.98316873263258,102.96634016362255,102.78040592421428,102.8802884441884,1356088
2025-12-26,103.39663456592098,104.10007392282627,103.10820466526177,103.29334122469629,1569875
2025-12-29,105.02803089240041,105.15364596738361,104.6010474937908,104.92310778461581,1196493
2025-12-30,106.92503926379398,107.35466915510179,106.23205490748346,106.81822104275123,393999
2025-12-31,109.54463094197631,109.96118619486157,108.80211272615253,109.4351957462301,450962
2026-01-01,111.00812826497413,111.38022793171538,110.1996052389275,110.8972310339402,1828705
2026-01-02,112.64914747020994,113.57576662117017,111.7619439217816,112.5366108593506,1142181
2026-01-05,112.51298409027392,112.99555422750018,112.34335383226998,112.40058350676716,605799
2026-01-06,113.8964092855921,113.81607795347296,113.60095128496975,113.78262665893318,248359
2026-01-07,112.27905350649004,112.58798797294047,110.71028414815838,112.16688661987018,1846597
2026-01-08,112.0091364290249,112.04376468353522,111.59116029156482,111.89723918983508,237777
2026-01-09,113.74954835724296,113.82237366540956,113.62598812890694,113.63591244479817,1435226
2026-01-12,113.87424759827668,113.77207415920333,112.93258524014756,113.76048711116553,376498
2026-01-13,115.02141047439018,115.28624514898493,114.47372882964527,114.90650397041978,1754595
2026-01-14,113.06429709215953,114.14454648470262,112.75470204020928,112.95134574641314,1059410
2026-01-15,116.08282335990512,116.04616411384406,115.38775437814786,115.96685650340173,1290991
2026-01-16,115.11124601504919,115.08829566639959,114.53242494642441,114.99624976528392,253206
2026-01-19,116.16637560425767,116.70188731343701,115.8099736388707,116.0503252789787,251112
2026-01-20,116.35469891469414,116.25735048735294,116.03054606145193,116.23846045423991,143097
2026-01-21,118.54840498679589,118.53712928718213,117.67581688744895,118.42997501178412,824692
2026-01-22,117.9713780326719,118.42092077056019,117.76085439607309,117.85352450816374,766954
2026-01-23,116.08309608184476,116.55108169069365,115.61297876616973,115.96712895289188,1959651
2026-01-26,112.34515326866838,112.6611178443453,111.83645402200322,112.23292034832008,1098866
2026-01-27,111.95219024629633,112.42362971698198,111.76213191066188,111.84034989639994,292168
2026-01-28,109.76808970868643,110.02997503502228,109.34261415958858,109.65843127740904,518605
2026-01-29,111.0496439821185,111.025941583761,110.02332372250515,110.93870527684167,1088144
2026-01-30,114.16303252051,114.05584691772985,113.47997184953584,114.04898353697304,1464473
2026-02-02,109.81149987702095,110.62545557567255,109.22227384267829,109.70179807894202,1066980
2026-02-03,107.47932941940954,107.43071240153515,106.511913338398,107.3719574619476,1165743
2026-02-04,108.29661763725956,108.35437212720166,107.425014139816,108.18842920805152,901312
2026-02-05,110.92856070186723,111.30537457758155,110.46085898226525,110.81774295890833,1490871
2026-02-06,111.76532101324432,111.74322098739414,111.0105305119877,111.65366734589843,597266
2026-02-09,112.64563639866758,112.73922085420415,112.12159209020356,112.53310329537221,72062
2026-02-10,113.90250020022175,114.25058069525818,113.10411129214098,113.78871148873303,651547
2026-02-11,115.31591517280995,115.21562725927552,115.14962841502694,115.20071445835161,1718626
2026-02-12,118.97108129674542,118.94300272906824,118.78822984964327,118.85222906767775,447035
2026-02-13,120.52767652640782,121.14084838281576,119.43947427397846,120.40726925715067,615347
2026-02-16,118.07191171144044,117.97050361536799,117.35481324724684,117.95395775368677,561645
2026-02-17,117.30378290885817,117.46598688103343,115.96262902723436,117.18659631254563,1307258
2026-02-18,117.98579215972482,117.91925073144236,117.34231888695285,117.86792423548934,122683
2026-02-19,116.49564280469836,116.6465966862089,114.79817787414838,116.37926354115721,1304451
2026-02-20,116.18247005369714,116.19029708186794,115.5931713665661,116.0664036500471,1511008
2026-02-23,115.31438821149236,116.44719548000836,114.64642051232445,115.1991890224699,977851
2026-02-24,114.08758300889733,114.86173221186527,113.50801408727294,113.97360939949785,1792018
2026-02-25,115.74867764614928,116.30589780227812,115.14507889394983,115.63304460154774,1275389
2026-02-26,115.16859367075543,115.32957688469793,114.37177677715917,115.05354013062481,479759
2026-02-27,113.12798328382452,113.0481294509738,112.81323082936628,113.01496831550902,968943
2026-03-02,111.89395149149661,111.87384759323534,111.64403196367812,111.78216932217444,162266
2026-03-03,112.19608438852428,112.7391257246128,111.65054021203612,112.08400038813616,1757341
2026-03-04,116.7067837907209,117.18091771964782,116.05226978213369,116.5901935971238,799237
2026-03-05,117.48818834744976,118.0453239087587,116.96182200077743,117.37081752991986,1996674
2026-03-06,120.8784738569306,120.99845567122337,120.41516586307122,120.75771614078982,260625
2026-03-09,122.20382819511043,122.5018944430304,121.3954892085456,122.08174644866179,1839127
2026-03-10,117.70095246853055,118.45998835218768,117.11461078385365,117.58336909943112,880728
2026-03-11,118.74503303826472,119.4526452347049,118.33924480127989,118.6264066316331,1805906
2026-03-12,117.15455988174728,117.67935058803232,117.03460791358688,117.0375223593879,547137
2026-03-13,114.52086123992898,114.51403372515878,114.35612369613872,114.40645478514385,944153
2026-03-16,112.51916180203654,112.64193958857712,111.77596394617301,112.40675504698956,1174398
2026-03-17,116.387260412659,116.37074992510851,116.20955332481496,116.27098942323578,991020
2026-03-18,113.29669244262533,114.36853721698841,112.14475696762486,113.18350893369166,1496348
2026-03-19,112.25366417709046,112.29712331458278,111.55024362894996,112.14152265443603,363670
2026-03-20,114.83323252176528,114.7562343393134,114.43537536098187,114.71851400775753,1758680
2026-03-23,116.44610768379152,117.8030765326403,115.81738348107885,116.32977790588565,112072
2026-03-24,113.07350411762972,113.7373084793218,111.29818885060882,112.96054357405568,1446924
2026-03-25,113.07287625594743,113.03837300788852,112.16350971487981,112.95991633960784,655202
2026-03-26,112.24276602958757,112.72553491064116,111.89448664772863,112.13063539419339,1664591
2026-03-27,112.07037509428346,112.1572075116036,111.7309279474304,111.95841667760587,1453939
2026-03-30,113.82058087523559,114.35246097188062,112.72698007611956,113.70687400123437,1990298
2026-03-31,112.85982776596884,112.86963622014382,111.29287931297996,112.74708068528358,747674
2026-04-01,112.43086152002623,112.53145783171581,112.17218208717462,112.31854297704919,832225
2026-04-02,115.62785998071867,115.73131199337803,115.4275521076338,115.5123476330856,1394328
2026-04-03,111.9970856563129,112.03252815838307,111.2409056977921,111.88520045585706,355280
2026-04-06,111.464005404669,111.52490557147962,111.24208144927002,111.35265275191709,503206
2026-04-07,112.6341759713999,112.82959735845908,112.03176488519954,112.52165431708283,381691
2026-04-08,110.31427973181707,111.0484058478155,109.8329294177918,110.20407565616092,495250
2026-04-09,109.27234754505027,109.48547936216302,108.59686456781894,109.16318436068958,956738
2026-04-10,106.88611104919286,106.9325074475782,106.37375273407321,106.7793317174754,1396383
2026-04-13,107.39888465776656,107.6892303787243,107.21618345857195,107.29159306470187,1403967
2026-04-14,106.39793992091592,106.39336268147166,105.67900214412504,106.29164827264329,290273
2026-04-15,108.12555935608088,108.32858108098993,107.34830374331153,108.01754181426664,1671102
2026-04-16,110.34007206206006,110.7021715246554,109.5277776691636,110.22984221984024,469593
2026-04-17,110.65012115916115,111.35272418308509,110.3736159804847,110.53958157758358,374181
2026-04-20,110.10626842483789,110.25564010753276,108.8857934656705,109.99627215268522,1078816
2026-04-21,110.84263303873291,111.33488018721873,110.36286092156135,110.73190113759533,1071225
2026-04-22,111.17620528625133,112.1867827269416,110.01049108699443,111.06514014610524,1967898
2026-04-23,108.94105158071955,109.46429133769855,108.4406909093257,108.8322193613582,199209
2026-04-24,111.27133126766033,111.6249946473834,110.71172321669884,111.16017109656377,55968
2026-04-27,111.94487949222298,112.57966405047848,111.41692054696279,111.83304644577721,1166843
2026-04-28,113.76501226799526,114.47771618675775,113.32703706978445,113.65136090708819,1502793
2026-04-29,111.17804374058484,111.26290417714547,110.6865709014674,111.06697676382103,1736911
2026-04-30,113.16283019991104,113.32653023625899,112.569324265792,113.04978041949157,554584
2026-05-01,117.70728066766908,118.28902892778015,116.89382482263397,117.5896909766924,721777
2026-05-04,119.25174034325107,119.81746617434993,118.66155981843596,119.13260773551556,1676004
2026-05-05,116.34720704258856,116.40703839249298,115.36188676912394,116.23097606652206,1371877
2026-05-06,116.65123444461673,117.41629992505027,116.4414676246686,116.53469974487187,348151
2026-05-07,116.75281902164663,117.01755909036333,116.07755692383941,116.63618283880784,1283865
2026-05-08,117.44114273029744,117.53794960017932,117.15052851215475,117.32381891138607,688124
2026-05-11,117.1706052893806,118.14794151977402,116.98402412261265,117.05355173764298,1344790
2026-05-12,118.45121589789221,119.10024210805449,118.19858412635105,118.33288301487735,152104
2026-05-13,117.68088105939378,117.83446577243048,117.31629307895932,117.56331774165214,405953
2026-05-14,118.39852389744,118.40462808156786,117.54188637619826,118.28024365378623,454435
2026-05-15,117.14673807657961,117.33272395418808,116.92620800449208,117.02970836821142,1043739
2026-05-18,117.5822290390628,117.61635128805413,117.32979771450536,117.46476427478802,876760
2026-05-19,119.93233524511311,120.29828966847286,118.96446256950999,119.81252272239072,157206
2026-05-20,119.0939488211239,119.1082074172006,118.78714264527528,118.97497384727664,662567
2026-05-21,120.76388101108579,121.41856044826528,120.22667041756847,120.64323777331249,854144
2026-05-22,119.04993119225847,119.25032548464583,118.62622818191007,118.93100019206642,1368524
2026-05-25,118.47310450596929,118.5332966967979,117.72757388151888,118.3547497562131,154294
2026-05-26,118.19037464490732,118.61712295850663,117.41289724518839,118.07230234256477,119593
2026-05-27,121.09035715574659,121.22846068133067,120.84559056832163,120.96938776797862,1932332
2026-05-28,119.63581327526627,119.90467547092938,119.13228216971098,119.516296978288,679472
2026-05-29,122.5094152604012,122.63575251291101,121.66647113431233,122.38702823216904,724400
2026-06-01,119.48161756350473,120.09621618234381,119.04579340953958,119.36225530819654,815155
2026-06-02,119.36452418691691,120.45554449172076,119.05068841924053,119.24527890800891,533252
2026-06-03,121.56862873389355,121.5260944795594,121.26990775138326,121.44718155234122,526704
2026-06-04,123.33316648195773,123.59776106316252,122.49875299693718,123.20995652543232,1810423
2026-06-05,121.30302235525792,122.02347054129584,119.85602226681513,121.18184051474319,166114
2026-06-08,118.83500388494028,119.22450011367405,117.54629411747514,118.71628759734295,892789
2026-06-09,120.95252757671545,121.22186212861065,120.46144090080782,120.83169588083463,182825
2026-06-10,118.40621250420452,118.7630593016513,118.22622574310853,118.2879245796249,1047287
2026-06-11,119.87509615967943,120.12508042853558,118.93476955073373,119.75534081886059,1315089
2026-06-12,118.9637844937758,119.85777915721314,118.4559174801116,118.8449395542216,1742281
2026-06-15,119.1614336965844,119.58884280176876,118.79879643011314,119.04239130527912,339691
2026-06-16,124.39796076894473,124.79558659238825,124.04598929984854,124.27368708186287,1069286
2026-06-17,128.13492721631752,129.45966315374713,127.98676764945508,128.00692029602152,1260446
2026-06-18,130.32940785761292,130.89476427570924,128.7310071005555,130.19920864896397,815245
2026-06-19,127.30776868776063,127.9452479951305,126.67200560149608,127.18058809966098,355804
2026-06-22,128.2837735535963,129.24572953368332,128.06223410512953,128.15561793566064,1488509
2026-06-23,128.64477020255626,129.2937940164561,128.01011296263263,128.51625394860767,284120
2026-06-24,128.64692419483143,129.31272648804745,128.10510908069116,128.5184057890424,637475
2026-06-25,132.01143396511094,133.16423484037045,131.28576068027016,131.87955441070025,1813581
2026-06-26,128.1269874578787,128.49159317256075,127.84775235593892,127.9989884694093,344969
2026-06-29,129.10320858833438,129.0823077391153,128.60941493452844,128.97423435398042,1162001
2026-06-30,129.63627218832494,130.02940089637994,129.27611883788143,129.50676542290205,1449857
2026-07-01,128.10230247713676,128.22106733176997,127.83566121339973,127.97432814898778,1791468
2026-07-02,132.36041021402826,132.72018824912266,131.62427739224503,132.22818203199628,1019973
2026-07-03,129.54909237034437,130.53540533656405,128.15214881429787,129.41967269764675,982451
2026-07-06,129.85003725068464,130.29556772920347,128.9447189068172,129.7203169337509,1994931
2026-07-07,130.27451513107334,130.14710236352713,129.90846593994158,130.14437076031305,738463
2026-07-08,125.31337650065964,125.40232586007336,123.8016121792635,125.18818831234731,1114663
2026-07-09,122.27729842566994,122.59485873249791,121.70952465928556,122.15514328238757,849889
2026-07-10,120.33962475822776,120.80246817912492,119.40556530004106,120.2194053528749,1797921
2026-07-13,122.28204126299526,122.79538541658252,121.27443585374323,122.15988138161366,892768
2026-07-14,124.6068103912947,125.03466174056139,124.2674950114209,124.48232806323148,133545
2026-07-15,126.1788748687259,126.34685430625174,124.86191861365845,126.05282204667924,505892
2026-07-16,126.95667635673436,126.90360027381807,125.91009096941085,126.82984651022416,95186
2026-07-17,122.10091056351084,122.64743579166607,121.92183369293406,121.97893163187896,625645
2026-07-20,122.79895845248348,122.67637686597058,122.3329651357979,122.67628217031317,734133
2026-07-21,121.86892515193591,122.2117242241826,120.95394368422232,121.74717797396197,1360348
2026-07-22,124.68494940911778,125.6268848332676,124.09867514275207,124.56038902009769,1677354
2026-07-23,127.96293488736596,127.8422028077055,127.14032308004742,127.8350997875784,1545751
2026-07-24,133.4045987147267,133.29976551144995,132.89745087621398,133.27132738733937,976721
2026-07-27,135.36392636640713,135.7866254986124,134.85903536493913,135.2286976687384,1871836
2026-07-28,137.6137355303714,137.67408567908984,136.71974537863716,137.4762592711003,1238632
2026-07-29,135.2709683082676,135.80604150559336,134.86188091672284,135.13583247579183,809776
2026-07-30,135.7045362118378,135.97366721585846,134.9342189020781,135.5689672445932,757630
2026-07-31,132.88808956428,134.3760191976663,132.27207318885257,132.75533423004995,1185384
2026-08-03,135.2930038373111,135.89910837007602,135.02947898733922,135.1578459913198,723634
2026-08-04,132.585263481186,133.3047415567231,132.33653075027928,132.45281067051548,694888
2026-08-05,132.2986359083826,133.158248671869,132.04006613727825,132.16646943894366,694424
2026-08-06,130.55006425814312,130.91457638731325,129.56574534125073,130.4196446135296,456549
2026-08-07,129.6605629919134,129.72871110974552,129.4546168560795,129.53103195995345,603341
2026-08-10,130.9656293850379,131.21823868404945,129.5912924477623,130.83479459044744,1301783
2026-08-11,129.8450575144274,130.03094326103135,129.52391465586098,129.71534217225516,120432
2026-08-12,130.58994083702817,131.57051388128056,130.40669531039399,130.4594813556725,1692349
2026-08-13,128.42518076315167,128.84472406539,127.6300774072272,128.29688387927243,1369178
2026-08-14,131.91637786482477,132.55903188848708,131.08943829120923,131.78459327155323,1292500
2026-08-17,130.5918451572605,131.22491897051856,129.82880337900176,130.46138377348703,651918
2026-08-18,133.22619280144278,133.25503070257318,132.93785994259855,133.09309970174104,536957
2026-08-19,138.64902259136312,138.7180349937828,138.05462542162766,138.51051207928384,1841484
2026-08-20,132.72040301740995,132.83537803995736,131.61054819772136,132.58781520220776,452661
2026-08-21,130.54342029331036,130.75864952300506,129.55268236061386,130.41300728602434,1200225
2026-08-24,130.27361894530011,130.73424667648587,129.85276334080856,130.1434754698303,114541
2026-08-25,133.27598528276368,134.4042974841329,132.79814298727334,133.14284244032336,353473
2026-08-26,132.32177045622313,132.2906673325658,131.93309132047784,132.18958087534781,363150
2026-08-27,133.46036054227594,133.62062366976312,133.28958341082236,133.3270335087672,623491
2026-08-28,131.90564607283585,131.90933554602208,131.32327851062385,131.77387220063522,80794
2026-08-31,133.48212391035773,134.4808560134954,132.96354226670664,133.34877513522252,404519
2026-09-01,130.74636808813563,131.00105568245982,129.72926620960152,130.61575233579984,1022585
2026-09-02,132.96258853670358,133.28631328406203,132.17128198642908,132.82975877792566,1521355
2026-09-03,125.91637572661224,126.15454012373701,125.44168627814933,125.79058514147079,847594
2026-09-04,121.77459534848494,122.55304810477158,120.39525566797884,121.65294240607886,543425
2026-09-07,126.02594515667226,126.55720460531434,125.87479134213326,125.90004511156071,379341
2026-09-08,126.63141491122158,126.67290668633265,126.44443334836163,126.50491000122038,1139290
2026-09-09,124.76638417698757,124.75761259219615,124.51903386071989,124.64174243455304,1501749
2026-09-10,130.00017270117903,130.24020044205628,129.84631172720327,129.87030239878027,895283
2026-09-11,132.7125713495863,133.53684473612418,132.50695679681158,132.57999135822809,1197411
2026-09-14,135.6712520860062,135.84272440513905,134.77197388692588,135.5357163696366,767297
2026-09-15,134.84463312485536,135.36370080936084,133.94890436224458,134.70992320165374,1172161
2026-09-16,136.59917407536184,137.89186748383054,136.06748471413172,136.46271136399787,1739449
2026-09-17,138.09006276220512,137.96634853603845,137.74699092871333,137.9521106515536,186440
2026-09-18,134.12254704916356,134.98137215209843,133.17625143800586,133.9885584906729,1048751
2026-09-21,135.79814035218607,136.11207706776122,134.8577850258201,135.66247787431178,1002363
2026-09-22,135.5589959122854,135.68029859098496,135.22691057716136,135.42357233994548,654844
2026-09-23,138.97369370342702,139.27136107498237,138.3095688126148,138.83485884458244,719314
2026-09-24,142.52489350557525,142.83199722221565,142.24338412638187,142.38251099458068,382446
2026-09-25,141.07498676763737,141.1232232728278,140.4463233952661,140.93405271492247,439035
