Date,Open,High,Low,Close,Volume
2022-01-03,377.67839230379855,380.0261744025062,376.09302798872153,377.301091212586,1384015
2022-01-04,368.859501493832,371.73681395652244,368.14449462075254,368.4910104833487,1339525
2022-01-05,368.3965071283163,368.48961192063103,367.5931148119118,368.0284786496666,1602620
2022-01-06,367.4702858633266,367.29289218752996,366.1599377686855,367.103182680646,418014
2022-01-07,374.6799627521098,376.6786896281299,373.16012890792524,374.30565709501485,1026290
2022-01-10,372.00366531072643,372.3076156619705,370.33530924328403,371.632033277449,128195
2022-01-11,370.50694315428836,371.57745012499646,369.5794154592423,370.1368063479405,1641813
2022-01-12,375.30344887015497,377.70634527976165,372.3942125811074,374.9285203498052,1266615
2022-01-13,371.98111136220825,372.64796166343433,371.4719689185764,371.60950186034796,1066190
2022-01-14,370.8138377664726,371.3522154561871,367.63435069549,370.44339437210056,219917
2022-01-17,382.13154345421003,382.59129399238543,381.6690983420014,381.7497936605495,1675261
2022-01-18,392.2542891307431,394.0716035398066,391.63458884632195,391.8624267040391,1484588
2022-01-19,396.58161805761387,397.2587850020964,394.0838482734837,396.18543262498895,1431363
2022-01-20,398.3826734732404,400.96547669046356,396.3646154493549,397.984688784456,950013
2022-01-21,391.33360527457455,393.85244067313613,387.2472784289151,390.94266261196265,1296384
2022-01-24,395.14794471618455,395.02001203977915,392.22060265294306,394.75319152465994,1820725
2022-01-25,395.4467725002142,397.3502339832679,392.307307382569,395.0517207794348,1905154
2022-01-26,396.9012701272705,399.1716290670837,394.0631972925317,396.50476536190865,387229
2022-01-27,393.0902100448222,394.96339769987816,392.3361091840688,392.6975125322899,279920
2022-01-28,392.8923354131516,393.7763067612698,392.33202543250206,392.49983557757406,1143669
2022-01-31,391.4786524903464,395.3975535879466,389.86650699931397,391.087564925421,1856120
2022-02-01,393.5847377349022,395.16564802867737,393.112773487796,393.1915461887135,1341963
2022-02-02,403.56780528014446,403.7964388617188,400.45297390799243,403.16464063950497,1067471
2022-02-03,406.07254904612256,408.0652611227759,404.6388168728143,405.66688216395863,1045380
2022-02-04,393.8593080650533,397.93300153132714,392.5911455091961,393.46584222283053,1429552
2022-02-07,386.8794922848916,388.42829144790244,385.14303762185614,386.49299928560606,1904277
2022-02-08,375.7586263946236,375.5047136939822,374.5446074415553,375.3832431514722,1353048
2022-02-09,370.29314479901956,369.9522601204938,368.9089310465741,369.9232215774422,1260710
2022-02-10,373.90261826519634,375.5402853013691,370.13243120945236,373.52908917602036,813996
2022-02-11,376.48515266600833,376.73248975750636,374.0712722072926,376.10904362238597,1915014
2022-02-14,372.322170224768,374.01414259022664,371.88334747284085,371.95022000476325,1077143
2022-02-15,373.99393895035445,375.42950092984483,372.8428333426842,373.62031863172274,458215
2022-02-16,368.7970823038375,369.25344972537266,366.98952665131225,368.42865365018736,1946859
2022-02-17,359.2757859834144,361.11941873559596,358.2693559735199,358.91686911430014,1470829
2022-02-18,350.0926730507901,352.49318855721066,348.846176754464,349.7429301206695,1002091
2022-02-21,344.5848090188825,346.52756232676376,341.7614242056347,344.2405684504321,1705413
2022-02-22,353.2734839506662,354.2524334367276,351.04726975146633,352.920563387279,1837402
2022-02-23,344.6564436052791,344.8567682139563,342.33100690119875,344.3121314738053,1892131
2022-02-24,352.2474097951324,351.90179674545635,351.4019937970774,351.89551428085156,66449
2022-02-25,360.5391874861132,361.605914150546,359.30881783921325,360.1790084776356,956073
2022-02-28,359.24605142464424,360.35555657431956,357.9335980135557,358.8871642603839,1169754
2022-03-01,358.8144963238416,358.9988480235859,357.7187535760879,358.4560402835581,1676319
2022-03-02,354.7467868740032,355.0729671653043,353.64708699797256,354.3923944795237,1393655
2022-03-03,354.4730004770491,354.18090750463165,353.1855843650089,354.1188815954537,1298494
2022-03-04,358.5466842691559,359.66070985379264,356.1568159358375,358.18849577338256,820746
2022-03-07,358.48431843755213,359.37512751986293,358.065278826551,358.12619224530687,1802910
2022-03-08,364.78266431623996,365.35911323962404,362.8459125551561,364.41824607016986,208416
2022-03-09,372.4318006877875,375.8904724158054,370.09589367713056,372.0597409468407,556097
2022-03-10,374.5996550095789,378.2353541040624,372.3292923200153,374.22542957999894,1594548
2022-03-11,376.6691561391238,378.08295545974215,375.048795113629,376.292863275848,199112
2022-03-14,376.1192178895461,376.2381683850626,374.07248651973293,375.743474415131,1518316
2022-03-15,378.32437810442076,378.5897768021949,377.895513054154,377.9464316727481,1658906
2022-03-16,370.6149906924071,371.2103311093703,370.10469095430426,370.2447459464607,793445
2022-03-17,373.18018803890396,374.67338948168043,371.7009203891343,372.80738065824573,221663
2022-03-18,374.42016891733766,374.667937603099,372.87534545282125,374.0461227945432,240279
2022-03-21,368.4835479503161,368.52489941047105,365.67743803410707,368.11543251779835,1360286
2022-03-22,382.59258794229413,383.40526022521846,379.59337730994224,382.21037756472947,1686959
2022-03-23,375.7714967370947,378.13114544742393,373.54647901391087,375.3961006364583,1217495
2022-03-24,369.76671771625723,369.9746420440225,369.25343386423464,369.3973203958614,1563268
2022-03-25,371.4777138470181,372.17643120671767,370.4032052735647,371.1066072397784,144445
2022-03-28,358.41042935113916,358.93836656933513,357.5214263025579,358.05237697416504,1676781
2022-03-29,353.17908350784177,352.8650196363893,350.2107091705727,352.8262572505912,1427506
2022-03-30,343.3717545253601,346.580328022722,340.92059636758046,343.02872579956056,1646730
2022-03-31,337.27859804810623,337.2914437651158,335.18165650738894,336.94165639171456,518731
2022-04-01,336.3443463260479,336.2132331705821,334.58937051615186,336.0083379880599,563079
2022-04-04,338.1434302442908,339.8765238978592,336.64641952885154,337.80562461967116,1106392
2022-04-05,344.7163693466725,347.35001425146817,342.1451209272393,344.3719973493232,1268029
2022-04-06,349.5726033178184,349.94247827387636,346.7739291212301,349.22337993788057,941017
2022-04-07,356.87352572200575,357.9602828340371,355.8668290261451,356.5170087132925,958271
2022-04-08,360.5038979701069,361.02316267220397,359.58822174140874,360.143754215891,1707028
2022-04-11,357.32583927802045,357.7188754127945,356.394944002429,356.9688704076129,811206
2022-04-12,364.3418744868947,365.112065227481,363.96309212544963,363.97789659030445,1210956
2022-04-13,360.9983369646058,361.24861170819946,358.69982181021504,360.63769926534053,850239
2022-04-14,356.86733610077897,359.19645469243227,354.7506615438633,356.5108252755035,487768
2022-04-15,366.52748784380265,366.3196298126328,365.0326139933585,366.1613265172854,1362821
2022-04-18,371.5668956478749,371.8049513904773,369.7071835786801,371.19569994792704,68192
2022-04-19,372.8775870396721,373.729453204688,371.3956768620615,372.5050819577144,1996335
2022-04-20,377.7628294402512,378.2356752387269,374.60496780315265,377.385443996255,1260971
2022-04-21,383.5708997229405,383.940811428658,378.86440847490013,383.1877120109296,971690
2022-04-22,374.0149901186913,375.24777939567855,371.6740196586269,373.6413487699214,1028909
2022-04-25,373.22583831959525,375.0272976408966,372.2535501373484,372.852985334261,764825
2022-04-26,365.15683477916366,366.1772384237409,362.87243668825283,364.7920427364273,1981042
2022-04-27,365.8033390704906,367.33414030068434,364.3234868221361,365.4379011693213,1274405
2022-04-28,361.2347081257933,361.69339020056924,360.5026652423663,360.87383429150185,335247
2022-04-29,369.90280883094965,370.9566326539998,367.7167619984021,369.5332755553943,1276977
2022-05-02,373.19252193524267,374.45685587562247,369.93082187192937,372.8197022330097,1542890
2022-05-03,367.58495945501585,367.95908069065126,367.03222009246053,367.2177417133026,843990
2022-05-04,367.30404341961747,367.0525682773846,366.28759092523535,366.9371063133042,1938899
2022-05-05,359.1444718307781,359.0407028954898,356.90097546062344,358.78568614463353,1309648
2022-05-06,359.2504832695541,363.2069985959504,357.222043068054,358.89159167787625,618108
2022-05-09,362.6281939113492,362.29070340456775,360.7939267214195,362.2659279833658,1330502
2022-05-10,364.1857335604315,364.2526916423814,363.3876132186323,363.82191164878276,1998440
2022-05-11,351.3882098074335,351.6765160761867,350.5174169481721,351.03717263479876,1505890
2022-05-12,349.114217546224,348.8235993807211,348.208706742459,348.7654520941299,60554
2022-05-13,352.153184209276,352.23094759242207,351.3141287092436,351.8013828264496,375702
2022-05-16,353.9335345530147,355.5796804401101,353.24726666004557,353.5799545984163,171894
2022-05-17,361.153334715476,364.3654133766145,358.21386006410233,360.7925421733027,1322490
2022-05-18,352.6412567236746,352.8090347537751,351.88696882417634,352.2889677559187,1913774
2022-05-19,355.80300011969564,358.3018908753965,353.61172086102505,355.4475525671285,864812
2022-05-20,351.4755961148857,351.57868397646644,351.0444259531268,351.1244716432425,1017451
2022-05-23,352.5483704490638,352.44380362907054,349.71537681812885,352.19617427478903,1764845
2022-05-24,354.9588809138073,356.64840486827313,353.5764752552421,354.6042766371702,512526
2022-05-25,359.1813036191993,361.8190018121304,358.79713809053396,358.8224811380613,1255845
2022-05-26,355.2877627738871,355.5853243698187,354.24721611068156,354.9328299439432,1965128
2022-05-27,356.30501444100054,356.93494546630757,355.29941946841717,355.94906537562497,1631396
2022-05-30,348.6511676576782,350.34877698102076,347.92112004191216,348.3028647928853,1903403
2022-05-31,339.64068025063875,340.6446165523136,337.8892820745927,339.30137887176704,1630122
2022-06-01,342.8751258422408,342.60106109188246,342.0899441740036,342.5325932489918,1398133
2022-06-02,342.3789822524006,345.5759272330806,340.5093149229142,342.03694530709356,465262
2022-06-03,332.2461388019479,332.0390994036719,330.18073201076817,331.91422457737053,1775493
2022-06-06,327.00784505279984,326.7008574941222,325.25251210671433,326.681163888911,201298
2022-06-07,326.9646027332184,327.6904633958452,325.3060155850914,326.63796476845,1779836
2022-06-08,335.95760765486585,336.1835098991382,335.0158733564852,335.6219856691967,1531058
2022-06-09,342.1129887568686,341.9456027116508,341.1022070469252,341.7712175393293,1799003
2022-06-10,346.8622826264356,347.7911730781291,344.989490549876,346.5157668595761,158125
2022-06-13,335.5536993242944,335.9962378914874,333.229643081599,335.218480843451,1488111
2022-06-14,334.8048282185164,337.43582949235656,334.319521752917,334.4703578606558,1898923
2022-06-15,337.5172672957213,337.38853165614125,334.04516105407373,337.1800872085128,1851607
2022-06-16,339.74550184103845,342.0343564273466,338.7165647355521,339.4060957452932,1396091
2022-06-17,342.1237128939405,342.0598601551907,340.5386946696798,341.7819309629775,1875523
2022-06-20,340.5220334006332,340.8041048152492,338.11015416065067,340.1818515490841,875538
2022-06-21,351.12676956515526,352.49765550541264,349.8349160563582,350.77599357158374,122238
2022-06-22,360.28310147176694,362.49895837925703,358.56245979786775,359.9231782934735,1356949
2022-06-23,359.49956940989847,360.5177552490224,358.4326646409533,359.1404289809176,1596880
2022-06-24,352.9864903761468,354.0475197797406,352.129147178728,352.6338565196272,307355
2022-06-27,365.8580806922392,365.68873939989925,364.1100692297271,365.4925881041351,856229
2022-06-28,362.0414287953855,363.41420430337575,359.2115435204708,361.6797490463392,1294355
2022-06-29,369.66058336564555,371.18793797602945,368.3342957038763,369.29129207357204,285760
2022-06-30,382.17947425748673,381.8270355916527,381.4909662165435,381.7976765809059,1844208
2022-07-01,375.5045533306964,375.4646433649196,372.6606618908138,375.12942390678967,111850
2022-07-04,377.28369307907485,377.7588603458666,375.96879790754764,376.9067862927821,50233
2022-07-05,374.7388303585203,374.40472285929906,373.7083145778606,374.3644658926277,107169
2022-07-06,378.02701262884995,378.3644684992421,377.01831025567253,377.6493632655844,1879315
2022-07-07,380.02103208337684,380.52628339421153,378.4899013947661,379.6413906926842,1035892
2022-07-08,393.13930219133215,393.54139073252054,392.53400477654066,392.7465556356965,655910
2022-07-11,397.12147507220834,396.85438306505347,393.75193183455303,396.7247503218865,1758014
2022-07-12,396.864093874831,397.79120222348644,396.1450888239084,396.46762624858246,824010
2022-07-13,404.7099444241093,407.31790795774424,403.96371003976355,404.30563878532405,269782
2022-07-14,402.53048435804743,403.48186690037204,401.29242539831205,402.12835600204545,1882113
2022-07-15,399.68637867159765,400.2756102978984,394.3785371272869,399.28709158001766,717588
2022-07-18,415.5910833117295,415.2066458352065,411.95344690220537,415.17590740432524,1603334
2022-07-19,409.24623483977746,411.25853516679314,407.7849183279146,408.83739744233515,291759
2022-07-20,405.4438214968295,408.46028737375866,403.70292209915493,405.0387827141154,800550
2022-07-21,405.5649577827677,405.42030449535235,403.68239560478906,405.1597979847829,432750
2022-07-22,397.65079583835353,401.64701942994753,396.8919552837624,397.2535422960575,1960197
2022-07-25,382.36041698667196,383.9759248424158,381.64450638716767,381.9784385481239,1574485
2022-07-26,389.4360163190888,390.03333299892137,388.8806447752862,389.04696934973913,113559
2022-07-27,383.7436215794756,387.6789521007761,381.68779434904036,383.3602613181575,530713
2022-07-28,379.8162523981449,382.9612521324298,377.924617022354,379.4368155825624,1337954
2022-07-29,377.0828999304172,376.9963377750582,375.8126300085308,376.7061937366806,1121216
2022-08-01,370.2348050198137,370.0087421694346,369.356172213006,369.86494007973397,1043371
2022-08-02,362.89426020008307,362.737988423,358.72545887534113,362.5317284716115,281657
2022-08-03,363.764539114586,364.86150951509904,363.293644384887,363.40113797660945,1780504
2022-08-04,379.2829791700238,382.98557358197706,376.5998501581685,378.9040750949289,825612
2022-08-05,384.1219391796931,384.0475831457608,382.4634255044388,383.7382009787144,86463
2022-08-08,389.095011676223,390.3818450181848,388.30896371455816,388.7063053708522,894858
2022-08-09,378.35851435566246,381.1525436195456,375.2245345613597,377.98053382184065,677121
2022-08-10,378.00607040870364,378.78834580195746,376.1449375200623,377.62844196673694,228876
2022-08-11,369.76695111509696,370.0826763582525,367.32031097238985,369.39755356153546,982729
2022-08-12,374.7222326772532,376.580276727242,371.9916646623198,374.3478847924608,884919
2022-08-15,372.9976156591908,372.916881397536,371.98803128756776,372.6249906685223,192906
2022-08-16,373.0682430170487,373.8940190599359,368.420848280516,372.69554746957914,1691467
2022-08-17,372.2880071949479,372.35272871408546,370.7444715463185,371.9160911038441,1308837
2022-08-18,368.1921358786625,369.71571078681995,365.49069309160853,367.82431156709544,1444767
2022-08-19,357.92581404851296,359.30460549611934,356.81367568180355,357.5682458027103,1702870
2022-08-22,361.48153618093477,361.4101393114724,360.7700713041637,361.12041576516964,1298426
2022-08-23,352.30264586433026,353.726977790094,349.1432297868342,351.9506951691611,1817258
2022-08-24,344.6396160603343,345.60867296986765,342.1010483902044,344.29532073959473,285405
2022-08-25,342.621181007813,343.91388063446607,339.55134721865295,342.27890210570735,331084
2022-08-26,338.09548942359623,338.38152435387235,337.18386676864617,337.7577316919044,553340
2022-08-29,339.51921821170293,339.2587786860658,338.6022455234347,339.18003817352945,1037459
2022-08-30,345.5247694459218,346.30923866725004,344.627712270082,345.1795898560658,676022
2022-08-31,346.8998467987869,346.7756590131751,344.7628632904787,346.55329350528166,1970774
2022-09-01,347.95717166831116,350.2628769385885,345.01078727716776,347.609562106205,1367914
2022-09-02,347.9292442189976,348.6894207159557,346.1229690046723,347.5816625564412,189507
2022-09-05,353.12890249053277,354.4313169621146,352.4949264539879,352.77612636416865,1665760
2022-09-06,341.21962564433665,342.355847589193,339.52727926048345,340.87874689743927,1424573
2022-09-07,343.30393058138395,345.73348683240033,342.21260620335613,342.9609696117722,1280052
2022-09-08,337.3678580524478,337.64469402885857,336.28328584930784,337.0308272252226,607742
2022-09-09,329.71210940398163,330.66243636341375,327.6843461545964,329.38272667730433,645518
2022-09-12,329.57587039946986,331.8629798222445,327.8719132111075,329.2466237756942,1821691
2022-09-13,327.11343159811304,327.26167487447003,325.3146051282076,326.7866449531599,1673437
2022-09-14,330.3841371489406,332.91957086377084,325.71356935373024,330.0540830658748,1236013
2022-09-15,336.76495574148396,339.346449686516,336.08478828065154,336.4285272142697,623518
2022-09-16,322.4989155243659,323.4382052124504,319.66060533109277,322.1767387855803,1797751
2022-09-19,321.91769140184806,324.5542770747102,319.64114382693384,321.59609530654154,904536
2022-09-20,333.10435967821866,334.1890939596273,331.8351744881579,332.77158809012855,148390
2022-09-21,338.1396641251192,339.2893777924877,336.630385509866,337.8018622628564,690976
2022-09-22,346.774005504297,348.39769328718637,345.5887331393077,346.4275779263707,1230861
2022-09-23,347.2359537156702,347.4551849847464,345.34800789692156,346.88906465101917,1361701
2022-09-26,338.09139465569655,338.45191270583206,336.80380782935487,337.7536410146819,869191
2022-09-27,331.07630075345065,331.0012270606825,330.60797460414665,330.7455551982524,955370
2022-09-28,335.1521648322508,337.0934421782254,334.02916885885617,334.81734748476606,260350
2022-09-29,340.76932208205443,341.36909785010533,339.3783313786614,340.42889318886563,1460001
2022-09-30,336.11205791078544,336.9444482731574,335.5887667120017,335.7762816291563,847755
2022-10-03,334.32101054075144,334.7983012802917,333.93491914674615,333.98702351723426,288001
2022-10-04,335.72798851859125,336.6155515733504,333.02057770794,335.3925959226686,1496013
2022-10-05,324.9840248605718,325.8372041462255,324.20624746121604,324.65936549507677,992208
2022-10-06,322.7744215938475,323.1521209505077,322.2552643540657,322.4519696242233,1185092
2022-10-07,332.0150567275428,332.3186454086495,331.6031718888095,331.68337335418863,425539
2022-10-10,344.9113133203262,345.61308230691566,344.5119691869687,344.5667465737525,1208046
2022-10-11,344.06746376050984,344.3231813002587,342.80889547090703,343.7237400204894,1052715
2022-10-12,355.2393571160655,356.6903835629276,353.4377818722107,354.8844726434221,595052
2022-10-13,351.70536867174275,354.67847195715416,349.43490711386994,351.3540146570857,53049
2022-10-14,346.4008927442216,348.12197355214454,343.4415052457651,346.05483790631536,1042508
2022-10-17,332.27285046855803,333.63726914757524,330.11372264983254,331.94090955899907,1922437
2022-10-18,337.8312305693699,339.4228496654466,336.63121769151127,337.49373683253737,920416
2022-10-19,335.3889176948441,337.2908255898183,332.39033160020745,335.05386383101313,1543391
2022-10-20,349.34810396836957,349.65646313188245,348.200913851684,348.9991048635061,1824533
2022-10-21,351.2606068690462,352.12665953981104,350.69686669399175,350.90969717187437,1562249
2022-10-24,352.2798085417776,352.4948990732198,350.55191557426696,351.9278806611165,1761937
2022-10-25,340.6540712490408,340.5338501077105,339.95980003284893,340.31375749154927,1021811
2022-10-26,349.6862353047218,350.1315545762135,348.7665459696232,349.3368984063155,902915
2022-10-27,347.2323484712076,347.76183079125457,344.35189678050193,346.88546300819945,834623
2022-10-28,346.05744647492986,346.174971603411,344.5268414259312,345.7117347401897,1031410
2022-10-31,332.14628256021945,333.86304163803226,330.13093058110985,331.81446809212736,598856
2022-11-01,337.5246262007484,338.0670130331865,335.7419080572726,337.18743876198647,620689
2022-11-02,343.37005941248395,343.0645679607371,340.74247556008544,343.0270323801039,965632
2022-11-03,339.4616535863482,339.30230737341185,338.709703839299,339.12253105529294,1155517
2022-11-04,339.8686800730866,340.10412688368865,338.55295975515145,339.52915092216443,347896
2022-11-07,342.11007287319,343.0070814407143,340.13068290839584,341.76830456862143,304221
2022-11-08,347.8797341942985,348.56047256892936,344.33179480151017,347.5322019923062,1632857
2022-11-09,348.3721523408851,348.20906021870223,345.3023783704927,348.0241282126725,1933068
2022-11-10,359.01354135901767,361.53937301713745,357.9789407211652,358.6548864725452,1416848
2022-11-11,357.2813058510185,360.885989215714,356.1934126335397,356.92438146954896,858160
2022-11-14,353.2178013488823,356.2885968275576,352.444309637568,352.86493641246983,1588328
2022-11-15,350.0887482834263,352.42644023666145,347.867177719571,349.7390092741522,67767
2022-11-16,333.93788519467876,336.6507186211026,333.0318283462595,333.604280913765,1964261
2022-11-17,328.9365658664352,329.3837947216486,328.1228932369791,328.6079579085267,629086
2022-11-18,334.75064128111023,336.8862567676597,331.83700507946224,334.4162250560542,843319
2022-11-21,336.1970113158183,336.629884843728,333.07742706270705,335.8611501656527,1900308
2022-11-22,331.09354394234026,333.4581647892034,330.09759041517657,330.76278116117913,1081950
2022-11-23,333.0328511150812,335.77309573339727,332.5083910384857,332.70015096411714,655008
2022-11-24,320.78726688207263,321.9815480583957,318.95564264282734,320.4668000819907,1287455
2022-11-25,319.0042478490275,322.46613724186665,318.4808996987014,318.6855622867408,803688
2022-11-28,321.8818254007749,322.5614956930172,320.5635451183024,321.5602651356393,1703648
2022-11-29,325.78874450447364,326.6487417179888,322.5912982156365,325.4632812232504,1950830
2022-11-30,321.10803503797854,321.6278772959901,319.34568659733753,320.78724779018836,1806854
2022-12-01,326.24889429366016,326.641169467913,324.9858174012146,325.92297132233784,1580439
2022-12-02,337.0915965592119,338.94359449893057,333.30966343415196,336.75484171749446,1947690
2022-12-05,334.36111697200306,336.15207638282544,333.9675360018757,334.027089882121,753009
2022-12-06,338.68193163867255,342.26180856636,335.9610565101734,338.343588050622,1952181
2022-12-07,329.0467560537956,329.5992467218049,324.5060984400511,328.7180380157799,371652
2022-12-08,317.29038699719825,317.00246538928997,314.769746513145,316.9734135836147,1865577
2022-12-09,320.66006362035955,321.39200074617236,320.2768687042054,320.3397238964631,811851
2022-12-12,320.77942235466446,320.6915823794202,317.4660463517999,320.45896339127324,1181434
2022-12-13,321.8052724302663,321.85400746610645,320.3027105324618,321.4837886416247,777632
2022-12-14,318.30038373850414,318.6201914129361,316.39371917149793,317.982401337167,1619663
2022-12-15,316.49227302644766,318.0759249492874,314.34995637977454,316.17609692951817,1794556
2022-12-16,320.98891720780506,322.91707475944156,318.83034935358563,320.6682489588462,476147
2022-12-19,330.7933432061545,331.6740187794586,330.36635064105786,330.4628803258287,1101740
2022-12-20,329.37696090805736,329.5486468387937,327.7937826641697,329.04791299506235,1239108
2022-12-21,319.4639195158017,322.4778116182406,318.3771587937825,319.1447747410607,1853392
2022-12-22,326.6731230880423,328.0864562530597,326.2435433150766,326.3467763117306,384480
2022-12-23,330.0951357439815,332.79383115735317,329.1574086851675,329.7653703736079,1972976
2022-12-26,334.02536153799474,334.52486087754414,332.8558975903636,333.69166986812667,449003
2022-12-27,334.9972334427704,334.78363293598545,334.63165753527824,334.66257087189854,1745713
2022-12-28,348.88682971982814,350.82067656615476,347.0910976172934,348.53829142839976,1018830
2022-12-29,349.2341239471805,348.9168671841539,348.3798535096937,348.88523870847206,842761
2022-12-30,352.3405786757797,355.73413744020206,348.0814418487547,351.988590085694,1622693
2023-01-02,340.4550843288749,340.5970735564571,336.5671505341083,340.1149693595154,811621
2023-01-03,336.78176909767006,339.21322279403245,334.50246505139387,336.4453237738962,970259
2023-01-04,332.4946126477999,332.73830290686976,331.1893877137547,332.1624501976023,1117600
2023-01-05,332.1956648086454,333.7666551112273,329.68475677325205,331.8638010076378,1823209
2023-01-06,334.15844837911794,334.43074806831805,331.8693167842818,333.8246237553626,1374591
2023-01-09,329.5280200779605,331.43205205624946,328.3652535194636,329.1988212567038,1976400
2023-01-10,339.6811828621867,340.1208099214215,337.64046492264896,339.3418410211656,1705115
2023-01-11,333.0419545126301,333.33516290093496,330.95165513869654,332.7092452673628,277475
2023-01-12,330.2200951452254,331.91316639505044,329.4051307846978,329.8902049402852,1644130
2023-01-13,331.5183292042602,334.4936020118536,329.93446434306435,331.18714206219806,790211
2023-01-16,323.93039973497736,324.76974248776554,322.99542193951163,323.6067929420354,660247
2023-01-17,327.1426360241467,327.36632608046983,326.19512657900486,326.8158202039428,1555765
2023-01-18,330.7533132497146,330.6259624302661,328.9817992467606,330.4228903593553,1485092
2023-01-19,328.89214643848226,329.09895785262194,327.8506097363001,328.5635828556267,559523
2023-01-20,340.0816305963218,341.81525153142996,339.0307977289467,339.74188870761424,783441
2023-01-23,340.4599937465188,340.3183982777629,338.58676495166486,340.1198738726462,171820
2023-01-24,342.06109914363464,342.37926343025487,339.97147712783504,341.7193797638708,1564288
2023-01-25,336.0223619046955,336.37538490698677,335.38070344071394,335.68667522946606,404780
2023-01-26,325.76794460031357,327.36525541510815,324.3820347307712,325.4425020982154,75994
2023-01-27,321.9480336778472,321.7690123950685,320.0519639967106,321.6264072705767,606762
2023-01-30,319.96776797165205,322.3881842359186,318.4142263760801,319.6481198518003,1705011
2023-01-31,317.2281057253577,318.3994817982438,315.2394290807937,316.9111945308269,1044990
2023-02-01,321.5062616954621,322.7806849275887,319.1215246353743,321.1850766188433,1411157
2023-02-02,307.57166323266904,307.6454678677975,305.45598985203253,307.26439883383523,1875655
2023-02-03,301.17928894505684,301.51360312891387,299.19302904091927,300.87841053452235,335999
2023-02-06,291.16414912174724,291.68214735536503,290.6227607046342,290.8732758459014,872235
2023-02-07,298.09570269536863,299.3337561014077,296.4789886195447,297.79790479057806,538151
2023-02-08,294.95494071503543,297.22335922491845,292.99759746117104,294.66028043460085,1477417
2023-02-09,292.11412481493574,294.39203482332846,291.34298370839446,291.82230251242333,656863
2023-02-10,286.2128588698886,286.3333428856323,285.8512131933326,285.92693193795066,1321814
2023-02-13,290.7476041919153,290.88477493212565,289.40019159650313,290.45714704487045,1051386
2023-02-14,288.48783136658915,291.266344357003,287.44430680802003,288.19963173485434,1938183
2023-02-15,289.53904633523445,289.35262232743247,287.2157259103698,289.24979653869576,1816053
2023-02-16,278.8262392119041,279.3587406321014,278.49676702880515,278.54769152038375,813183
2023-02-17,284.61079351212925,284.3988925958194,284.28568807911614,284.3264670450842,1942620
2023-02-20,286.5355477945599,287.99183957970246,283.57279778397316,286.24929849606383,451016
2023-02-21,289.2847426190309,289.7648896435337,288.59855713516095,288.9957468721588,1225576
2023-02-22,295.6284463461157,295.84278651306175,293.45456220082787,295.33311323288285,1024100
2023-02-23,294.49824358640114,294.5340725554814,290.5461653440936,294.20403954685435,263005
2023-02-24,293.5111853479387,293.673716368387,292.28913824166546,293.21796738055815,1072847
2023-02-27,297.20862182652945,298.6859194114658,296.53357558278003,296.9117101164131,1957791
2023-02-28,299.3937760546714,302.1533557559433,297.8083212245329,299.0946813732981,223053
2023-03-01,297.972579044574,297.8198390344787,296.9183301242369,297.67490414043357,1922963
2023-03-02,298.11006793492083,298.387031603496,295.69722934023173,297.8122556792416,941791
2023-03-03,295.3022660027354,295.4030223705694,292.9624492704553,295.00725874399143,221830
2023-03-06,299.0099228878419,301.6144413638486,297.148807581301,298.7112116761658,1035103
2023-03-07,303.944507980038,304.80009683136643,301.70797403326674,303.6408671129251,1348269
2023-03-08,303.8744371986782,304.8051401051335,303.09257482502824,303.5708663323459,1243712
2023-03-09,314.0675267812514,314.05895204540906,312.8464595083495,313.7537730082432,1349712
2023-03-10,305.25845843188085,305.6721896675112,304.0257435859899,304.95350492695394,1015760
2023-03-13,303.8773463501908,306.0591888554901,302.17241412159643,303.5737725776132,1338646
2023-03-14,313.1561235555949,313.4902077113823,312.5221680781379,312.8432802753196,410857
2023-03-15,310.6775669209371,313.17478290618465,309.9460224339505,310.36719972121597,1464010
2023-03-16,301.6163321455139,302.68581146208015,298.94241599637047,301.3150171283856,816151
2023-03-17,309.1122623489426,309.2395566905259,307.82141323620465,308.8034588900526,60017
2023-03-20,312.057969979525,311.7901558906105,311.25282436951,311.7462237557693,1682259
2023-03-21,305.24090609504486,305.07042064335275,302.93430262235665,304.93597012492,652086
2023-03-22,309.4135803662097,309.26631018005196,308.99942239165733,309.1044758903194,667312
2023-03-23,303.61129119108887,306.59990305405626,302.273682736369,303.307983207881,708220
2023-03-24,296.1789347977402,296.57601728575855,295.67925188724007,295.88305174599424,1946439
2023-03-27,295.2766009299574,296.73474510652386,293.88675473652546,294.9816193106468,1316102
2023-03-28,292.6266152552018,293.18079654860315,291.2911918831866,292.33428097422757,567829
2023-03-29,286.7437751057015,287.35151516485325,284.3287714223008,286.4573177879136,235417
2023-03-30,284.76680075642105,284.68753600419694,284.01688137077076,284.4823184379831,153017
2023-03-31,279.5213935358724,280.038336685106,278.6171052908764,279.24215138448795,588976
2023-04-03,279.7407477906824,280.61018595451844,278.24042665701074,279.46128650417825,1181861
2023-04-04,279.54149030473576,281.6112266110952,277.3624834325058,279.26222807665914,391829
2023-04-05,283.21673420455744,283.0430444375617,280.2146249233286,282.9338004041533,751555
2023-04-06,280.8096731789717,280.95536953781533,280.3950293647744,280.5291440349368,142300
2023-04-07,273.97984884974164,274.00579774897227,272.7812479935458,273.70614270703464,920408
2023-04-10,267.3770386300395,267.35496391893537,265.5372955844262,267.1099287013382,973001
2023-04-11,266.11268281072597,267.7426587080626,263.6738645559844,265.84683597475123,1600277
2023-04-12,273.4110503103309,273.8370335057236,271.8368234724615,273.137912397933,448159
2023-04-13,277.51794959204017,278.84430747551664,276.68890250094364,277.240708883157,1033220
2023-04-14,274.2262192054818,278.17708633901094,272.4861228811468,273.9522669385433,990262
2023-04-17,278.80843742250096,279.0315285450243,277.4476207043332,278.529907514986,344435
2023-04-18,272.8923929991904,274.11018311191384,270.79708046351135,272.6197732259645,452057
2023-04-19,277.8037607501696,280.31228272581285,275.94668039216697,277.526234515654,1600367
2023-04-20,275.80404529641027,275.61659241778256,274.2966817481045,275.52851677963065,1594380
2023-04-21,279.55067414338055,281.620367780209,278.6419200199464,279.2714027406399,418056
2023-04-24,282.61140407252987,283.20955496337933,279.2599387204625,282.32907499753236,267686
2023-04-25,281.11652537844634,281.62795071987796,279.8536639336822,280.8356896887576,1097836
2023-04-26,282.6990091211817,284.8974809029395,281.4151064911761,282.41659252865304,1553780
2023-04-27,277.17444978502425,277.7056506264941,274.91806877519053,276.8975522327915,1334066
2023-04-28,276.72655750502315,277.95851083868473,276.0807144969326,276.4501073976256,1332114
2023-05-01,282.0582417657231,283.5195867516329,281.5882641284236,281.77646530042273,1787882
2023-05-02,302.8376803685524,303.68033203939353,301.2517944584148,302.5351452233291,358615
2023-05-03,306.59559872594076,307.8397243897235,305.9086605151041,306.28930941652425,1683176
2023-05-04,306.99679836328,310.604827984163,306.32128021056417,306.690108255025,787998
2023-05-05,301.3003045416699,302.70492254201173,300.29870508861427,300.9993052364335,1130524
2023-05-08,306.9771458787377,306.7339537160631,306.6315357956185,306.6704754033344,795323
2023-05-09,297.7141555087115,299.51109728669377,297.1737889814574,297.41673876994156,60461
2023-05-10,293.31860363930406,295.00935650565106,292.01695593221484,293.02557806124287,936828
2023-05-11,295.13434323255797,295.55156760903697,294.5328267949028,294.8395037288292,1536702
2023-05-12,288.63170874496524,289.67770093550786,286.9159449630947,288.3433653795857,1365721
2023-05-15,296.57816653290956,296.47141248148506,293.7510468386594,296.2818846482613,1315441
2023-05-16,302.34909115102107,302.09277903038515,300.30295663935107,302.0470441069142,79049
2023-05-17,299.1653559789399,299.18425381515357,298.5688131393578,298.8664894894505,1755501
2023-05-18,296.0851267400354,298.52515323141125,294.18699334156685,295.7893374026328,372959
2023-05-19,288.95542352140257,290.15753007611545,288.59260430048045,288.66675676463797,72393
2023-05-22,281.5707447507488,282.62901807236716,280.14592477732066,281.28945529545337,1412171
2023-05-23,283.74473931081576,283.96169380744556,281.4138138171704,283.461278032783,1669145
2023-05-24,286.86281103900654,286.6151129214114,285.74675512450955,286.5762348042024,231218
2023-05-25,288.6054885627166,288.80675353149275,288.24865068963356,288.3171713913253,1123229
2023-05-26,289.91273427792726,291.9551782597545,289.3341778182764,289.6231111667605,1696161
2023-05-29,286.9018615853012,287.2923821771806,286.3656859971198,286.61524633896227,1180921
2023-05-30,288.6912318051433,288.5231547408633,286.0498062843233,288.40282897616714,772429
2023-05-31,280.94036495785696,281.3161589222174,280.3777202626484,280.6597052526044,252091
2023-06-01,280.90666397195736,282.677206454846,280.2358408996867,280.6260379340234,120758
2023-06-02,288.3081842978534,288.81840671585024,286.8554873923582,288.02016413371973,1958266
2023-06-05,295.1189079410356,294.99174779239604,294.49351937312485,294.8240838571785,1548267
2023-06-06,292.57036811396426,292.5842567619339,290.0039825770127,292.27809002394036,734144
2023-06-07,290.7264448343471,290.6082954922412,288.476638369151,290.4360088255216,527885
2023-06-08,297.8837672680669,298.7598774503225,296.97694048751595,297.58618108697993,1883405
2023-06-09,307.42206855108486,307.8507586122663,304.30610151660204,307.1149535974874,1997111
2023-06-12,299.0308372266887,299.20919548888514,297.39397688244907,298.73210512156714,1437416
2023-06-13,296.6477157548074,297.38967297832227,294.59475700491095,296.351364390417,1849094
2023-06-14,297.82401936512764,297.87029649887273,297.1602068885308,297.5264928722554,1375696
2023-06-15,304.30091784495676,304.0184612457902,301.4422000005815,303.99692092403274,1776400
2023-06-16,299.61406428089896,300.085555714984,299.029773176318,299.3147495313676,1696555
2023-06-19,303.01207228809324,305.2553720686143,301.60807430810553,302.7093629251681,1773465
2023-06-20,301.2884249835059,302.9418347045415,300.4402853456553,300.98743754595995,1057726
2023-06-21,314.14120858370455,315.7778226771447,313.48594593935985,313.82738120250207,193507
2023-06-22,316.50030412757513,317.5808788225934,316.165576954373,316.1841200075676,1571701
2023-06-23,315.64815413443336,315.42705393859995,312.4855233331374,315.3328213131203,102056
2023-06-26,313.656018201394,315.1526866876002,312.4174189969295,313.3426755258681,1463232
2023-06-27,319.5588882993669,319.3718880158834,317.14815276911946,319.2396486507162,831949
2023-06-28,323.39904765768205,324.5238149649578,321.5667922250464,323.0759716859961,650290
2023-06-29,316.9886405186484,318.4480452252474,314.5226033569091,316.67196855009837,869982
2023-06-30,318.1515454902959,318.20443217972405,317.7526568859676,317.83371177851745,1750937
2023-07-03,310.3734277217921,310.3230631070762,308.09929970747856,310.0633643574347,847153
2023-07-04,306.0552538683407,305.948899074057,304.44576845638244,305.74950436397677,1039210
2023-07-05,298.8177462585664,300.0878064083031,296.633697818289,298.5192270315349,1213737
2023-07-06,291.5829450913606,292.55539528669897,290.4389178676947,291.2916534379227,1273018
2023-07-07,287.89086321063604,288.00663829380295,286.6372158893931,287.6032599506854,1578656
2023-07-10,282.719667400526,284.5558735487454,281.6027276952767,282.4372301703557,1251107
2023-07-11,285.34649914728175,285.5647507399696,284.5704302087614,285.0614377095722,1587207
2023-07-12,289.3846337270922,289.3224312736107,287.0888170208098,289.09553818890333,1191753
2023-07-13,288.0632863180851,290.4324977390882,286.04711741170087,287.77551080727784,1863858
2023-07-14,282.1652306838378,282.498456671708,280.10989514966263,281.88334733650134,1376345
2023-07-17,286.19692468114863,285.96784573310356,285.1451224235326,285.9110136674812,1369177
2023-07-18,275.6563307077804,277.10009784225207,273.1598488453692,275.3809497580224,567340
2023-07-19,265.96602820565306,265.7781014201822,265.1703749097312,265.7003278777753,1760786
2023-07-20,269.39740094644674,269.1620388207825,267.67483389784354,269.128272673773,1162277
2023-07-21,272.52603602543655,272.54022454626624,272.2035044733796,272.25378224319337,227931
2023-07-24,277.2593312696401,278.9826286561018,276.2723872248809,276.9823489207194,345222
2023-07-25,276.1100788435804,277.22889293371685,274.8129099231288,275.83424459898146,100649
2023-07-26,269.74737983059475,270.1242419812289,268.2046260967773,269.47790192866614,1509949
2023-07-27,267.1979434339786,267.2359533618928,266.09869743117844,266.93101242155706,930440
2023-07-28,269.87073044152714,271.06763788485983,269.4742331568146,269.60112931221494,1556605
2023-07-31,266.06548121790365,266.15598754484694,264.22102089299824,265.7996815363673,1771479
2023-08-01,262.62348510449925,264.26937015333374,261.1635217485991,262.36112398051876,1845778
2023-08-02,255.9386818185685,256.43266338856733,254.91509351281377,255.6829988197488,801700
2023-08-03,250.4921760898576,251.50146910340032,249.28455073708406,250.24193415570193,1109294
2023-08-04,254.24867131185718,254.5982221789498,253.1771002716734,253.994676635222,266146
2023-08-07,256.27530589684375,257.99218424192634,253.66740507517818,256.01928661023356,169412
2023-08-08,250.8321006597466,253.2948778837647,249.982674826975,250.58151914060602,296222
2023-08-09,245.8730009855617,246.10495886752776,245.17787368488973,245.6273736119498,186864
2023-08-10,243.31457319810806,243.84224660437584,241.68240770861544,243.07150169641167,496247
2023-08-11,245.66582151903896,245.69140539246663,244.1571504103933,245.42040111792107,1531806
2023-08-14,240.4170017748553,240.77133514466243,239.8208874470705,240.1768249499054,1734212
2023-08-15,239.6256590153328,239.85171327975527,237.3729182956373,239.38627274259022,941167
2023-08-16,230.2762761523023,230.23517817944617,228.95109054443122,230.04622992237995,705586
2023-08-17,224.9870615945878,225.37150386228478,223.9866760892729,224.76229929529254,1899909
2023-08-18,226.64359132757784,226.8707878980546,226.38351531024097,226.41717415342444,1725491
2023-08-21,230.2672669468713,230.82936502279003,228.41998403662984,230.03722971715416,718939
2023-08-22,225.39812888523127,226.31678607418866,224.02422215820104,225.172955929302,1887354
2023-08-23,222.19189200739308,223.0373476763142,221.57276302159997,221.9699220853078,1484665
2023-08-24,225.34297366861517,225.96757316446067,224.76741440298332,225.1178558128024,1560506
2023-08-25,223.6992417859391,227.09619197910368,223.01408760958182,223.4757660199192,1666560
2023-08-28,221.45625614232554,222.27909508621562,220.43746938650904,221.23502112120437,1850693
2023-08-29,223.4807853859105,223.5436954013137,222.11305178283462,223.25752785805247,1605536
2023-08-30,224.21930238118037,224.29124404082197,222.79097095869815,223.99530707410628,547632
2023-08-31,228.67268689156063,230.22480341384116,228.28229866283385,228.44424264891174,1306161
2023-09-01,231.9014950314072,233.38535480522503,231.4752606721148,231.669825206201,429430
2023-09-04,229.43341201739193,229.619493344386,228.14765839709787,229.20420780958239,1460301
2023-09-05,228.88723351068833,229.30112328120816,227.78597272483353,228.6585749357526,521484
2023-09-06,228.5864557012357,228.61253158741803,227.71949142991707,228.3580976036321,577022
2023-09-07,222.93127706349426,223.0281196289548,222.66313534193597,222.7085684949993,84891
2023-09-08,218.958387798828,219.50539346456728,217.71034525254584,218.73964815067734,615212
2023-09-11,222.75524342264868,223.16224774531966,221.77030712904005,222.53271071193677,1865053
2023-09-12,216.31564185056902,216.52509303344576,214.4361363881447,216.0995423082608,1546406
2023-09-13,220.15682570402808,221.4232529474793,219.30306275494067,219.93688881521288,451832
2023-09-14,221.2443143017768,221.6585957203164,219.98595774872467,221.02329101076606,1766298
2023-09-15,220.6410906916523,220.48045977543939,220.05035703112702,220.42067002163068,1278514
2023-09-18,222.74000240729734,223.65149344447414,221.07846267938902,222.517484922375,985231
2023-09-19,224.6098734522342,225.86861595394433,223.83446811211724,224.38548796426997,604768
2023-09-20,229.4693849563638,230.41887220144045,228.48020268815512,229.24014481155228,1613468
2023-09-21,227.76153730197936,229.60283331008094,227.42192448370366,227.53400329868072,1102924
2023-09-22,226.7744035004941,227.63063165878285,226.057081270492,226.54785564484928,1873070
2023-09-25,225.72039077350274,226.48686283162436,224.11095359177523,225.49489587762514,899786
2023-09-26,233.35105014661653,233.34188870803249,231.76236301901523,233.11793221440215,1526716
2023-09-27,237.2908488949536,238.52860542947104,237.01772243918245,237.05379509985377,1455818
2023-09-28,233.28229435211358,233.1988987146845,232.51899494262167,233.0492451070066,483408
2023-09-29,231.83163410759067,232.90856463845446,229.50072728699587,231.60003407351718,441794
2023-10-02,228.83183602930615,228.80340086609397,228.43517409133526,228.60323279650967,1137922
2023-10-03,228.8451143884217,230.96396741525402,228.1340154112871,228.6164978905312,612969
2023-10-04,229.68743416843074,231.09424748913563,229.4234004048726,229.45797619223853,1644668
2023-10-05,239.15944723437266,239.65992215745965,237.6473189328364,238.92052670766503,320054
2023-10-06,231.2317971703475,231.08688829504803,229.9156820341464,231.00079637397354,1654852
2023-10-09,235.4867582455152,235.3135083879919,233.74930034079532,235.25150673877644,683427
2023-10-10,237.3032712477425,237.45057008755037,236.40638813776758,237.0662050426998,464421
2023-10-11,234.25454889821415,234.31708498377623,232.27273897052658,234.02052836984433,1675735
2023-10-12,233.58333410625494,234.63821669340203,230.9109502491893,233.34998412213284,263379
2023-10-13,231.45516156100484,231.9909859223304,231.0275231308991,231.2239376233815,1928937
2023-10-16,231.62893667507336,232.4738668693656,231.13787121305816,231.39753913593745,1348894
2023-10-17,235.80553407945436,237.48537933385168,235.4075580440759,235.56996411533905,79525
2023-10-18,229.30584230467494,230.48490076615278,228.11445691600684,229.07676553913583,765553
2023-10-19,234.71091702402632,235.33335450600086,234.0160837227854,234.4764405834429,1698087
2023-10-20,233.0952205292784,233.15608800794004,231.1622367466988,232.86235817110733,246580
2023-10-23,239.3882856159372,240.66453062248573,239.09805603488567,239.14913647945778,1481311
2023-10-24,241.13847022207563,241.4097683238711,240.36725153103083,240.89757264942622,1025767
2023-10-25,246.47846111868583,247.61797296834055,245.31826563426003,246.23222888979606,204414
2023-10-26,248.9681317723523,248.77591976778783,247.47763253448963,248.71941235999233,1164988
2023-10-27,253.81908999529762,254.88776610545122,252.86303478744642,253.56552447082683,362862
2023-10-30,254.05055989720378,254.32322519487576,253.67212450099734,253.79676313406975,887066
2023-10-31,250.21159996124453,252.73578968520695,249.92320560636134,249.96163832292163,1737535
2023-11-01,253.22445467484138,253.76177848133815,252.72721385143709,252.97148319164975,1461553
2023-11-02,256.4510343978983,257.8157436675643,256.16397876334355,256.19483955834,428664
2023-11-03,266.144860702876,266.5914818395013,264.04562482356107,265.87898172115484,1239632
2023-11-06,256.4972252726455,256.55891500835895,252.68820310540156,256.24098428835714,1820740
2023-11-07,255.56390353478488,255.9398991807821,254.65367874372458,255.30859493984508,635560
2023-11-08,260.44255943182986,260.85813528109026,258.4873649831483,260.18237705477515,1102937
2023-11-09,254.5343669958396,256.0617854031803,252.39284630274562,254.2800869089307,911257
2023-11-10,253.47312666914365,254.8608386139974,252.27361824574098,253.2199067623813,1969567
2023-11-13,263.14443020235353,263.91294014640596,262.6180579589791,262.88154865369984,1401378
2023-11-14,269.8575461917667,271.58557561556285,268.454050764292,269.5879582335332,1034159
2023-11-15,265.56167019817843,267.2995039688412,264.5780293488589,265.29637382435413,1853506
2023-11-16,272.38515219112145,272.3865082434856,270.5360513455607,272.11303915196953,305672
2023-11-17,278.1949561863262,278.3663552706851,277.71091693326974,277.917039147179,1759632
2023-11-20,282.0881512268587,282.01655512642435,281.36857927992236,281.80634488197677,1231822
2023-11-21,284.0207560026438,284.43853778405025,283.30021240821975,283.73701898366016,637431
2023-11-22,285.23629639939105,285.24305370209686,284.2109585552495,284.95134505433674,918446
2023-11-23,280.7570492322066,280.8874023942163,278.9582735616693,280.4765726595471,170540
2023-11-24,278.138870334149,277.932249591802,277.14546751447824,277.8610093248242,188146
2023-11-27,281.8146305242466,283.1156172597094,280.31836346639466,281.5330974268198,420110
2023-11-28,282.53094175166945,283.954025923084,281.5724856392275,282.24869305861085,1646110
2023-11-29,291.9570768096396,293.6328657458449,290.3333519654302,291.6654113982414,1938038
2023-11-30,290.2033427926264,290.55225446764615,288.2751776525583,289.91342936326316,1803356
2023-12-01,277.64463546201637,277.5407441345114,276.96720124147316,277.36726819382255,1300532
2023-12-04,275.9769943274956,277.91258226471774,272.0356625675128,275.7012930344612,1929780
2023-12-05,277.3647619288874,278.0833306326563,275.5817737165097,277.08767425463276,590190
2023-12-06,279.2858593019943,280.28524074693297,278.1365910774034,279.0068524495448,1306254
2023-12-07,279.6362323853901,279.81404465262005,278.60310766966114,279.35687550988024,394019
2023-12-08,275.4996486421557,276.43954643683924,275.1259008686442,275.2244242179378,1187248
2023-12-11,282.9360754182211,284.58254649636973,280.2686868105249,282.6534219962249,252119
2023-12-12,279.56148901524773,279.52043039758854,277.3032581345661,279.2822068084393,430146
2023-12-13,283.1590927438869,284.4787263903016,282.19031469920105,282.8762165273596,1514976
2023-12-14,281.7087339246455,281.9676509070789,281.25218671576334,281.4273066180275,1930075
2023-12-15,275.64529712935905,277.6534532658411,274.94593875522645,275.36992720215693,164315
2023-12-18,282.68676135150986,282.9637364907125,282.0911270023287,282.40435699451535,1482957
2023-12-19,269.92058326108366,270.1006509742386,267.9165075060662,269.65093232875495,1711769
2023-12-20,265.7989128997298,266.33789821278424,265.3867200839663,265.5333795202096,1353592
2023-12-21,267.8934508067547,268.6786280949602,265.56494343369565,267.62582498177295,749589
2023-12-22,266.19588034626565,266.41154234097297,265.46484177333207,265.9299503958698,1404222
2023-12-25,269.82145318588823,270.74557738544246,267.99279866445806,269.5519012846037,145505
2023-12-26,269.3640965101805,269.1462441454473,268.4792875845329,269.0950015086719,1691165
2023-12-27,267.1951499623423,267.123678423675,266.24574837945704,266.92822174060177,1805676
2023-12-28,277.63002707035156,278.8106898516217,276.66289618112063,277.35267439595566,719089
2023-12-29,276.56442293805634,277.495298684942,276.26837604229735,276.2881348032531,829703
2024-01-01,275.8134354548954,275.8704219777733,274.85363270948693,275.5378975573381,267942
2024-01-02,270.47078383000456,270.630259461624,267.96876515125746,270.20058324675784,1376590
2024-01-03,266.86579679391315,266.84670350218096,265.29538619802224,266.59919759631686,1982915
2024-01-04,270.02700940485283,270.01290336496004,269.0125866812489,269.7572521527002,553776
2024-01-05,272.8111163431781,274.751098507651,272.10568954012075,272.53857776541275,111424
2024-01-08,272.8642360152945,275.87531495784884,272.2587150460506,272.59164437092363,350336
2024-01-09,269.46876761371965,269.3323259619272,266.75493628794953,269.199568045674,579605
2024-01-10,272.84678572675045,273.10539632284565,272.02287751435506,272.5742115152353,1615702
2024-01-11,264.5257081999334,265.85612557156713,264.0810403527093,264.2614467531802,1009213
2024-01-12,262.9487854032611,264.0221775900008,261.8395302758846,262.6860993039572,51032
2024-01-15,261.8059606764215,262.09877329859154,260.61487563374925,261.54441626016137,128336
2024-01-16,257.8713303062798,258.8232027641562,257.3911542459472,257.6137165896901,382074
2024-01-17,258.6367920887931,258.85422657666635,256.4144975930086,258.378413675118,654959
2024-01-18,255.58519613532013,257.6683345019387,252.57593686358103,255.3298662690511,317458
2024-01-19,251.94802245916406,252.0521422590705,250.14197928475468,251.69632613303105,1747166
2024-01-22,260.1866836966494,261.38716782856227,259.6656492777982,259.9267569397097,997086
2024-01-23,263.7265386292227,264.422153704443,262.14730127451895,263.46307555366906,1269541
2024-01-24,269.4942286327514,270.26657172675067,269.19827041395746,269.2250036291223,1989144
2024-01-25,269.81956049580685,272.0536915919839,269.4879781297756,269.55001048532154,1188373
2024-01-26,274.5851098281659,274.61064298500423,273.5484678294037,274.31079902913683,167917
2024-01-29,278.5301041101864,279.2650620513497,277.41381859496806,278.25185225792853,85595
2024-01-30,284.70257440020526,285.0260582854143,282.60418224107906,284.41815624396133,347319
2024-01-31,296.9356794170547,298.14454833565816,295.0355813884612,296.63904037667805,883071
2024-02-01,295.82472743465416,296.218766753158,293.98055738048794,295.52919823641776,560014
2024-02-02,297.30822768719946,299.3402552025333,296.86374572237304,297.01121647072875,287818
2024-02-05,297.13985397641244,297.04838664655875,293.2836708762326,296.84301096544704,549518
2024-02-06,278.44401027410464,279.55943526974727,278.1368637394002,278.165844429675,805007
2024-02-07,271.5486350879894,272.4509434982345,269.2024529417025,271.27735773025915,741266
2024-02-08,271.7463806499728,271.99775981516353,270.87949645512447,271.47490574422864,807874
2024-02-09,274.95425659696457,277.9496720788321,273.9915813913478,274.67957701994465,72082
2024-02-12,272.2165072771643,273.75094714352565,271.8780220155498,271.9445627144499,878002
2024-02-13,277.8949624568131,279.43493950713264,277.18816413431273,277.61734511170147,391709
2024-02-14,284.43696208103137,285.92988553720033,282.82561402941195,284.1528092717596,666169
2024-02-15,282.44581127439704,284.7072038332376,280.75879035235477,282.1636476267703,1988711
2024-02-16,289.8128086612206,291.4881343108668,289.19175550396693,289.52328537584475,1573317
2024-02-19,299.08375608545305,300.1281355370785,296.35675505846297,298.78497111433876,1689881
2024-02-20,301.72278034687946,302.9974467862131,300.0300618057917,301.4213589878916,953361
2024-02-21,296.5350509973507,296.76003436471206,295.4564087098909,296.23881218516556,1039194
2024-02-22,304.5164621045533,304.34988781952046,303.148156546996,304.2122498546986,1820601
2024-02-23,303.76845014284726,304.65501676075047,301.99864022442165,303.4649851576896,1745385
2024-02-26,301.85567700150744,301.8476980101273,299.77404463133433,301.55412287862885,720941
2024-02-27,302.641761571318,302.7966321740973,302.2710702382373,302.33942214916885,988679
2024-02-28,299.8690145998193,299.9358786011414,298.88962301583376,299.56944515466466,329998
2024-02-29,305.81528909410247,307.34385943782826,305.4365892775092,305.5097793147877,197259
2024-03-01,310.2572121433834,311.0343791081674,309.51019882199785,309.94726487850494,742520
2024-03-04,317.23313094303285,319.69139272296115,314.2082154107961,316.91621472830457,774854
2024-03-05,320.7253217477045,320.8243688393789,319.5647315506494,320.4049168308737,1749609
2024-03-06,316.3178631644567,317.14220426768946,312.826576566416,316.0018613031536,1681811
2024-03-07,315.5866734172417,316.4103195916835,315.24723297788904,315.2714020152265,749938
2024-03-08,320.7366242839021,321.26004322539893,320.26253679317193,320.41620807582626,1941973
2024-03-11,318.5674423793938,321.2801059404564,318.1626300310811,318.24919318620766,1650111
2024-03-12,335.49017092475526,335.6520538496069,332.36513951799554,335.15501590884645,1247843
2024-03-13,334.2154369358228,336.00972133315975,332.2011922127051,333.8815553804424,1401375
2024-03-14,330.8755602872645,331.79202151456116,330.33237312549227,330.5450152719925,876883
2024-03-15,337.9040430772247,339.0204992576745,337.3303983337424,337.56647660062407,553955
2024-03-18,342.64183045381986,343.6480602921878,339.4894272444623,342.299530922897,210066
2024-03-19,342.6621013735358,343.05485891749674,341.6974475261391,342.31978159194387,423096
2024-03-20,341.4344897254694,341.61502204509685,340.8174199375324,341.0933963291403,955361
2024-03-21,344.2475273549256,347.3539076601494,341.8069771746659,343.90362373119444,269901
2024-03-22,349.61827587726043,349.30899539904516,348.3903259931207,349.26900687039006,152437
2024-03-25,354.6145571528131,356.2127457177897,351.95352536065593,354.2602968559572,926245
2024-03-26,352.8882583329912,354.3554092053151,352.48761540840906,352.53572261038084,1166874
2024-03-27,355.83002714723364,356.956735331618,353.71845734526767,355.474552594639,1404465
2024-03-28,361.4354020697533,361.4329387412227,360.5204562271768,361.07432774201135,707875
2024-03-29,366.6152366442873,366.37296495952353,364.1378857520428,366.2489876566307,623288
2024-04-01,346.4542465053352,347.9069020341463,345.72113698033525,346.10813836696826,192917
2024-04-02,341.09705242689364,341.15977463281257,340.2133099958035,340.7562961307629,1911197
2024-04-03,336.5250712250837,336.52129905653493,335.9683488454089,336.188882342741,1432434
2024-04-04,335.31895446519087,335.6414105226642,333.98133704257333,334.9839704946962,77775
2024-04-05,336.58826402047555,336.35519565456457,334.7602371797361,336.2520120084671,1899820
2024-04-08,342.3599593254974,342.63356091201786,341.75156231160304,342.0179413841133,1581693
2024-04-09,346.35877791309366,347.48396351483433,344.8674798452776,346.01276514794574,746858
2024-04-10,345.7618894610048,346.88485924791036,345.3290497714556,345.4164729880168,381530
2024-04-11,346.10017773131597,346.5818875999458,345.12771574978785,345.754423308008,1974781
2024-04-12,357.2535960755592,359.9335231678181,352.82393705767697,356.89669937618305,1996077
2024-04-15,353.51389188693406,354.47186490859565,352.8815508673142,353.1607311557783,977781
2024-04-16,355.6500452265647,355.91130143790554,353.07021418535066,355.29475047608867,241753
2024-04-17,365.8717149135541,369.9357000267221,365.1466164231935,365.5062087048493,729084
2024-04-18,368.35542012913083,368.7440856528874,367.0971041914674,367.98743269643444,1846051
2024-04-19,355.01304874490637,355.56822632327265,354.04732571581025,354.65839035455184,1854687
2024-04-22,357.6083791121926,358.1449863737441,356.2624562769857,357.25112798420844,832944
2024-04-23,355.3159053467741,356.833563551631,352.4894854818069,354.9609444023718,618980
2024-04-24,354.7921704540246,357.65677588346506,353.2189302470611,354.43773272130335,608758
2024-04-25,361.7035461590647,363.95646766212,359.67059851811416,361.3422039551096,1692022
2024-04-26,364.9637392678806,364.9575806979227,363.77579057788665,364.5991401277529,129571
2024-04-29,363.43420416004443,365.5833903926669,362.5017283727913,363.0711330270175,1229452
2024-04-30,369.4737519281057,371.61346472431455,368.57880308685105,369.1046472808249,477679
2024-05-01,372.57616085449865,374.1941510397948,371.9717402211506,372.2039568976011,999760
2024-05-02,373.4905974061097,378.22981653110935,372.8044432619841,373.1174799261836,797356
2024-05-03,375.7240588551117,376.9953979437337,375.1871555873213,375.3487101449668,1246346
2024-05-06,377.6469729743968,377.65444625522423,376.8582178088899,377.2697032711257,1874722
2024-05-07,375.5511790004598,377.1210064911899,373.2769015855105,375.1760029974624,1063492
2024-05-08,372.6586924395058,372.53917737028235,370.97087906046164,372.28640603347236,1936976
2024-05-09,373.0368398218782,375.0067063573482,371.8209980760985,372.66417564623197,1126731
2024-05-10,366.83899210458304,366.56418785534674,365.69371540475936,366.4725195849981,205270
2024-05-13,358.7325541338329,360.41531646659206,354.0100862088594,358.37417995387904,1751792
2024-05-14,367.33432264506564,367.4621663073939,366.9244203373829,366.9673552897759,1145835
2024-05-15,365.95584792343277,365.9716423842578,361.3759021243312,365.59025766576707,1958973
2024-05-16,366.00334305832496,368.564386205577,362.44026905940814,365.63770535297203,113464
2024-05-17,365.3192942403873,366.4900630599694,363.86339887122733,364.95433990048684,1737485
2024-05-20,365.6784492685078,367.18078339416167,364.30453364141107,365.31313613237546,252342
2024-05-21,366.03338434520737,366.12159639536924,364.3206959116783,365.66771662857883,182092
2024-05-22,366.6681126042357,366.79492277971104,364.1343999379756,366.3018107934423,1251000
2024-05-23,361.5614523738144,361.3526290067575,360.658135008613,361.20025212169276,148162
2024-05-24,367.83029185878195,367.79433143048163,367.322844422376,367.46282902975224,1077327
2024-05-27,363.4546261381671,363.09393578091436,361.5713332563369,363.09153460356356,1855644
2024-05-28,370.4293628959811,371.4112367889052,369.9525921224926,370.05930359238874,1805467
2024-05-29,357.8433451222808,358.41121877554605,356.4723352095649,357.48585926301786,1483669
2024-05-30,351.2069158464203,351.7184482342663,350.00873415736675,350.8560597866337,1812208
2024-05-31,357.67616548125886,357.42331091716073,355.36477848258306,357.31884663462426,1836662
2024-06-03,356.9233012882401,358.55297447190134,352.6890394398926,356.56673455368644,361345
2024-06-04,352.81277478315815,353.6183881061842,352.30153410126695,352.4603144686895,118251
2024-06-05,355.39358220279837,356.18404036187013,353.7486989771316,355.0385436591393,1286016
2024-06-06,348.9049349585358,348.57093073556723,347.9696381770626,348.5563785799559,1492028
2024-06-07,349.58373635461726,349.62602248807553,346.6414420868403,349.23450185276454,1622333
2024-06-10,335.8412744176653,335.733983520561,333.01612675617423,335.5057686490163,309960
2024-06-11,333.2953713262357,333.97698014753007,332.6564613050691,332.9624089173184,1556431
2024-06-12,329.5839980379647,329.35557909030683,327.6520522952776,329.25474329467005,587613
2024-06-13,332.97044509166165,334.8427228249544,330.1641863024607,332.6378072843773,1156208
2024-06-14,338.4064229830157,342.871351711353,337.9909863039779,338.06835462838734,1994747
2024-06-17,333.39122820839094,333.0808784260354,332.77247783953044,333.0581700383526,1048944
2024-06-18,343.2336793454132,345.656350306753,341.64207629961487,342.89078855685636,1558353
2024-06-19,339.7688123646196,340.96878161267875,339.22088625183164,339.42938298163796,1163629
2024-06-20,327.3860046691773,328.967419615145,326.13237278745174,327.05894572345386,1852335
2024-06-21,313.54643895763445,314.2767302226982,311.97019932287253,313.2332057518826,855645
2024-06-24,322.40823933595044,323.9754286100002,321.9561893869948,322.0861531827677,142897
2024-06-25,322.08137061179696,322.26007666433117,320.6631219972889,321.7596110007962,1151971
2024-06-26,318.50945979443844,318.91470825342486,317.1123398300416,318.19126852591256,459016
2024-06-27,314.4005780911435,315.9761394451855,313.4513900292828,314.086491599544,1788699
2024-06-28,308.3961328912484,310.4647080480013,306.06007596868443,308.088044846402,1914998
2024-07-01,316.0758231033189,316.53695834093185,314.06311963297543,315.7600630402787,728560
2024-07-02,315.77616069355906,316.1158952696435,313.4584787299747,315.4606999935655,1692361
2024-07-03,326.1290622113087,327.10979287134376,324.2543405243239,325.8032589523564,909355
2024-07-04,325.14407915978626,327.83733131116776,324.0598151391461,324.8192598998864,1883843
2024-07-05,311.5714463449014,311.72373764755156,309.3475830824012,311.26018615874267,904214
2024-07-08,316.48232161848335,316.65021805759113,315.51866652759406,316.16615546302035,1547475
2024-07-09,314.562636297907,314.40470124147026,314.053680260208,314.248387909997,1739719
2024-07-10,313.3970009736372,313.28522310480713,312.20291422376584,313.0839170565807,797755
2024-07-11,322.41429272628255,322.6207972846967,321.1077043045824,322.0922005257568,527230
2024-07-12,321.0668719615969,322.1465054359647,320.36771577738307,320.7461258357612,1021226
2024-07-15,327.9626505281629,330.93384439408413,327.15990921075763,327.6350155126503,906868
2024-07-16,328.1174401644994,330.80973035024226,327.4332470869497,327.78965051398546,748864
2024-07-17,323.86049731512907,323.97696565997217,323.06278864555384,323.53696035477435,1515002
2024-07-18,326.99983566443194,327.4243335781704,324.9917553549868,326.67316250193005,954020
2024-07-19,323.6479368267238,323.59396538269897,322.5858443386579,323.32461221450933,814923
2024-07-22,330.9854021696604,332.2191127922326,328.62155667508904,330.6547474222382,1109533
2024-07-23,336.89010920788013,336.85168374807694,335.67788414251714,336.55355565222794,1718232
2024-07-24,337.45980180678623,337.8776706657875,336.4870281106666,337.1226791276586,412931
2024-07-25,341.354077920762,342.82426324019707,339.9841006286431,341.0130648559061,1098691
2024-07-26,345.0149855495858,344.7311871841474,343.63145445463675,344.67031523435145,163769
2024-07-29,343.4971658548869,343.8363284004338,338.31180637716136,343.15401184304386,242899
2024-07-30,349.2247954288153,349.8237421771327,348.3780884258439,348.875919509306,1862391
2024-07-31,347.9922327214943,348.84506787393786,347.51223516607496,347.64458813336097,765167
2024-08-01,352.047569150272,353.546980920149,350.313702343153,351.69587327699503,485235
2024-08-02,346.22315502209244,346.6477480882637,343.6365155253916,345.87727774434813,335451
2024-08-05,347.0535136344967,347.7577267451524,345.81620114624883,346.7068068276691,1343141
2024-08-06,349.8478105453534,350.2503186939261,347.95865776288014,349.4983122331203,906750
2024-08-07,345.079265716288,344.85832160332814,343.074912164944,344.7345311851029,883351
2024-08-08,342.69957818830386,342.7720700183514,341.95937607048273,342.35722096733656,760246
2024-08-09,339.61631788469947,340.93650383151413,338.5733169693247,339.2770408438557,1657351
2024-08-12,344.27365410190447,345.26174205779193,342.51202493793323,343.92972437752695,711780
2024-08-13,340.02491313627957,341.13963846837385,339.1129974861993,339.68522790837125,179797
2024-08-14,342.9195590518135,342.8715335505327,341.0695569600175,342.5769820697438,1667281
2024-08-15,352.54866286459537,353.5063542953621,351.5433231493572,352.19646639819723,723876
2024-08-16,355.038452993386,356.5900122562813,352.5704818725468,354.6837692241619,1799778
2024-08-19,344.9687659035166,345.49228165959374,342.9587920621476,344.6241417617549,1632630
2024-08-20,345.9760929466039,345.7696439891575,344.4673403375932,345.6304624841198,1523653
2024-08-21,352.68824366076757,355.19027515441934,349.10690240788,352.33590775301457,650650
2024-08-22,351.10844495222017,354.6510286833226,349.58927025803,350.7576872649553,1543961
2024-08-23,358.35707871862115,359.55828445975044,357.22136662720123,357.9990796389822,1773254
2024-08-26,362.5891755381432,363.44357658799726,360.5569650844561,362.2269485895537,1790957
2024-08-27,365.5876781508727,368.06762931803985,364.8951747710872,365.2224556951776,1768668
2024-08-28,364.1223469098597,367.00252456591863,362.76227249425904,363.7585883215382,1839317
2024-08-29,361.01961751816253,361.60263071466403,359.5677294499862,360.658958559603,656903
2024-08-30,359.61071266634457,360.7096775091884,358.861575584541,359.2514612051395,390051
2024-09-02,360.2752877988636,362.9533828569464,358.63840577357064,359.9153724264372,452259
2024-09-03,363.927108512488,367.75342470687997,362.3539074409007,363.56354496752056,1799954
2024-09-04,366.94665938526856,366.8714137868402,366.404251148011,366.5800793059626,347515
2024-09-05,365.2285413888109,365.46729264657336,363.4474760509975,364.86367771109985,364082
2024-09-06,365.9291672079744,366.77248394142947,363.84181911029003,365.56360360437003,1794748
2024-09-09,368.75707213087315,369.81330696098274,367.2661519439279,368.38868344742576,580170
2024-09-10,358.2507792790843,360.6973581876317,356.8210913288565,357.89288639269165,1363000
2024-09-11,353.57031940206656,355.9590311348524,352.3285517741361,353.21710229976685,1592200
2024-09-12,348.75753567162417,350.711747604915,347.9820712068556,348.4091265450791,217969
2024-09-13,347.74794112480924,347.6719853496071,345.18548032828835,347.40054058422504,328942
2024-09-16,346.295058814951,347.3040563905199,345.3876896201186,345.9491097052458,1512656
2024-09-17,344.96056547791363,347.0029956338453,343.92797366483353,344.6159495283853,1930798
2024-09-18,339.81555491994925,342.22663635273443,338.7913082731833,339.4760788411082,166234
2024-09-19,344.2025621452217,345.15156101823055,340.81807250719186,343.85870344177994,1866818
2024-09-20,346.20151187207335,346.2245181907794,342.4275621367553,345.85565621585755,1972974
2024-09-23,336.2456197458944,336.80972525556984,335.51015330319956,335.90971003585855,50167
2024-09-24,336.6010477744863,337.90127520813473,335.61632898157734,336.2647829914948,1873539
2024-09-25,330.0536198845591,330.2440712265451,329.68518029331585,329.7238959885706,1290904
2024-09-26,340.4397995943109,343.78866201994833,336.40667556033884,340.0996998944165,1427092
2024-09-27,337.9307114094594,338.43904414511445,335.78201409618174,337.59311829116825,1854688
2024-09-30,335.8176148438753,335.7263172078661,334.31516134936516,335.4821327111641,657603
2024-10-01,336.60653559022074,337.6549385991295,334.7911143075605,336.2702653248959,1103817
2024-10-02,335.67851974432335,335.9234381812549,334.6065515518719,335.3431765677556,601140
2024-10-03,335.6102477467735,335.81808713922396,334.6362956681976,335.27497277399954,1097784
2024-10-04,345.2432890770042,345.75271074111197,344.8765997255019,344.8983906863179,1012986
2024-10-07,346.9430036126381,347.7667125489772,346.31727632130264,346.59640720543274,1194236
2024-10-08,352.4550096344721,354.14427911363464,351.25413827860405,352.1029067277444,1334454
2024-10-09,359.9098653968613,360.6074371092482,358.52581041485575,359.55031508177956,1128646
2024-10-10,353.90669479859633,356.34582701707706,350.88150283667784,353.55314165693943,346603
2024-10-11,364.9742702384938,365.2328238599158,362.8745614399985,364.6096605779159,1184276
2024-10-14,369.81301477589733,372.4442503702885,369.11150773377267,369.44357120469266,1018980
2024-10-15,376.507061844986,379.92839944331115,372.66187385007396,376.130930914072,1376952
2024-10-16,370.98538914144007,373.68147145340356,368.75883685622017,370.61477436707304,933393
2024-10-17,376.7690569118425,378.3901445056429,374.52268573200485,376.39266424759495,1914614
2024-10-18,379.9044675608522,380.00149268100745,379.139770330936,379.524942618234,80382
2024-10-21,376.5667386194252,377.3685378879141,375.3066120412119,376.19054807135393,210576
2024-10-22,392.37365922902325,394.2903677449669,390.8042960747263,391.9816775514718,1828893
2024-10-23,396.72493577200214,396.60174717132685,394.7812494375995,396.32860716483736,506555
2024-10-24,395.36840595941686,395.98935669386816,393.5281024349381,394.97343252689,1262737
2024-10-25,397.10167308651876,398.2143559569075,394.65437873385235,396.7049681184004,61199
2024-10-28,403.9630946342288,405.613940211642,401.7772714474646,403.55953509912973,1722137
2024-10-29,412.54385774546387,413.86578284429436,412.1301448187584,412.13172601944444,180329
2024-10-30,417.23414708456835,416.9449465921614,413.9290279871208,416.81732975481356,515472
2024-10-31,426.752110819637,430.09826646941497,426.29813260160137,426.3257850346024,443259
2024-11-01,438.43094856202595,439.5237651839052,436.92803810900153,437.99295560641957,1870885
2024-11-04,429.0839049776551,429.624966289474,425.97361063808216,428.65524972792724,1809039
2024-11-05,425.7226559021446,426.3519375307011,423.47355135560804,425.29735854360104,114705
2024-11-06,418.91062668763203,419.52315440653507,417.3608030551173,418.492134553079,664623
2024-11-07,420.0262830214504,421.1545694342419,418.5502051408337,419.60667634510537,1454702
2024-11-08,431.3220226588113,431.15265768751044,430.4839951278176,430.8911315272841,1222294
2024-11-11,436.7882177757673,438.9441794000807,435.39144368894654,436.3518659098575,1788449
2024-11-12,428.9678189167764,433.8032397181612,427.461953402224,428.5392796371393,660114
2024-11-13,427.09492377727435,427.77000111966834,423.2246096186744,426.66825552175266,1565883
2024-11-14,435.39524092887376,435.94986646013786,433.51521563473614,434.9602806482256,1976246
2024-11-15,431.6312029122107,434.6245091606465,429.6173738727071,431.2000029093015,702765
2024-11-18,431.2777510952632,433.7414606142596,427.54329894139505,430.8469041910722,425532
2024-11-19,434.03875049882487,435.391283995832,431.55239377277684,433.60514535347147,1218553
2024-11-20,420.2080310204257,422.12642129437654,417.0693572133564,419.7882427776481,819967
2024-11-21,426.4920123221077,427.52568819206465,424.4821542119765,426.06594637573204,1976615
2024-11-22,429.5130656837258,430.2517620916802,428.65418919929033,429.08398170202383,771114
2024-11-25,434.3044072636474,434.7000949166711,433.0788981387445,433.87053672692053,104117
2024-11-26,427.0541091642214,427.5300338557259,425.71880442113235,426.6274816825389,466653
2024-11-27,421.5442337350044,423.0530481363183,419.57538722604505,421.1231106243801,341874
2024-11-28,417.40417428729415,417.49507214278884,415.8584508051844,416.987187100194,194086
2024-11-29,419.6715107204169,421.40202472831055,418.6976951988365,419.252258461955,316289
2024-12-02,420.5897846320861,420.73954295435266,419.85680514006134,420.1696150170691,812337
2024-12-03,421.94514390044105,426.240572559242,419.56388797754505,421.5236202801609,1043556
2024-12-04,435.9422155456876,436.8042511525951,435.14288207916854,435.5067088368508,443267
2024-12-05,446.5881402302109,446.1532909633797,445.9599334775936,446.14199823197896,1163863
2024-12-06,441.2198989783246,442.88387320193965,439.36217810037124,440.7791198584662,95780
2024-12-09,436.43653753217427,438.9090168964905,434.26967030431166,436.0005369951791,1454096
2024-12-10,450.31736541174496,453.8925768770104,449.23492707853364,449.8674979138312,1777117
2024-12-11,448.1631988795595,451.77442508194315,445.88921282802386,447.7154833961634,1871790
2024-12-12,459.69933272792497,460.8092815079105,458.53898231114476,459.2400926352897,719121
2024-12-13,473.3510322917101,476.45795600233805,470.97312479072366,472.8781541375726,1651854
2024-12-16,469.16639203993145,468.9268407444929,467.06343092575725,468.69769434558594,72551
2024-12-17,467.3230681528824,470.07359084696145,466.4935049477346,466.85621194094153,852647
2024-12-18,468.4506181119431,468.07851420208567,466.6936959005575,467.98263547646667,1251609
2024-12-19,461.599115052861,461.7758622317066,458.6338493167091,461.1379770757853,1031649
2024-12-20,453.899772188237,454.5474231270431,451.52118200018964,453.4463258623747,982415
2024-12-23,451.04036423138194,452.84856081243765,450.28710319726633,450.58977445692506,156574
2024-12-24,458.3789624363983,460.08996381715275,456.63258430028685,457.92104139500333,1394867
2024-12-25,455.106021748774,455.64300365034603,452.78370118629545,454.65137037839565,1790862
2024-12-26,453.8353748766187,454.9225017147626,449.1365503392237,453.381992883735,752211
2024-12-27,450.4531635506369,450.73378907611544,448.03270410306055,450.00316039024665,886415
2024-12-30,439.8020859401614,441.53005169708064,435.72470939301115,439.3627232169445,323382
2024-12-31,451.9584742760281,453.77896236116135,450.6126034582912,451.5069673087194,1159542
2025-01-01,433.3204258936912,434.38529700772085,431.75611791379777,432.88753835533595,1297177
2025-01-02,428.61825165497817,429.77700157343156,425.8959732297154,428.1900615933848,1858024
2025-01-03,433.32400144045243,434.7959158426931,432.7267944752798,432.8911103301224,826872
2025-01-06,422.8361107334901,425.3446350114948,422.06449979557595,422.4136970364537,1577184
2025-01-07,427.8286374229138,429.92036522948126,427.12076530245275,427.40123618672715,1759426
2025-01-08,437.8670874860586,440.9323187555339,436.6490143961765,437.4296578282304,1363835
2025-01-09,431.49451041369,431.2872224512203,431.00694018239955,431.06344696672335,686968
2025-01-10,433.5117561843704,434.9345352977192,432.6300671318464,433.0786775068636,923215
2025-01-13,425.2447102630093,428.64910566768845,424.5420669582169,424.81989037263673,483846
2025-01-14,429.5153302567731,429.2328271383156,428.06438486972826,429.0862440127604,1827787
2025-01-15,430.5916841510373,430.68790594006987,427.8887264828334,430.161522628409,412581
2025-01-16,432.65585689624055,435.20056032351624,432.21653100821004,432.2236332629776,1266200
2025-01-17,443.6904497201489,448.1363161816841,442.9955513146077,443.2472025176313,549657
2025-01-20,447.85835072492563,447.9541634882856,446.39179625214507,447.41093978514056,135096
2025-01-21,459.11722630706544,460.8719581598733,457.082995809231,458.65856773932614,515072
2025-01-22,464.776441939303,466.59776273158667,461.50976922805955,464.31212980949357,904402
2025-01-23,455.1638634331567,456.0200802853597,453.9301644330411,454.70915427887786,1067642
2025-01-24,457.7202241386582,459.3630448856493,455.4397192799794,457.26296117748075,404119
2025-01-27,462.17005830385847,465.2800618751586,460.5349223212103,461.7083499539046,775757
2025-01-28,450.5648134205389,451.05852184307645,449.1283658087779,450.1146987218171,792757
2025-01-29,461.79008627012286,461.51660261318364,461.2257450337423,461.3287575126103,1940449
2025-01-30,462.775955940314,463.11255698287664,461.48459469755426,462.3136422980161,1314860
2025-01-31,466.2632707978142,466.2365144538428,462.32019580187847,465.7974733244898,447619
2025-02-03,459.1634257807422,460.2118139888265,457.7378790398844,458.7047210596826,237031
2025-02-04,460.1810483717919,461.3052582092351,458.1132566959561,459.7213270447472,1883596
2025-02-05,463.0834180216655,465.3824670464954,462.0689455649078,462.6207972244411,314242
2025-02-06,460.7850838327596,461.30849078838327,460.08120373100786,460.324759073686,704782
2025-02-07,461.8729008277318,464.70961634772925,459.6703862404173,461.4114893383935,314923
2025-02-10,444.6709844827523,444.2393131059799,442.6966722647894,444.2267577250273,992455
2025-02-11,455.9761014859907,459.0198229422224,451.76541923658584,455.52058090508564,1156410
2025-02-12,447.2447264377152,448.34498092058203,446.4298659685667,446.79792850920603,1920709
2025-02-13,430.0818387750146,432.1628046703178,428.69489602205607,429.6521865884262,864020
2025-02-14,423.0360269803267,427.37594828402325,421.6204113212199,422.61341356676,1572123
2025-02-17,417.06080349304403,417.30699691771076,415.3731532789784,416.6441593337104,976239
2025-02-18,421.5185614962829,423.44747319326655,417.9464414301191,421.09746403225074,1896132
2025-02-19,414.96482721651955,416.0431024786265,413.89089661749085,414.55027693958004,535913
2025-02-20,417.4611120568073,421.8226822365694,415.9209743857493,417.0440679888185,1100666
2025-02-21,410.6256530115704,411.74833304182323,409.6901021894936,410.2154375739965,230334
2025-02-24,427.30626120389593,429.9953673951823,426.36981748579785,426.8793818220739,669866
2025-02-25,431.8826550605267,432.92985803274,431.38573742175504,431.4512038566701,1158488
2025-02-26,447.47551827988895,450.2241727551643,445.47760240036195,447.0284897900989,1366471
2025-02-27,439.7022904013388,443.02150582896377,434.05634897240657,439.2630273739649,162365
2025-02-28,445.3458740427958,446.66933662753706,443.7857223356134,444.90097306972615,1386026
2025-03-03,438.0752195738734,437.86389720062385,435.4861604207668,437.6375819918816,1981110
2025-03-04,443.02353973697296,444.01209326594767,442.14187007154294,442.5809587781948,131018
2025-03-05,448.82019706124487,449.1661169554795,443.74789226823646,448.37182523600893,331477
2025-03-06,436.3320875956992,437.2636422263756,435.8860652919609,435.89619140429494,258881
2025-03-07,427.7861469403716,431.564736959037,423.67263596530495,427.35878815221946,1796591
2025-03-10,419.1763221063961,420.3247793050307,414.8670194487781,418.7575645418543,1895307
2025-03-11,408.1926355067005,409.21394170866336,407.4222233855648,407.7848506560445,657379
2025-03-12,403.17162193227506,404.8919428403884,400.50574571838206,402.76885307919594,1455818
2025-03-13,396.54694926078105,398.89017414020793,394.67493151827034,396.1507984623188,1507963
2025-03-14,386.56740342504605,386.55325356054794,384.770449923745,386.18122220284323,1654680
2025-03-17,387.57314450134925,388.84493035672256,386.17078293166986,387.1859585428065,762609
2025-03-18,391.7033921374769,392.4177257068829,391.2725292121431,391.3120800574195,416534
2025-03-19,382.75928714393,382.9926521480388,380.27024581242375,382.3769102336964,611639
2025-03-20,379.23746916943526,380.7895277875921,377.6822312351319,378.8586105588764,1950227
2025-03-21,379.60236382520094,380.058314728151,376.8515587907814,379.22314068451647,1729205
2025-03-24,378.3274068991093,379.28461336721045,375.5838386690028,377.9494574416677,636794
2025-03-25,373.86177994463884,377.25237607613786,373.3827680851001,373.4882916529859,295282
2025-03-26,379.6149055901354,381.41461683595384,377.41375457875256,379.23566992021523,323150
2025-03-27,385.70530986688186,386.59297315739195,382.0582552455726,385.3199898770049,1848211
2025-03-28,390.73039351589796,396.16435996300555,387.39442457501923,390.34005346243555,750638
2025-03-31,389.5733502646906,391.7162899804215,386.54680013548,389.184166098592,1885645
2025-04-01,403.80845296977526,405.6000159974144,401.0372347982513,403.40504792185345,735444
2025-04-02,416.77493123005564,416.9424721920564,413.1578005957563,416.35857265739827,1508362
2025-04-03,414.08353070082075,414.5369962067582,413.3470361994949,413.6698608399808,163563
2025-04-04,413.5080249455564,414.60119421960417,412.66814683356444,413.09493001554085,547861
2025-04-07,422.6716331525593,422.29745303480075,422.0779400763756,422.24938376879055,1700677
2025-04-08,416.9131890231544,419.9433009432129,415.97448297578677,416.49669233082363,740643
2025-04-09,420.2221446000081,420.5407841119247,416.99721717243546,419.8023422577504,1746829
2025-04-10,420.89044999421077,422.23767475918373,420.17517991559976,420.4699800141966,210046
2025-04-11,415.8806766485767,418.7279362608776,411.89088568962285,415.4652114371396,434977
2025-04-14,414.46014293465953,414.5056451343676,409.99937124947957,414.0460968378218,1318970
2025-04-15,403.04573479822466,403.27346284096853,400.9851566175473,402.6430917065182,1124164
2025-04-16,399.4066623830868,399.7958586243926,396.9791238107696,399.0076547283585,1415962
2025-04-17,385.35794473931946,386.98710986950937,384.3323146885971,384.97297176755194,1747730
2025-04-18,401.4583676848322,401.91912015442887,399.3635187866558,401.05731037445776,299138
2025-04-21,412.63423081899987,413.8747700090958,412.13230710899404,412.2220088101897,787172
2025-04-22,422.06145818665294,422.27215508465184,420.8636172572644,421.6398183682847,402721
2025-04-23,424.6623276114086,426.16443292788,423.7663323915875,424.23808952188676,1042606
2025-04-24,432.6014864289321,433.81983589865865,430.9619483659049,432.1693171118203,582933
2025-04-25,442.8175720613495,445.43594602790034,440.7221659121196,442.3751968644851,525848
2025-04-28,451.2300072545441,451.7983149162333,448.9964262929588,450.7792280265176,640957
2025-04-29,459.00707515268067,459.2592458916976,458.3332481686371,458.54852662605464,962547
2025-04-30,451.79145975135407,453.3878588011499,446.59703077289436,451.3401196317224,1644886
2025-05-01,455.59039910726176,455.21309582654726,453.4198768241727,455.1352638434184,659035
2025-05-02,451.5199202701145,452.63621458282796,449.40817330063044,451.06885141869583,1685461
2025-05-05,442.2329298085887,442.8701208990279,441.69027449326364,441.79113866991884,1657307
2025-05-06,433.4462009612052,435.3448698085282,431.4764772813775,433.0131877734318,1483199
2025-05-07,437.07433540872427,438.8102332910425,433.86011120043565,436.6376977110133,360398
2025-05-08,445.64960430889704,446.56530105726597,444.9475574863712,445.2043999089881,500765
2025-05-09,434.9716098211906,435.6967077407277,432.7234548170367,434.5370727484422,114292
2025-05-12,448.92290984618495,450.84211772263944,447.8063540026734,448.4744354107742,1100067
2025-05-13,461.0869405851419,463.5573652249963,458.4378304767547,460.6263142708711,1806487
2025-05-14,458.2257142496921,457.99587843109697,455.14945793652606,457.7679463033887,1861757
2025-05-15,454.69934506453046,455.6936201030573,451.32037136517795,454.24509996456595,385772
2025-05-16,454.390035405477,457.1788764146686,452.48370958931844,453.9360993061709,990750
2025-05-19,462.70211098803424,462.7244308908754,461.63868157902886,462.23987111691736,1120957
2025-05-20,459.80074062665034,460.31104677987446,456.4303929198913,459.341399227423,1975641
2025-05-21,450.92875916605294,452.1898521544844,446.7978077518317,450.4782808851678,1432626
2025-05-22,453.99335777282096,453.57648004697046,452.270835540217,453.5398179548661,569568
2025-05-23,437.3918219406822,438.0981208537574,436.6065435772341,436.9548670736086,687252
2025-05-26,438.76262120341715,441.5616701974969,434.54075100627443,438.3242969065107,1422126
2025-05-27,448.17681968315577,449.2013785693335,444.59995262025984,447.72909059256324,1861608
2025-05-28,450.90551301051386,454.2187199223165,448.50274095384464,450.45505795256133,1221597
2025-05-29,457.50186398177044,459.5629340806072,456.60285097360713,457.0448191626079,708874
2025-05-30,461.8325480168677,463.03824219526734,460.9067139287914,461.3711768400277,430186
2025-06-02,468.149153365856,467.87663821607305,466.7827576014467,467.6814718939621,434126
2025-06-03,469.63994690803696,471.8126438868941,465.88407863303297,469.1707761319051,379560
2025-06-04,462.89475059774315,463.9539049318682,460.48016644361905,462.43231827946374,177403
2025-06-05,461.28556264978835,460.88269911632034,460.64413478608867,460.8247379118765,1917108
2025-06-06,460.93642060428436,461.9152389447982,460.26300358029516,460.4759446596248,1804546
2025-06-09,471.6399761572129,471.2968348338193,468.0616242901735,471.16880734986313,780453
2025-06-10,485.71012630889544,487.0000622412741,483.9406241091102,485.224901407488,471271
2025-06-11,489.6603280794116,491.72932189019554,489.0407020404099,489.17115692248916,1140079
2025-06-12,483.30074834210643,484.38736615715095,482.19833036966105,482.8179304116948,1800070
2025-06-13,477.22447179304066,479.7023050855938,475.78161209372934,476.74772406897176,1067421
2025-06-16,475.8819207057902,476.19310234857943,475.1591233247801,475.40651419159866,939877
2025-06-17,488.0455475659696,488.55088510945166,485.80644287467373,487.5579895763933,1718514
2025-06-18,491.2589130316294,494.0345626271421,490.7482747759611,490.7681448867427,1869145
2025-06-19,491.045622130985,492.6975732265761,487.4930515252304,490.5550670639211,1937732
2025-06-20,484.5596944702286,485.00011135938075,482.3709631878173,484.07561885137727,219418
2025-06-23,492.52810700707596,494.8801339386365,491.5703932499188,492.0360709361399,820154
2025-06-24,495.37024573883997,497.66773571218795,491.56220235893556,494.8753703684716,1717745
2025-06-25,495.19578790464146,495.23951932851156,494.4266470129135,494.7010868178237,386074
2025-06-26,496.39587038482955,497.14357361657756,494.265265119408,495.8999704144152,1959702
2025-06-27,511.74398961145164,515.5470995008674,507.96390421406244,511.2327568545971,1568741
2025-06-30,510.55419797243195,510.6074796833204,508.26149664967954,510.0441538186134,1436188
2025-07-01,526.3579345229837,528.3281873957818,524.5751183923039,525.8321024205632,1393141
2025-07-02,538.4236130040582,538.7877606723825,533.2240621739608,537.8857272767815,310606
2025-07-03,539.2333839329114,539.941652970364,535.0416580431597,538.6946892436678,1031339
2025-07-04,548.1153949547133,549.19834564245,545.7194948661178,547.5678271275858,1995171
2025-07-07,547.2021260820541,550.1148764268165,544.88259228018,546.6554706114426,766953
2025-07-08,539.3503487187513,538.8418009844505,535.149051500394,538.8115371815699,1612353
2025-07-09,537.0524947852057,538.0016288138548,536.4409774022655,536.5159788063993,1239849
2025-07-10,528.5840237400607,530.2061014855082,527.17290936686,528.0559677722885,459560
2025-07-11,533.7471799576599,535.5162777988832,531.5914381150129,533.2139659916683,632498
2025-07-14,534.1885503977918,534.2057392479431,532.9257030932027,533.6548955022896,1942420
2025-07-15,539.9485805581163,539.782044716906,535.2109178155064,539.4091713867297,349497
2025-07-16,548.2865507282811,548.4880431347336,543.8960328905657,547.7388119163647,218175
2025-07-17,517.8004023558266,517.7142252917662,514.5062218739035,517.2831192365901,299118
2025-07-18,520.9946082116371,520.9478022259168,518.8277072270422,520.4741340775596,303167
2025-07-21,504.39136076689425,506.30061600684763,502.53533497610516,503.8874732936007,1087411
2025-07-22,506.18759159165444,507.4527929939206,501.8046607396475,505.6819096819725,79168
2025-07-23,498.4777558369696,498.9941442748612,495.81883669604105,497.97977606090876,1987520
2025-07-24,499.6930960447036,501.8780311950811,496.9877754793271,499.1939021425611,1205071
2025-07-25,512.2553668406738,515.0867285964699,510.98977019629274,511.7436232174564,1426694
2025-07-28,496.7962411661174,498.4790322039075,493.77820540030916,496.29994122489256,837527
2025-07-29,498.78027062891204,500.8953729494851,497.1690122398526,498.28198864027183,875501
2025-07-30,498.35638776009904,499.6407035768555,493.5141127654222,497.8585292308682,217190
2025-07-31,481.6623953713337,481.34139180126874,478.03082276454904,481.18121415717656,714851
2025-08-01,487.55095167460337,488.15555391356895,486.93928339224374,487.0638877868166,1011478
2025-08-04,488.125195427433,489.55735668334154,485.94347305190865,487.6375578695635,216107
2025-08-05,483.929531317236,487.64765547833645,481.37551065495785,483.44608523200407,1767892
2025-08-06,477.9141788821784,480.02003473672306,476.14395246365393,477.43674214003846,1019908
2025-08-07,505.81852092023473,506.73147363214144,501.72741573299857,505.3132077125223,229610
2025-08-08,502.51663533066,502.44937272011686,498.9954032221547,502.0146207099501,643494
2025-08-11,486.5145002980631,486.6107502942026,484.7092853454877,486.02847182623697,1295805
2025-08-12,478.63571556322864,480.7958918531693,474.1857763404686,478.15755800522345,1391383
2025-08-13,475.7460859695083,477.11900778172566,473.7534252039241,475.27081515435395,378858
2025-08-14,472.7216120078397,474.7057435589353,471.90010234801207,472.2493626451946,737992
2025-08-15,472.31623818089355,472.5858435888606,466.80720098237344,471.84439378710647,1045985
2025-08-18,463.6804719808504,463.6628702341425,462.94912989495737,463.21725472612434,1650637
2025-08-19,468.46081128776206,471.3473682550649,467.0288883757303,467.99281846929284,718273
2025-08-20,464.64466701083904,466.09180586641673,462.6240457727216,464.1804865243148,1362758
2025-08-21,453.5251486107631,453.31406050707693,451.2442700230174,453.0720765342289,587863
2025-08-22,447.1219503026617,446.9626126489594,443.234745052564,446.6752750276341,1146715
2025-08-25,444.27728181143095,444.49994683830704,442.2578548771407,443.83344836306793,73870
2025-08-26,451.3133244523439,454.8264714883325,450.33599489060833,450.8624619903536,1142041
2025-08-27,455.50298389383937,455.0577715261278,453.95959027373385,455.0479359578815,1177906
2025-08-28,452.98748158749936,453.40742601875223,450.60191180272744,452.53494664085855,1642710
2025-08-29,453.402585171986,456.77988677586586,450.688499305792,452.9496355364496,914723
2025-09-01,455.41320343237015,456.1597171797631,450.9486823458391,454.958245187183,348345
2025-09-02,472.381389095623,473.2097078944852,470.9133111973111,471.90947961600705,1398122
2025-09-03,467.39521169230306,470.2077660632136,465.75769200827125,466.92828340889423,1522062
2025-09-04,471.58730983190213,473.5646335447147,467.2278305117995,471.1161936382639,410232
2025-09-05,478.01808484452073,478.11023636614397,476.137811367868,477.5405443002206,1745055
2025-09-08,470.08625652310917,470.6402738011594,469.05617185029485,469.616639883226,1968058
2025-09-09,471.95147901784367,471.7957785042052,468.75406998919806,471.4799990188249,864040
2025-09-10,473.6050164958485,473.5201333018088,472.80047655747984,473.1318846112373,88537
2025-09-11,469.8660799186472,471.2913686624592,469.21527227446467,469.39668323541184,1460117
2025-09-12,474.9304415168207,476.360028599446,473.51477728867116,474.45598553128946,432047
2025-09-15,483.98959232665,484.4676428298242,481.81115776868387,483.5060862404096,240250
2025-09-16,494.1078449841624,493.8435839008671,489.90738960852525,493.61423075340906,1301019
2025-09-17,492.6794617177216,496.08826406615304,489.0465637415891,492.1872744432784,1426057
2025-09-18,494.64013476660887,496.076389988893,491.8551030411062,494.14598877783106,311293
2025-09-19,515.8471939999962,516.6487624765454,513.7636230029497,515.3318621378584,259606
2025-09-22,505.88945302958285,508.0089659557791,504.1627168254957,505.3840689606223,558081
2025-09-23,508.1940201319402,511.07502581354487,505.63336063468313,507.68633379814213,596146
2025-09-24,516.6205656091068,519.3259144234877,514.4960800765031,516.104461147959,1028347
2025-09-25,518.306815083767,519.6916153016585,516.4052709749878,517.7890260577093,78345
2025-09-26,524.7179055528132,527.8484352433121,522.3151380098866,524.1937118409724,1524887
2025-09-29,526.6436951023841,526.5566515588577,524.5514417789211,526.1175775248593,1450342
2025-09-30,534.0839268723422,535.3884952668714,531.875489264149,533.5503764958464,1735748
2025-10-01,546.7139218134946,551.9904455060573,545.2202630797569,546.1677540594352,1666506
2025-10-02,544.8422225601213,545.4141433324959,542.1353841863624,544.2979246354859,667706
2025-10-03,547.0853073151953,551.0966300497687,545.9137590100344,546.5387685466487,1204012
2025-10-06,546.8488613272704,546.6917500447714,546.2261729522621,546.302558768502,1332568
2025-10-07,543.1830703063039,542.6905551426964,539.7654360998017,542.6404298764276,1347368
2025-10-08,543.2962833484493,544.8912523853049,540.5132045094853,542.7535298186307,95116
2025-10-09,532.5347756254514,534.4156054042045,529.7677040482782,532.0027728525988,1515892
2025-10-10,539.9706412372577,540.306590844449,538.3217238843182,539.4312100272306,1786740
2025-10-13,556.8209209577115,557.7784349500694,553.5935467272752,556.2646563014101,681268
2025-10-14,574.2176929591552,575.1747649204301,570.7646400324818,573.644048910245,1359873
2025-10-15,587.7274260997934,591.4855891365205,584.5980308775383,587.1402858139795,419079
2025-10-16,577.858056031967,577.886718828771,573.6540818923905,577.2807752567103,1809351
2025-10-17,593.9905222549553,599.5354384985229,587.7934630034106,593.3971251298256,367336
2025-10-20,586.6751920020694,588.2250765461939,582.8868793823249,586.0891028991703,460248
2025-10-21,586.444483170706,587.0006886182948,583.2921988175754,585.85862454616,657699
2025-10-22,606.262142455653,607.377414853686,604.7249716228002,605.6564859696834,1018488
2025-10-23,594.9053097865878,596.5947534446378,592.1275724694567,594.3109987878001,1023743
2025-10-24,604.2484451001176,604.8796458036212,601.9664201311085,603.6448002998178,1500247
2025-10-27,607.6471489828338,607.8177719700319,606.7657499939392,607.0401088739599,1494026
2025-10-28,606.3250016201326,611.1352271959132,601.7687855773087,605.7192823377949,99235
2025-10-29,597.1046697529017,598.0992350784647,595.3549448586774,596.5081615913105,732653
2025-10-30,601.9811577409315,604.8701795983592,597.3712419998235,601.3797779629687,1690155
2025-10-31,597.2938708901232,597.4922038529601,588.6618688976405,596.6971737164068,615006
2025-11-03,608.8672936869984,610.0731180739402,607.6965867822312,608.2590346523461,1430189
2025-11-04,622.627107461765,623.5603315882031,614.3447858340974,622.0051023594057,700530
2025-11-05,607.5186220702623,612.5858017868682,605.5975655298587,606.9117103599025,1586742
2025-11-06,602.3347205706899,602.9256177003687,598.633644163593,601.7329875831068,1233603
2025-11-07,599.2136630908268,599.4872185446833,598.3509451778338,598.6150480427841,366887
2025-11-10,586.804553753859,587.9671616533723,585.9440579998537,586.2183354184406,865803
2025-11-11,575.3263961169747,575.8754877860481,571.3721800147821,574.7516444725022,1565244
2025-11-12,576.5678753650556,576.7458777669459,572.8064589493171,575.9918834815741,370715
2025-11-13,574.7325584225301,575.9105143974973,573.4315347634086,574.1584000225076,1155615
2025-11-14,557.966770205365,558.2941173734762,556.8835123934215,557.4093608445206,1982666
2025-11-17,552.8756400467324,552.9463036131732,545.4154655222106,552.3233167300025,342329
2025-11-18,558.3502761757876,564.3588587504977,555.1844940818091,557.7924836920955,878058
2025-11-19,546.540793377083,546.4498325048387,545.9134782260732,545.9947985785045,307455
2025-11-20,537.761706678374,538.8741240714389,537.1986918436419,537.2244821961779,1333365
2025-11-21,553.432061454653,555.23217404371,552.0896395187923,552.8791822723806,1722555
2025-11-24,566.864807475031,567.3573299688935,563.5070602098889,566.2985089660649,1254120
2025-11-25,550.642973620374,551.4861613175876,549.958189539867,550.0928807396344,827072
2025-11-26,537.562076137876,538.3941958587866,534.3387110626261,537.0250510867893,172035
2025-11-27,541.5144323969336,543.8332063806498,538.1645477052999,540.9734589379956,580491
2025-11-28,530.2048109036475,529.9881234156823,528.4949617443915,529.6751357678797,1721518
2025-12-01,528.0901906483921,531.6598343234127,526.8517404837476,527.5626280203718,768044
2025-12-02,524.0971524294746,525.5266401922759,521.4965992566756,523.573578850624,127335
2025-12-03,529.6759733220382,531.473633317264,525.7720033940519,529.1468264955428,1385094
2025-12-04,505.86420975249604,506.0620307145025,504.0777974120198,505.3588509015945,477143
2025-12-05,486.0933849545297,487.5989425296521,484.61396374914074,485.60777717735243,315902
2025-12-08,475.6376940594883,475.4272936704306,470.16896698332556,475.16253152796037,57467
2025-12-09,484.5852129635635,485.25155143098556,482.06111129246165,484.10111185171183,365786
2025-12-10,483.51129976702265,483.59365986922774,478.51165536429295,483.0282714955272,1891280
2025-12-11,468.9159600150909,469.89137545320654,465.61620010094896,468.4475125025883,1316800
2025-12-12,473.3404788460779,474.84630253627853,472.4355960332456,472.8676112348431,1954910
2025-12-15,479.6359374553568,479.85866991955305,477.42353124381344,479.1567806746821,1793895
2025-12-16,477.78276670010405,477.9507923969422,476.66335788317934,477.30546123886523,1948863
2025-12-17,475.20842166016,474.83517624888776,468.73829804881365,474.73368797218785,1360166
2025-12-18,479.2188436945494,483.74875736422405,475.9079463362818,478.7401035909585,97576
2025-12-19,489.92087270299896,490.05432272426776,486.22881067127753,489.4314412617373,1892867
2025-12-22,491.54038883355776,494.3559924517464,490.736268571118,491.04933949406376,919162
2025-12-23,496.5332417811063,499.39389694072037,493.061364112142,496.03720457652986,602007
2025-12-24,496.3811478840698,499.648416458564,491.71604375436095,495.88526262144836,1533910
2025-12-25,493.2532940674906,496.8041454450175,492.34195675596436,492.7605335339567,740445
2025-12-26,485.39829044391666,486.8056048842236,479.19575503354747,484.9133770668499,759775
2025-12-29,487.91036990618505,488.6412440275102,483.70574042433446,487.4229469592259,776818
2025-12-30,485.54805189458324,487.31543414171836,484.95948542130753,485.0629889056776,601229
2025-12-31,483.6915027563335,483.7345715701661,482.319259697337,483.2082944618717,749469
2026-01-01,492.0577850439359,493.0044819010658,491.08188354337807,491.5662188251108,787282
2026-01-02,496.6564807749758,498.4206677643868,493.6482925596598,496.16032045452135,573955
2026-01-05,504.7140380829533,505.7212031079152,500.60184188375166,504.20982825469866,1534216
2026-01-06,490.68305430653794,491.27345330613343,485.7033234716292,490.1928614450929,1595839
2026-01-07,495.8905211176838,499.6890290151639,490.8272333064641,495.39512599169217,1145302
2026-01-08,490.9039496515952,490.5191073229957,489.73985748886525,490.4135361154798,602446
2026-01-09,484.0378880548307,488.89685644124916,479.74332023444475,483.5543337211097,956751
2026-01-12,476.88531732265926,482.85515010889054,475.8531949886069,476.40890841424505,861910
2026-01-13,487.5517883327961,490.19462342536826,483.53093420081586,487.06472360918696,942555
2026-01-14,495.0909837775187,494.70689139550694,493.11061679348387,494.59638739012865,971123
2026-01-15,488.98038593290505,490.8332607689433,487.2967823463568,488.49189403886623,506002
2026-01-16,479.2425883355393,479.13455913685374,475.1097051382313,478.76382451102836,1992713
2026-01-19,479.63027553666024,480.4575206408461,476.74380330012684,479.15112441224807,1370379
2026-01-20,475.93210067357404,475.6547095402511,474.3796169164705,475.4566440295446,692379
2026-01-21,490.4165896677433,492.2210925561022,487.76803714904486,489.92666300473866,754318
2026-01-22,477.7926624463644,479.49093476630304,475.75175871732813,477.3153470992652,1397449
2026-01-23,462.3238614576209,462.417156528083,458.61534154716884,461.8619994581628,1358190
2026-01-26,460.45525367725776,460.0265802804819,458.80799183943395,459.99525841883894,688910
2026-01-27,460.80294255190296,460.5749758088616,457.1642116730527,460.34259995195106,691198
2026-01-28,462.1618246415261,461.9528211422461,459.76414702978843,461.70012451700916,1610875
2026-01-29,468.6891365034758,469.5116209083107,465.31220210343116,468.220915587888,245435
2026-01-30,486.44395516247835,485.9836959148814,483.8717313721079,485.9579971653131,805973
2026-02-02,483.71970119756065,484.3997569644227,481.6145405909374,483.23646473282787,1452317
2026-02-03,479.2516684378277,481.90896187443883,477.6844497180095,478.7728955422854,91875
2026-02-04,464.34480486266284,465.66382443172864,458.1780988154407,463.88092393872415,1891890
2026-02-05,466.64011920317523,470.16511316452585,463.8326403543687,466.17394525791735,1070045
2026-02-06,474.070512113606,473.99074684628454,471.519590270419,473.59691519840766,647700
2026-02-09,472.11447298972416,474.9739724896664,470.4821027865862,471.64283015956465,708253
2026-02-10,482.4126560503689,485.11359361002445,477.79975827225223,481.9307253250439,725904
2026-02-11,482.94670699567195,483.28514116011087,478.9045331753184,482.46424275291906,566195
2026-02-12,496.38671772788376,503.2550377751824,493.40407721611246,495.89082690098286,1487840
2026-02-13,499.6421351145501,499.7176078306797,497.15701006827135,499.14299212242776,620606
2026-02-16,490.4152096972062,491.3574193970367,488.7247872586395,489.9252844127935,1029933
2026-02-17,485.0692206461516,485.4705698003873,483.9915823741688,484.58463601014154,53786
2026-02-18,471.95022886257146,474.33813657392886,470.5575468386749,471.47875011245907,199933
2026-02-19,457.4588523878721,458.37332492475,455.77337138359655,457.00185053733486,1474830
2026-02-20,459.91371016904196,459.70587311953506,458.7418693368493,459.45425591312886,799301
2026-02-23,467.3710211014226,471.49805684489513,464.894396619139,466.90411698443825,1118021
2026-02-24,484.07417744425396,486.287547655742,482.97137191093327,483.5905868573966,704850
2026-02-25,483.865393828527,483.77847379650876,482.37791583765323,483.3820118167103,1290841
2026-02-26,482.07429766994153,483.1736569362272,479.3151955001953,481.59270496497663,1781348
2026-02-27,472.72165058881995,474.6798836896003,470.55973694250616,472.2494011876324,1160529
2026-03-02,481.38826902249104,482.39458462159234,478.9657859155947,480.90736166083025,1024702
2026-03-03,485.0309360872693,485.64102374859704,480.12180961093,484.5463896975718,793057
2026-03-04,480.10761552430563,484.1900125728168,476.95105636976194,479.6279875367689,1426785
2026-03-05,486.3275918364506,490.551231785973,484.7539402623301,485.8417500863643,944505
2026-03-06,491.51481232663474,491.61428632355126,488.37736276267333,491.0237885380967,234229
2026-03-09,475.2469947271631,475.3338459748204,471.7450080874878,474.7722225046585,978807
2026-03-10,481.86733439423074,482.557575959757,476.09813325071457,481.385948445785,1892265
2026-03-11,483.31861945019034,488.3459161665896,480.42932715424206,482.83578366652387,1839135
2026-03-12,480.1844185939678,479.72909647232785,476.7906388915458,479.70471388008775,932020
2026-03-13,476.8492397063923,479.5340770644637,472.95907891858747,476.37286683955284,729356
2026-03-16,492.1241824230961,493.19197103759717,486.1831189024314,491.63254987322296,1974102
2026-03-17,506.00658854440036,505.7855043715941,503.79649049748855,505.5010874569435,347232
2026-03-18,522.9217706260728,523.0499192734092,522.1421339277204,522.399371254818,956499
2026-03-19,512.4036339638259,513.4841537341833,510.7537635116705,511.8917422216043,213397
2026-03-20,506.65493540999455,507.49901814130897,502.7645952620498,506.1487866233712,1063139
2026-03-23,515.1974166951006,516.7575718906535,512.9401815664446,514.6827339611395,707652
2026-03-24,504.28007846228826,506.8447022105832,500.688723397293,503.7763021601282,1340080
2026-03-25,498.0260839767985,498.47450246865276,496.1351259852831,497.5285554213772,1166065
2026-03-26,482.13167853693614,484.7899585067769,478.1547450319376,481.65002850842774,629059
2026-03-27,498.4843685282025,499.5611188073908,495.5210797896923,497.9863821460565,1185864
2026-03-30,508.2996045860584,510.0628008056486,506.6025363703836,507.7918127732852,1079887
2026-03-31,512.7802963201689,512.9193485691595,512.0205808933022,512.268028291877,1469398
2026-04-01,515.0918123511492,517.1209400017752,512.0248248523341,514.5772351160332,1064432
2026-04-02,511.51370604206113,511.23151855231436,510.53676118203555,511.0027033387225,1335819
2026-04-03,508.1377297694738,508.9920003698508,505.32468508955844,507.63009966980405,863155
2026-04-06,514.0545745213001,514.9753554213959,509.5018504789145,513.5410334878123,212566
2026-04-07,507.7573112524412,507.43790045350875,499.519359732136,507.25006119125,1588082
2026-04-08,519.2605208539597,521.4376036110411,517.8678160033368,518.7417790748849,809945
2026-04-09,514.948269871415,515.2724022845308,513.254753232108,514.4338360353797,243943
2026-04-10,507.14119206140253,506.91794634487843,505.7196707363743,506.6345575038987,772252
2026-04-13,519.2750727288792,522.5558199529739,516.1377370605533,518.7563164124667,1562701
2026-04-14,518.221052131332,517.9471083666756,516.6101680900567,517.7033487825496,270094
2026-04-15,523.6880635107076,526.1226408885989,518.1086518153231,523.1648986120955,523431
2026-04-16,520.070923049725,521.6048825590437,519.2827494789838,519.5513716780471,1197526
2026-04-17,499.29927776681234,499.94405830924245,496.9898093878969,498.80047728952286,188326
2026-04-20,504.49771879968756,505.33621371527516,501.8632462611739,503.993725074613,1560541
2026-04-21,492.55198109425555,494.4624099592067,487.2229258617072,492.0599211730825,1063144
2026-04-22,502.4236889389255,502.18339980444796,501.82059453471174,501.9217671717538,133642
2026-04-23,488.6809443361486,491.45447270337024,486.6984584730989,488.1927515845641,808677
2026-04-24,472.55164262983527,474.99014506486816,469.1998619498729,472.07956306676857,1083424
2026-04-27,475.4338886687449,477.14795899949365,472.4008527434513,474.95892973900595,254444
2026-04-28,479.34038260627597,481.06344353062826,476.6540810804588,478.8615210851908,283068
2026-04-29,480.530193553049,484.2913059301472,477.75543088632617,480.0501434096394,741658
2026-04-30,470.30326198216414,473.18397115728493,467.85111505240434,469.8334285536106,1563950
2026-05-01,478.0893204119075,478.60171336616844,476.4433759443585,477.6117087032044,964424
2026-05-04,465.7533879133245,468.0136263363808,462.93929154276594,465.28809981351105,1139081
2026-05-05,462.12288317691286,462.0339832064001,460.36563173303335,461.66122195495797,859808
2026-05-06,455.8267012730812,457.74251227954466,455.2020864538011,455.3713299431381,178551
2026-05-07,452.98401124670556,452.5971328290766,451.3442491079993,452.5314797669387,614853
2026-05-08,460.19183383339663,460.11389180732226,457.9890012211061,459.732101731665,1055796
2026-05-11,455.19803511412664,455.78579962031915,453.25835741795805,454.7432918223044,1589032
2026-05-12,460.07814645991425,460.7572968044883,458.7146128440053,459.6185279319823,519864
2026-05-13,466.08513671797664,469.07218954056947,463.072525291014,465.61951720077593,109113
2026-05-14,451.99217170307196,452.88843107705577,451.26519474941745,451.540631072,454175
2026-05-15,442.75497560132686,444.2246482480314,441.5124689909377,442.31266293838854,1810223
2026-05-18,439.9485655950603,439.6680128725118,439.2580461760186,439.5090565385218,1351028
2026-05-19,435.5066849344387,435.1613394413693,434.7825012260687,435.07161332111764,809481
2026-05-20,438.16323697668383,442.45390997795096,437.3230914920885,437.7255114652187,838829
2026-05-21,423.17451668924446,427.3203335935578,422.28787548640986,422.7517649243202,752369
2026-05-22,428.9011108406748,429.9418017008821,424.03738762270206,428.47263820247235,1860025
2026-05-25,434.8903495435802,438.37633887964864,432.05491094209765,434.4558936499303,235958
2026-05-26,433.81769725516676,434.08210860121073,432.03375118654156,433.3843129422246,1837165
2026-05-27,423.2615105309697,423.3428964426499,422.3212313211116,422.83867185911066,659339
2026-05-28,423.54184801812795,431.0800819561254,421.3684201193695,423.1187292888392,1713854
2026-05-29,419.6821077843135,419.9579111221182,417.1681923796291,419.26284493937413,1209225
2026-06-01,424.1984482927499,427.5183831153,421.8585602856437,423.7746736191308,850101
2026-06-02,423.78453829907727,426.05921596630293,422.2936223342348,423.36117712195534,1667245
2026-06-03,429.57763401985704,430.1094841648492,426.6201416117434,429.1484855343228,1814212
2026-06-04,426.46836160395713,427.0287471578146,422.5370501581424,426.0423192846725,1070575
2026-06-05,437.78209158763565,440.9348729587348,434.7464607759563,437.3447468407949,190533
2026-06-08,419.86635425930547,419.7825238916225,418.1475367576443,419.44690735195354,1927197
2026-06-09,412.42240362464145,412.4127264784812,409.5442929902977,412.0103932314101,1562743
2026-06-10,416.2977089182359,416.8933519305598,413.1977726329305,415.8818270911448,889057
2026-06-11,405.20975967483946,407.8448817957906,402.39898097039315,404.8049547201194,750013
2026-06-12,410.8051358738526,412.0699136733955,408.6729212713069,410.3947411327199,110196
2026-06-15,402.0389116868113,402.2833491679193,400.0219387671819,401.63727441239894,1738080
2026-06-16,402.9392315779933,403.6008407255487,402.3771168686189,402.5366948831103,819998
2026-06-17,396.53097191904027,397.96117027150376,395.12221070583985,396.1348370819584,107908
2026-06-18,393.6046244350444,393.86478534806787,391.0811730725136,393.21141302202244,191967
2026-06-19,395.0629501366607,394.9323089452474,392.15029870905096,394.6682818548059,1171642
2026-06-22,394.5401259091961,394.4657281031435,392.1121608957785,394.14597992926684,1645983
2026-06-23,392.0537601017218,392.983322317668,389.864059526101,391.66209800371814,185715
2026-06-24,407.4684957890401,407.2505438131189,406.54873184729644,407.06143435468545,1773125
2026-06-25,407.7594834977432,407.6612230906643,405.5356273403583,407.35213136637685,624529
2026-06-26,400.86938441680434,403.3019741332491,399.9049296948524,400.46891550130306,231878
2026-06-29,407.7878456910708,409.53334174219145,405.1049265308861,407.380465225845,1151174
2026-06-30,414.0407559434989,414.25917297742757,411.4934019738227,413.6271288146842,377945
2026-07-01,423.38750177398475,426.3346684939261,421.0725191550759,422.9645372367481,320949
2026-07-02,437.2460221656494,437.3630794799057,433.8305080365412,436.8092129526967,237673
2026-07-03,430.098698523166,431.1063529274061,427.8811555323788,429.6690294936723,1403791
2026-07-06,438.5429192492462,439.8992930189533,437.9698384190331,438.10481443481143,1004279
2026-07-07,447.7850415802335,448.74176295351685,444.8562978484327,447.3377038763572,1049909
2026-07-08,448.0395540688618,449.1262767099961,445.9861416349644,447.5919621067551,539936
2026-07-09,450.2684471606539,451.76597711493446,446.7859140386431,449.81862853212186,486163
2026-07-10,426.1843722814656,427.2166872729779,423.8312387031088,425.7586136677978,701483
2026-07-13,422.02086326427775,421.68672032944,418.0133507006769,421.5992640002775,1098933
2026-07-14,435.8400048888238,441.30280914651667,434.3492759935684,435.4046002885353,692480
2026-07-15,422.0668573707514,426.1112026113542,419.68185603504094,421.64521215859287,919402
2026-07-16,418.2342128742868,417.89187749900225,416.8436448054839,417.81639647780906,303092
2026-07-17,420.6368309494731,420.75613790189436,418.82081524738,420.216614335138,115627
2026-07-20,425.23101140230796,426.77520836324936,421.9898246697761,424.8062051971109,1653866
2026-07-21,437.957999412966,438.3636723397143,436.15460425510383,437.520478934032,1433528
2026-07-22,424.3072864309188,429.1191252370289,423.56054926028463,423.88340302789095,1896129
2026-07-23,424.8723017608873,427.20013919550746,422.84633463954873,424.44785390698036,1443495
2026-07-24,431.6855197401286,433.6294151992773,431.1915439710742,431.254265474654,1649172
2026-07-27,421.72055490979966,421.4664604777135,418.96233885662417,421.29925565414555,1824766
2026-07-28,421.6562075787462,424.1381148001259,420.615428633601,421.2349726061401,1205327
2026-07-29,436.1983511420867,438.1763338250042,434.2441422166778,435.76258855353325,1886087
2026-07-30,446.78006047428084,447.4806154144689,443.25055402208017,446.3337267475334,1724652
2026-07-31,451.3697396433809,452.7901870931612,450.45740921593557,450.9188208225584,772195
2026-08-03,430.38482592349436,431.70744681345394,427.7829943625352,429.95487105244194,1318874
2026-08-04,429.61693519449807,430.50950833873816,428.6500321729223,429.18774744705104,1304054
2026-08-05,432.84653487420684,433.44332113170464,431.2397335874532,432.41412075345346,1353795
2026-08-06,430.6863182212533,431.10107054712597,429.1902332522669,430.25606215909426,1235133
2026-08-07,430.4209805748696,430.1803280865489,428.28234782652277,429.99098958528435,1725751
2026-08-10,454.55186564433365,454.3929143751124,451.2786345151704,454.0977678764572,152155
2026-08-11,453.05247643127694,453.9393920669797,452.4799168890215,452.59987655472224,131563
2026-08-12,445.3997323080782,446.3686438117295,443.14406076421756,444.95477753054774,1461516
2026-08-13,447.59708289743014,447.4985352023265,446.1377161793599,447.14993296446573,409367
2026-08-14,445.30525264872244,445.28600236343283,442.49497780736834,444.860392256466,581469
2026-08-17,443.07265101644083,442.77228617786875,441.7923635164141,442.6300209954454,1050881
2026-08-18,442.626942488495,443.9925924723683,439.23647749741565,442.18475773076426,878482
2026-08-19,449.0426277246354,452.3724274403496,447.58649104318044,448.5940336909445,1384077
2026-08-20,451.2146129454754,451.855335251771,446.8687306502631,450.76384909637903,1260284
2026-08-21,441.71015943322567,442.87041686424914,440.7543427297942,441.26889054268304,1797270
2026-08-24,440.9032152779829,440.84968246289867,439.1346898326036,440.46275252545746,1033664
2026-08-25,444.9162675199185,447.1086965913324,440.2403906958103,444.47179572419435,552982
2026-08-26,441.42045610357115,445.8239618166145,440.96170550291305,440.97947662694423,595907
2026-08-27,450.7974678613208,454.8736218310042,450.2842672158041,450.3471207405803,594358
2026-08-28,457.35662985049,457.44687549707817,455.5590165473287,456.89973012036967,1752624
2026-08-31,449.4571628118246,451.8179830642123,448.38090991300004,449.0081546571675,430414
2026-09-01,452.2968849498714,452.0712721828612,450.6651884188176,451.8450399099615,232902
2026-09-02,468.7015891113806,473.4175720558061,466.231820974716,468.23335575562504,1197577
2026-09-03,482.1275994653997,482.7875239611608,481.5795246788963,481.6459535118879,1225390
2026-09-04,481.9101251193382,484.44291493039754,479.5904414376451,481.4286964229153,1539847
2026-09-07,489.96710088875824,490.67369553162234,486.2188648354316,489.4776232654928,410506
2026-09-08,484.2993015458973,486.95516632438296,481.12299412521094,483.81548605983755,1966729
2026-09-09,471.94794162051284,474.8334120207494,471.38769613640636,471.4764651553575,1853412
2026-09-10,476.92207267250484,476.94220341525613,474.91536512914865,476.44562704545945,1550129
2026-09-11,479.3064419364037,479.5984636748931,475.6624163630545,478.8276143220817,1876072
2026-09-14,484.01157196921156,488.66220415898556,479.4937584002106,483.52804392528634,712328
2026-09-15,484.06831676946047,484.3577364058953,478.6753643338093,483.5847320374231,1441629
2026-09-16,487.1805461275498,489.79758771140484,483.1329062415301,486.6938522752746,663811
2026-09-17,482.9563792970105,484.1700492544303,479.21331512345404,482.473905391619,1774101
2026-09-18,487.34185366997906,488.871309345806,486.55401964605466,486.8549986713078,335468
2026-09-21,494.92356493636584,496.8214079211155,488.84963125720964,494.42913580056535,1544431
2026-09-22,494.6812727139633,495.6411087192721,489.1125032513221,494.18708562833507,977828
2026-09-23,502.20856467481275,506.08997456092936,498.4162945294687,501.7068578169958,1325488
2026-09-24,486.4818323021034,487.466658239315,482.78201911594505,485.9958364656378,1674892
2026-09-25,479.87044687206117,480.8490661613024,478.89953947422987,479.391055816245,1507679
