Date,Open,High,Low,Close,Volume
2022-01-03,2394.9891547803554,2408.7111929611224,2378.523526946855,2392.5965582221334,664083
2022-01-04,2348.592265811711,2367.2253230514452,2333.205786964849,2346.2460197919195,1731482
2022-01-05,2434.5666126717406,2437.8500430001136,2421.868293873807,2432.1344781935472,1265443
2022-01-06,2496.0803286933183,2502.6689593329174,2492.8526772267496,2493.586741951367,1210886
2022-01-07,2488.4269459375337,2491.9643364744484,2480.600065972202,2485.9410049326016,704703
2022-01-10,2468.5829671176584,2470.3240329486675,2455.238475069873,2466.1168502673913,1522779
2022-01-11,2467.533958362446,2487.4244067417912,2460.6201435257444,2465.0688894729733,417000
2022-01-12,2416.3181610764705,2422.003096613163,2397.0200359124483,2413.904256819651,1995199
2022-01-13,2401.766018370387,2399.4986068039348,2390.948490851329,2399.3666517186684,249566
2022-01-14,2432.544347088648,2435.1093359294396,2412.604845869915,2430.1142328557926,625697
2022-01-17,2500.098181757418,2509.5471059489814,2486.9582612263403,2497.600581176242,912755
2022-01-18,2537.1052062918,2550.437980318691,2527.4005314665233,2534.5706356561445,230809
2022-01-19,2592.1818122188697,2596.956582552218,2575.8566805941277,2589.5922199988713,1095130
2022-01-20,2545.114082684226,2548.0920094287158,2520.6574274579584,2542.5715111730533,1514345
2022-01-21,2404.686838306589,2407.647035653736,2391.477164541997,2402.2845537528365,1721633
2022-01-24,2460.2257799545405,2463.952573225963,2452.8095725314606,2457.768011942598,1848000
2022-01-25,2467.2558135652953,2469.006973192141,2453.752509010376,2464.7910225427527,1850189
2022-01-26,2463.156098309979,2468.6690282370337,2458.618070858652,2460.695402907072,1178303
2022-01-27,2532.362400151625,2537.8202607129533,2515.7118135585793,2529.832567584041,1416009
2022-01-28,2490.316314216254,2494.1977225276037,2482.7368769718337,2487.8284857305234,641635
2022-01-31,2449.253505131177,2457.9587100357667,2440.62923044474,2446.8066984327447,603699
2022-02-01,2417.6996907984326,2423.400504475722,2406.826502135032,2415.2844063920406,805626
2022-02-02,2483.480812468483,2488.5338992307907,2472.2634981133915,2480.999812655827,1649595
2022-02-03,2522.7702964225214,2526.591782756233,2503.7987117550547,2520.2500463761453,60414
2022-02-04,2445.6711295307687,2443.3504999199768,2428.9430708723553,2443.22790162914,1431422
2022-02-07,2513.9343715805953,2531.957792418129,2497.064247348782,2511.4229486319637,1504388
2022-02-08,2513.884264535555,2527.6223550668956,2498.811137146963,2511.3728916439113,1280350
2022-02-09,2531.4908302846998,2542.6297765210093,2520.0397365786907,2528.961868416284,1961992
2022-02-10,2497.5528515626984,2510.9236604798575,2479.75635646121,2495.0577937689295,1006699
2022-02-11,2576.7870704985003,2585.2168151327323,2567.727806953999,2574.2128576408595,328079
2022-02-14,2595.31843642202,2603.868267074525,2581.0370868736786,2592.725710711309,1002743
2022-02-15,2652.836939007868,2666.4260359349933,2649.5393666641594,2650.1867522556126,1191491
2022-02-16,2607.072725464288,2610.9776944445653,2599.0566695221028,2604.468257207081,595854
2022-02-17,2637.439594090218,2636.056985409924,2625.8161744610343,2634.8047893009175,897386
2022-02-18,2640.8298558163706,2659.9393050091167,2630.3757261294854,2638.1916641522184,128621
2022-02-21,2629.99945929104,2635.2394785454803,2615.910611392789,2627.372087203836,1287352
2022-02-22,2592.862206896701,2599.5369664564732,2580.59660335586,2590.2719349617396,808296
2022-02-23,2561.2225773882706,2566.188000528767,2551.0430941881873,2558.663913474796,1941160
2022-02-24,2509.4774428210676,2516.984721007561,2502.95249023621,2506.9704723487193,1545053
2022-02-25,2480.404883612839,2496.9526332892588,2474.7864833843664,2477.926956656183,1655003
2022-02-28,2478.6738144647134,2482.9468005275985,2451.596085433588,2476.197616847866,603088
2022-03-01,2502.6594239863057,2502.1781073380675,2492.221189999936,2500.1592647215843,1272127
2022-03-02,2435.3420729186255,2433.7527700404794,2428.661461013356,2432.909163754871,109751
2022-03-03,2391.6176049984047,2402.773973191267,2370.5672236479786,2389.2283766217834,122206
2022-03-04,2365.939532957909,2367.425877034251,2355.9289794549873,2363.575957000908,505439
2022-03-07,2299.1161930288276,2308.276122194494,2285.7180286143603,2296.8193736551725,704537
2022-03-08,2287.142659578033,2287.2765789976643,2272.677343374217,2284.857801776257,185781
2022-03-09,2276.1628760274903,2275.626563736313,2268.881110775211,2273.88898704045,688173
2022-03-10,2268.0917322411706,2270.824278142245,2263.3270867472634,2265.825906334836,1272957
2022-03-11,2283.413916667293,2284.894617785781,2272.527568961009,2281.13278388341,1458677
2022-03-14,2319.5479443360923,2319.196344481214,2312.3321713773735,2317.23071362247,991272
2022-03-15,2350.6450377000883,2354.913661733505,2332.3221713283147,2348.2967409591292,318192
2022-03-16,2361.195085839013,2365.3755443666887,2355.064754700353,2358.8362495894235,1890742
2022-03-17,2384.391262955213,2389.788748889847,2368.2615184870465,2382.0092537015116,513186
2022-03-18,2351.2943061883916,2356.134991309036,2318.711176001804,2348.9453608275644,1990484
2022-03-21,2312.763634444997,2323.724021989564,2310.136925067354,2310.4531812637338,274750
2022-03-22,2337.681682225763,2344.1119547712315,2332.471536995405,2335.3463358898734,1325730
2022-03-23,2359.6017844984235,2357.272475717735,2352.1057047507115,2357.2445399584653,1395046
2022-03-24,2447.50935629312,2451.8875008333603,2443.870503821013,2445.064292001119,1676020
2022-03-25,2437.3803686350557,2438.773971959745,2434.1740215779732,2434.945423211844,54845
2022-03-28,2395.5164095376767,2403.7692270992434,2389.8364242464386,2393.1232862514257,773944
2022-03-29,2406.7881285677736,2411.2735543913077,2403.101370147346,2404.383744822951,784219
2022-03-30,2387.6144187260056,2397.2016096422835,2384.178033994273,2385.229189536469,1804186
2022-03-31,2350.5444208833746,2366.2204817539155,2330.2808856647757,2348.1962246587163,732477
2022-04-01,2404.7747846639386,2418.3866187565945,2390.4451756064677,2402.3724122516874,1927247
2022-04-04,2483.4020966305548,2481.7166866379366,2469.8205919413854,2480.9211754550997,1791380
2022-04-05,2498.5069325640566,2513.5523577384465,2488.3764748541935,2496.0109216424144,597694
2022-04-06,2469.868668287157,2486.958124062955,2461.6042885584598,2467.4012670201373,155881
2022-04-07,2479.9997866715794,2488.021427129531,2464.8428163566186,2477.5222644071723,1751417
2022-04-08,2477.0376795555553,2474.948110214498,2462.011821643912,2474.5631164391166,1487411
2022-04-11,2417.4412179085134,2420.892361432973,2403.1104867652616,2415.026191716797,579601
2022-04-12,2451.351526032047,2474.739169158499,2432.94957127525,2448.9026234086386,923530
2022-04-13,2465.1982372402595,2471.4861202317697,2437.402075459206,2462.735501738521,1811356
2022-04-14,2517.5688709890187,2519.7249738880832,2499.9544807003517,2515.053817171847,679004
2022-04-15,2493.0003291752987,2507.2661718210047,2483.908447564645,2490.509819355943,457368
2022-04-18,2491.6842288704247,2492.57795351306,2483.6424241311934,2489.195033836588,113856
2022-04-19,2486.1380466411406,2490.1712490842315,2459.130904568452,2483.654392248892,1516523
2022-04-20,2412.1345432818835,2417.945074184823,2409.150336385758,2409.7248184634204,815114
2022-04-21,2515.351031655547,2515.1918116661204,2498.370609857696,2512.838193462085,1350913
2022-04-22,2424.638994015197,2427.604836135428,2415.06929657996,2422.2167772379594,1937486
2022-04-25,2376.514235057437,2379.8863106133804,2371.157696555521,2374.140094962475,1771880
2022-04-26,2361.524115310857,2391.682551018487,2335.7980582987143,2359.1649503604967,1504465
2022-04-27,2297.720862962337,2297.7501525793095,2289.2800876900283,2295.4254375248124,475563
2022-04-28,2313.8482938277925,2324.4803608322395,2306.9231665639045,2311.536757070722,357289
2022-04-29,2294.978723816112,2293.5731500654647,2289.397361451018,2292.686037778334,926243
2022-05-02,2297.4997429968203,2308.1048534187566,2288.7345287705893,2295.204538458362,299083
2022-05-03,2306.335552287565,2308.874085889299,2274.8437246702274,2304.0315207667986,785971
2022-05-04,2308.9560690922744,2310.4300019554234,2301.623272507856,2306.649419672602,1102713
2022-05-05,2312.5328198019893,2317.780646729361,2291.607421881614,2310.2225972047845,1301573
2022-05-06,2306.2705718047946,2312.939044651629,2301.5312410183196,2303.966605199595,1303884
2022-05-09,2322.924436032764,2334.144172079896,2299.133153228135,2320.6038322005634,125394
2022-05-10,2354.971229216031,2358.6092222532066,2339.069265852856,2352.618610605426,1860527
2022-05-11,2344.4102160695256,2345.0678909436724,2336.23486504305,2342.068147921604,1593481
2022-05-12,2326.237034590364,2330.4038987982135,2319.985217194904,2323.9131214688955,1895678
2022-05-13,2310.0734612978094,2326.2063784777656,2291.316393504471,2307.7656956022074,344263
2022-05-16,2322.165709558122,2324.1259122682086,2312.668358491093,2319.845863694428,1743271
2022-05-17,2307.366026887681,2310.1122633798636,2295.2838632942926,2305.0609659217594,695840
2022-05-18,2292.1317709116947,2290.2350406806972,2283.961487296603,2289.8419289827125,300202
2022-05-19,2232.6823216376815,2246.5147671361533,2224.3325965621643,2230.4518697679136,1307039
2022-05-20,2306.72815499039,2323.761041823007,2296.4522040749703,2304.4237312591313,916811
2022-05-23,2257.8125795389087,2258.162481282513,2237.0659809686863,2255.5570225163924,522164
2022-05-24,2323.1293547101427,2351.3621136684146,2304.22928221653,2320.808546163979,476635
2022-05-25,2355.1008177417725,2364.3165863702834,2349.481752097178,2352.748069672101,1337885
2022-05-26,2396.7873926775283,2405.0712654730432,2393.2782143894833,2394.3929996778506,1247144
2022-05-27,2407.7131342295193,2406.7590705950793,2385.7118275611933,2405.3078264031165,1640050
2022-05-30,2428.341759085225,2428.751159053171,2422.5495615214586,2425.915843241983,541948
2022-05-31,2440.7569347200515,2471.6735165968885,2433.0649553738804,2438.318616103948,1529569
2022-06-01,2465.944733511945,2471.6498469739436,2453.382573236209,2463.4812522596853,893130
2022-06-02,2501.9499815010518,2502.8297436242456,2480.6003667736586,2499.450530970082,1900789
2022-06-03,2568.027128019516,2569.660985883994,2563.4261395429403,2565.4616663531633,1792326
2022-06-06,2524.539599712702,2539.7192683050216,2521.9071840517067,2522.0175821305716,1636845
2022-06-07,2546.311413706191,2585.079308265136,2538.571726635864,2543.7676460601315,564789
2022-06-08,2617.818971950982,2618.2889704272134,2603.6813358336703,2615.203768182799,740461
2022-06-09,2681.4366760488206,2685.510791113171,2666.4147597887395,2678.75791813069,1761298
2022-06-10,2634.6334087032546,2637.6369743582736,2622.1419864398267,2632.001407295959,1767401
2022-06-13,2649.533650700868,2653.2953545604096,2640.197195082176,2646.8867639369314,1240165
2022-06-14,2663.047377104504,2670.209781732268,2638.739691477033,2660.38699011439,157701
2022-06-15,2675.2296984068244,2681.704037060139,2658.3122693646615,2672.557141265559,564963
2022-06-16,2571.8542007686347,2590.77547796125,2562.8485649980216,2569.284915852782,372792
2022-06-17,2611.1601152229014,2627.8818592590574,2602.3323679256,2608.551563659242,1379651
2022-06-20,2539.3700257057126,2547.5295275746976,2518.2047046150183,2536.8331925131997,1823034
2022-06-21,2636.446366781519,2644.1893986793016,2625.926374271572,2633.812554227292,1329316
2022-06-22,2667.42371174234,2664.860705545405,2662.9131112352175,2664.7589527895507,471341
2022-06-23,2663.9748854537193,2661.382783588303,2627.4929222003443,2661.3135718818376,811551
2022-06-24,2694.3298983283903,2698.8487077885375,2684.1498435861936,2691.6382600683223,1141633
2022-06-27,2702.190253457531,2705.0414732548074,2695.7897089971943,2699.4907626948366,1691022
2022-06-28,2678.4592050193983,2687.912483442585,2658.2852871991613,2675.783421597801,896358
2022-06-29,2675.409424751564,2680.2707898707504,2669.082450865201,2672.736688063501,1532086
2022-06-30,2692.817128831907,2700.9303402420064,2684.501645307065,2690.1270018300775,1615616
2022-07-01,2656.5876796050798,2660.0478127232686,2653.731968619844,2653.933745859221,1211180
2022-07-04,2690.832539850366,2695.9640415924773,2687.737322168777,2688.144395454912,1552893
2022-07-05,2744.342478591357,2743.5890992757645,2741.593331344373,2741.600877713644,1369151
2022-07-06,2796.930678707554,2805.928330052044,2785.503317333434,2794.1365421653886,872721
2022-07-07,2855.700852618703,2879.889416792106,2833.927361646006,2852.848004614089,1652556
2022-07-08,2921.7323722535302,2922.044242012255,2910.3322438195246,2918.8135586948356,503953
2022-07-11,2959.2091887438078,2963.433301257709,2950.9524993049786,2956.252935808,1170732
2022-07-12,3028.270775848249,3031.625869938097,3025.037682491325,3025.2455303179313,1607799
2022-07-13,3033.38340523508,3039.626989876009,3014.590131577243,3030.3530521828975,1473363
2022-07-14,3056.839982872443,3061.2468115294846,3049.409666940705,3053.7861966757678,1461091
2022-07-15,3134.180568670835,3146.1172471003033,3120.266747559676,3131.0495191516834,1005285
2022-07-18,3241.862795456596,3243.3523479058485,3238.5228679319252,3238.624171285311,1418326
2022-07-19,3224.1826314301215,3235.3014951724017,3194.9044531066565,3220.9616697603615,919998
2022-07-20,3144.9155763954736,3150.3226110668998,3116.8904573106074,3141.773802592881,1899792
2022-07-21,3264.386741501266,3276.4941641121513,3238.122995836359,3261.1256158853807,762779
2022-07-22,3332.337618193103,3341.221025936189,3326.584027247913,3329.00860958352,905042
2022-07-25,3440.5565940528368,3443.8404177091807,3396.3121133619784,3437.119474578259,777393
2022-07-26,3497.1292260155737,3507.15049369436,3477.329529862127,3493.635590425149,826395
2022-07-27,3514.295451848596,3522.78911855292,3490.3017112928665,3510.784667181415,1662412
2022-07-28,3477.888950861789,3509.602676989396,3474.2965099566964,3474.414536325464,1807344
2022-07-29,3422.1733713866415,3429.9631778659973,3392.7233874345343,3418.754616769872,756066
2022-08-01,3511.279533045862,3510.60906986397,3502.040833424913,3507.7717612845777,691395
2022-08-02,3574.1196031157942,3602.6838649791384,3569.6997915882043,3570.549054061733,1149722
2022-08-03,3596.5988866774132,3603.8102701338894,3574.4635086144576,3593.005880796617,319764
2022-08-04,3529.40267780954,3551.857261442183,3504.8399711996394,3525.876801008532,787872
2022-08-05,3499.8033557808953,3497.507979193449,3458.9466006698003,3496.3070487321634,383435
2022-08-08,3464.5207696716097,3465.1643856872392,3440.8005238335145,3461.0597099616484,1205591
2022-08-09,3448.843972366916,3458.011167587944,3422.27420071068,3445.3985737931234,868347
2022-08-10,3277.785890408539,3288.0568671982296,3260.592182460646,3274.51137902951,293635
2022-08-11,3293.188306764524,3316.2705799295954,3287.217166921298,3289.898408356168,1690084
2022-08-12,3385.5420670857516,3391.200463723315,3377.950465342987,3382.1599071785736,108836
2022-08-15,3355.8572832416426,3354.678187648496,3349.3977883204243,3352.5047784631797,1377182
2022-08-16,3359.9523056087555,3358.1839672342894,3350.6083569863313,3356.595709898857,751862
2022-08-17,3378.679809319348,3378.136412911458,3360.8779501096114,3375.3045048145336,120789
2022-08-18,3322.2509402254113,3338.9133990228465,3306.8616761243634,3318.9320082171944,564308
2022-08-19,3349.7670399309072,3352.2422566283553,3330.334566649329,3346.420619311596,1252278
2022-08-22,3304.6766967968806,3304.7780964448707,3280.212445664307,3301.3753214754056,1721204
2022-08-23,3281.7840783875727,3292.1075742649964,3272.82214674309,3278.505572814758,1311896
2022-08-24,3298.792169132643,3305.069483206309,3280.4198014620097,3295.496672460183,1566803
2022-08-25,3298.1021193156935,3311.801567569518,3289.881280304235,3294.80731200369,1858212
2022-08-26,3306.161649116228,3308.7934854381265,3287.6706402159693,3302.8587903259026,1725290
2022-08-29,3255.430155058343,3294.0098695853917,3249.723827671536,3252.1779770812623,1946449
2022-08-30,3299.404854070926,3315.7584693623994,3266.9205427417523,3296.1087453256005,995440
2022-08-31,3239.254406763277,3267.6899617030576,3227.9441473636766,3236.0183883749023,1140408
2022-09-01,3289.698792816085,3292.995498961946,3285.5788853035447,3286.41238043565,1321706
2022-09-02,3264.471619770377,3276.8930458326367,3255.503691527938,3261.2104093610164,1327419
2022-09-05,3199.121903203893,3198.0534715514646,3189.5300580762773,3195.925977226667,1530081
2022-09-06,3196.637037987507,3202.30130313887,3175.0684531207844,3193.4435943931144,1884454
2022-09-07,3139.8872577783545,3150.2494920955405,3110.6622873732567,3136.7505072710837,675845
2022-09-08,3113.1131905853786,3114.655248876875,3106.342059750898,3110.003187397981,1741998
2022-09-09,3107.284521788503,3123.3191664728524,3096.502268628857,3104.180341447056,254911
2022-09-12,3152.3147749521167,3154.9746102173435,3148.659660927963,3149.165609342774,1124396
2022-09-13,3198.7587265780558,3206.4529654825988,3191.0976805274636,3195.5631634146416,1937908
2022-09-14,3228.1012033871493,3263.189359544421,3203.636265190442,3224.87632706009,1104789
2022-09-15,3214.5615185104234,3215.8783587325565,3210.892102503083,3211.350168342082,1869170
2022-09-16,3131.1264412606615,3136.544435024138,3113.5386631564525,3127.998442817844,964162
2022-09-19,3121.2450812830643,3120.061617245455,3080.835648409873,3118.126954328736,182285
2022-09-20,3106.082689840546,3103.204265682301,3102.784778618079,3102.979710130416,1601285
2022-09-21,3101.411259755592,3124.9424689111615,3095.4999692372116,3098.312946808783,389944
2022-09-22,3075.109006750894,3076.2660507739183,3059.2211113659087,3072.0369697811134,1733453
2022-09-23,3049.2191226800637,3059.9934770007594,3036.958658563173,3046.1729497303336,1676836
2022-09-26,3094.638750259442,3096.654170577057,3087.7658602680185,3091.547203056386,1934726
2022-09-27,3024.569825096537,3046.1499125781556,3009.2733041004735,3021.5482768197176,1336011
2022-09-28,3027.393228313099,3029.7450974865,3006.576136447864,3024.3688594536457,1183527
2022-09-29,3096.697972355573,3111.7078090723735,3086.3922015117705,3093.6043679875856,1595286
2022-09-30,3057.2022215409665,3081.6735337291593,3040.583114536421,3054.148073467499,1536754
2022-10-03,3006.606086471219,3008.9947235768473,2977.7608398658763,3003.602483987232,995272
2022-10-04,2997.092924218003,3009.681903258795,2992.5428052893435,2994.0988253926107,126626
2022-10-05,2981.350490312031,2998.114865095193,2976.4607541088076,2978.3721181938377,486155
2022-10-06,2997.3913846993732,2999.2163943682876,2978.9495552704175,2994.396987711662,1840156
2022-10-07,3071.004545914905,3079.2251365698057,3045.5144090789263,3067.9366093055996,400430
2022-10-10,3066.540372725268,3075.85094424329,3052.7254318802825,3063.476895829439,1650980
2022-10-11,3098.96255265805,3123.051750640872,3083.5094357053727,3095.866685972078,1822798
2022-10-12,3069.745932422145,3067.60554025415,3035.6143234004035,3066.679253168976,886423
2022-10-13,3045.759269625908,3047.4458876451627,2999.4100649988945,3042.7165530728357,1107700
2022-10-14,3063.787543251712,3063.7266918146747,3054.2587064153768,3060.726816435277,1642399
2022-10-17,3030.0372417785043,3031.587578702134,3014.0329668940417,3027.0102315469576,1077940
2022-10-18,3096.2454235828686,3106.0694692745965,3083.542984707521,3093.1522713115573,1000828
2022-10-19,3076.553113113011,3097.3814298584125,3054.9842370909796,3073.479633479532,1239484
2022-10-20,3070.120700945187,3073.820865516977,3025.8925728155286,3067.0536472978893,1623675
2022-10-21,3016.2122068826943,3035.678722843582,3010.643212080245,3013.19900787482,1383832
2022-10-24,2995.3970829321893,3002.5753225150647,2973.3817766836405,2992.404678253936,767807
2022-10-25,2944.8881163488436,2947.8444227784835,2929.1205419595944,2941.9461701786654,586088
2022-10-26,2921.80598909632,2921.2436139815613,2899.995883276766,2918.887101994326,1634547
2022-10-27,2832.7138961210085,2852.2332876532146,2825.4733853556672,2829.8840121088997,207939
2022-10-28,2834.280570345123,2835.4069280358,2831.2519000023303,2831.4491212238995,1571980
2022-10-31,2923.4443575833498,2925.3815269290144,2911.8484087939346,2920.5238337496003,1847213
2022-11-01,2829.070449976291,2833.000823213893,2825.792355306451,2826.2442057705207,1712141
2022-11-02,2917.697706930911,2937.4489496622755,2897.5289442126905,2914.7829240069045,400107
2022-11-03,2913.60492116443,2924.7312573377058,2901.233530056876,2910.6942269374927,1519120
2022-11-04,2961.172285989624,2959.42950909866,2954.894698199367,2958.214071917707,1492054
2022-11-07,2910.7146007699935,2932.3442982335055,2902.110731416574,2907.8067939760176,1510479
2022-11-08,3016.8651835786313,3024.3772929137917,3003.854099541266,3013.8513322463855,913668
2022-11-09,2961.7496299129766,2964.617716532701,2948.865830343995,2958.790839073903,1687720
2022-11-10,2959.841000385233,2959.9778746790007,2943.431488706482,2956.8841162689646,690024
2022-11-11,3043.151062237125,3057.427786432913,3023.4327087915904,3040.1109512858397,604696
2022-11-14,2976.757035248796,2974.5698411743174,2960.423872262656,2973.7832519967997,1849772
2022-11-15,2856.1793345300284,2857.8989039765565,2835.2429635467156,2853.3260085215074,812863
2022-11-16,2854.5068808887036,2865.8787547686215,2845.848265975026,2851.6552256630407,1466562
2022-11-17,2817.7480259497033,2821.3136016063822,2810.16003322527,2814.933092856847,1564682
2022-11-18,2771.2596884804116,2778.362699723881,2757.0217677421997,2768.4911972831287,1563833
2022-11-21,2728.3565886810366,2735.247572883286,2704.652255589402,2725.6309577233137,1129227
2022-11-22,2659.5346307222862,2663.383080527714,2648.818284627879,2656.877752969317,620370
2022-11-23,2727.22278132763,2728.9915160870914,2723.181286427127,2724.4982830445856,1672769
2022-11-24,2787.881131317237,2787.6261969257375,2766.444685420101,2785.096035281955,1446224
2022-11-25,2722.444216830589,2736.0690480909143,2711.5236514618487,2719.724492338251,542739
2022-11-28,2719.133933454881,2736.192020872641,2704.8476414923066,2716.4175159389424,757519
2022-11-29,2698.791762759412,2707.5163759396414,2694.429317894298,2696.09566709232,1349017
2022-11-30,2753.2409584309457,2770.3728635794464,2724.823210033686,2750.490467962983,1523431
2022-12-01,2714.1750719069846,2730.9030805570815,2707.4158991334393,2711.4636082986863,127290
2022-12-02,2793.9826554829115,2802.3907961076593,2768.970784248561,2791.191464018893,1745327
2022-12-05,2795.9737767630336,2814.2967638825103,2789.1258085284553,2793.180596166867,84683
2022-12-06,2758.702414035919,2777.581927155608,2752.76071639165,2755.9464675683507,218929
2022-12-07,2756.0969651321843,2763.1629002170857,2736.545106478894,2753.343621510674,1321786
2022-12-08,2729.280280450005,2733.5767988532534,2717.976586937428,2726.553726723282,1624095
2022-12-09,2840.3856110498737,2861.926206472541,2833.385408090247,2837.548062986887,938813
2022-12-12,2849.6377811458924,2848.603661418503,2828.938591730472,2846.790990155737,734953
2022-12-13,2827.0085741211624,2841.173258520409,2823.9798552973893,2824.184389731431,1740096
2022-12-14,2833.540498648626,2838.822810122649,2828.7820699295094,2830.7097888597664,123686
2022-12-15,2909.5666478258813,2910.9586741779026,2888.0067458959056,2906.6599878380434,540296
2022-12-16,2861.5761170003016,2871.621700902987,2845.9903538966005,2858.7173996007014,1412627
2022-12-19,2777.5911059633663,2776.537907564609,2755.566684200742,2774.816289673693,1306398
2022-12-20,2844.0746688031886,2843.563631563129,2808.7814953793304,2841.233435367821,1634446
2022-12-21,2876.8187799369434,2875.821889312033,2867.8957390817964,2873.944835101842,56739
2022-12-22,2855.4619443794436,2866.4249103996294,2849.0725693939344,2852.6093350443994,513597
2022-12-23,2853.0718370377117,2871.7163711399267,2836.458603817936,2850.2216154222897,1016813
2022-12-26,2910.9775453589614,2909.452469570836,2900.473585734471,2908.0694758830787,1373088
2022-12-27,2771.397325684439,2772.5621920501467,2752.7639140328556,2768.628696987452,1827731
2022-12-28,2835.86341300063,2838.704476666143,2823.043334214807,2833.030382618012,1315614
2022-12-29,2828.5876754193064,2827.2060322024813,2801.6867759447855,2825.7619135058007,600373
2022-12-30,2864.335193148979,2874.041157515297,2856.833097694379,2861.47371942955,1137129
2023-01-02,2863.2999734509153,2873.1912671389814,2858.4317187432857,2860.4395339169987,1422170
2023-01-03,3022.878734659053,3024.340195646399,3016.6378598032343,3019.85887578327,1789270
2023-01-04,2991.1241100450293,3000.355082479977,2980.100611902965,2988.1359740709586,1186098
2023-01-05,3051.532612235424,3061.057206027527,3039.9729560683463,3048.4841281073172,1487739
2023-01-06,2911.184705819403,2922.307081678964,2873.0900257677904,2908.276429390013,940719
2023-01-09,2914.7924293225365,2924.5337587413114,2908.8110845222395,2911.880548773763,1116744
2023-01-10,2957.4109315300493,2958.3459480968145,2943.681426965056,2954.456475054995,1948911
2023-01-11,2877.2715260485716,2892.5634050315352,2867.176251515632,2874.397128919652,1948161
2023-01-12,2774.3140274853836,2783.531995331471,2761.9808714495844,2771.5424850003833,374373
2023-01-13,2780.552494485234,2781.785043874482,2751.669805999285,2777.774719765469,104838
2023-01-16,2832.400610417358,2842.576697720601,2821.3387369329234,2829.5710393779805,1160349
2023-01-17,2893.9599843149413,2895.9901808358695,2883.643596433524,2891.068915399542,1306373
2023-01-18,2859.952362756977,2869.0180982185334,2853.523954308475,2857.095267489488,1411745
2023-01-19,2879.155081171974,2890.317925950501,2869.830841244672,2876.278802369605,1363620
2023-01-20,2807.7657576525467,2819.6562126644335,2804.091778352384,2804.960796855691,1633412
2023-01-23,2897.001652770374,2903.0519231010944,2876.767575601352,2894.1075452251494,1368142
2023-01-24,2868.7257973276037,2873.1514727247,2855.5406259630863,2865.859937390214,1327244
2023-01-25,2935.742322303479,2948.5965249981027,2926.160404182994,2932.8095127906886,1575755
2023-01-26,2923.004441152434,2929.579106069297,2917.622530647205,2920.0843567956385,593116
2023-01-27,2907.150005140482,2912.0245876177814,2891.8857353267067,2904.245759381101,1019751
2023-01-30,2993.101571370501,3001.6902264563987,2986.1217343102153,2990.111459910591,604026
2023-01-31,2947.7927059494464,2969.6302921243105,2936.4393774855002,2944.847858091355,321762
2023-02-01,3017.606424023984,3036.3356214922073,3010.2394558730775,3014.5918321917925,905800
2023-02-02,2999.7384467037537,2999.349929256864,2992.393881597661,2996.7417049987553,1295155
2023-02-03,2953.853796395326,2965.4706400647765,2945.8039273208788,2950.9028935018246,620749
2023-02-06,2910.8253873204853,2910.9043863073257,2894.779729154702,2907.917469850635,208056
2023-02-07,2971.0877052273545,2992.745211192461,2949.8030569299785,2968.119585641713,1748208
2023-02-08,2968.179482647752,2971.4291695685265,2950.2217164861777,2965.214268379373,1705640
2023-02-09,2950.6472273053814,2963.8395905966786,2942.7524481077944,2947.699527777604,1769654
2023-02-10,2872.0633779510244,2887.878306226313,2853.70304994946,2869.1941837672575,1444534
2023-02-13,2933.9317660038114,2955.0930032794618,2913.185716227591,2931.000765238573,1308100
2023-02-14,2990.507381300003,2993.714119623852,2974.978759191344,2987.519861438565,268987
2023-02-15,3009.1721704432634,3007.266913463424,2986.407873475906,3006.166004438825,310565
2023-02-16,3052.5297137420366,3050.958305181262,3041.8791797533513,3049.4802335085283,1431689
2023-02-17,2875.628185458259,2888.8394672712534,2858.39392490495,2872.755430028231,1826611
2023-02-20,2849.3707066955762,2857.2334787594436,2838.8772344963522,2846.5241825130634,467279
2023-02-21,2858.8327178881873,2866.55723931549,2852.7582127899746,2855.9767411470407,593488
2023-02-22,2865.4307969470046,2867.8738561055443,2860.911116435004,2862.5682287182867,1593415
2023-02-23,2837.3291297636997,2844.924169682021,2833.3283897644114,2834.4946351285716,1832914
2023-02-24,2850.5916054366503,2857.1582587704843,2845.6213706139997,2847.7438615750757,131188
2023-02-27,2814.3359867897293,2818.7940516607364,2802.404843752852,2811.524462327402,900160
2023-02-28,2782.323896563537,2796.990968655899,2763.3179624016234,2779.544352211326,92705
2023-03-01,2721.109710739203,2726.1846401758044,2706.9863844943893,2718.3913194197835,1890221
2023-03-02,2728.928665868823,2732.9485884455967,2719.7098305213904,2726.202463405418,796604
2023-03-03,2694.587180169984,2695.8081025878137,2667.416030014895,2691.8952848850995,56005
2023-03-06,2671.2745736969623,2681.84832442939,2667.1915678865553,2668.6059677292333,878985
2023-03-07,2738.908691588084,2747.930655766163,2698.092721689874,2736.1725190690154,635388
2023-03-08,2737.8646204955394,2738.6227768050694,2726.164254161738,2735.1294910045353,836771
2023-03-09,2737.1826441148633,2767.315257615772,2726.181314500746,2734.4481959189447,1857526
2023-03-10,2662.6322740516835,2686.512837209534,2644.0866753579508,2659.9723017499336,61397
2023-03-13,2638.590995499113,2641.099073268247,2628.484562364342,2635.955040458655,140908
2023-03-14,2686.250869351672,2687.7202088188697,2674.8264608350364,2683.567302049623,50846
2023-03-15,2713.962253990726,2722.761758361948,2694.487587500458,2711.2510029877385,430805
2023-03-16,2717.6254951055967,2717.7587271409557,2704.688108935979,2714.910584521076,960632
2023-03-17,2710.080409810122,2707.5303715845184,2696.279809162698,2707.373036773349,1357509
2023-03-20,2714.3733090063715,2713.22682516687,2702.926196240073,2711.661647359013,1382407
2023-03-21,2734.866941285905,2751.8367757538813,2728.9803916447654,2732.1348064794256,532986
2023-03-22,2719.9314860174445,2718.535729442286,2703.3627749333727,2717.214271745699,1923751
2023-03-23,2599.2304157660287,2620.6233692049063,2567.9992251875874,2596.633781984045,1448448
2023-03-24,2692.19912203118,2691.906994293348,2684.5747160508645,2689.5096124187617,1591815
2023-03-27,2748.300959867714,2757.358109388053,2722.0422483585817,2745.555404463251,621817
2023-03-28,2741.735029434336,2746.9946416740854,2735.1344488862765,2738.996033400935,688243
2023-03-29,2812.426891395444,2813.8997134862875,2805.222129035631,2809.6172741213227,1420355
2023-03-30,2747.4166060499747,2756.284878964016,2735.1042287644505,2744.671934115859,961203
2023-03-31,2812.256556876764,2826.6136466690205,2798.956491411206,2809.4471097669975,330196
2023-04-03,2823.024089116005,2820.8350332118666,2814.1870445882855,2820.2038852307746,1484194
2023-04-04,2869.2611481841295,2881.443155466072,2849.612057043945,2866.394753430699,1560283
2023-04-05,2852.529805551985,2870.82005930536,2848.2145210311,2849.680125426559,707670
2023-04-06,2861.3843540239313,2878.1634881775763,2846.0042460302534,2858.525828195736,1835523
2023-04-07,2892.589102741756,2897.3816636485703,2886.721837740754,2889.699403338418,1222594
2023-04-10,2948.2892067055327,2948.2722114727912,2933.9128939670904,2945.34386284269,1560904
2023-04-11,2976.7174067612027,2984.4028924010654,2934.6932256718087,2973.743663098105,828395
2023-04-12,3001.6254172596314,3018.5811667863545,2996.821443786147,2998.6267904691626,1811827
2023-04-13,2970.7921706313655,2973.9179922472576,2942.418453064694,2967.8243462850805,1476555
2023-04-14,3063.738082428389,3077.1648795341207,3051.161409719538,3060.677405023366,1282771
2023-04-17,3076.406569465477,3077.6652275220567,3072.5678614584563,3073.333236229248,765581
2023-04-18,3065.0930546498375,3075.372919157385,3055.9805846981003,3062.0310236262117,615990
2023-04-19,3048.3843610986187,3047.4645528033943,3041.390552361572,3045.3390220765423,266047
2023-04-20,2983.565762245128,2982.589654979079,2958.035615045645,2980.58517706806,741058
2023-04-21,2945.0396852231484,2946.6040729521983,2928.3580678972808,2942.0975876355133,931494
2023-04-24,2865.4270397561663,2868.2491307640094,2841.3486706176877,2862.5644752808857,1023807
2023-04-25,2877.0365718507546,2882.429685997625,2871.195508085633,2874.1624094413137,919693
2023-04-26,2873.9197018751133,2873.9520118549362,2867.893511228499,2871.048653221892,390831
2023-04-27,2886.3311112779256,2904.7394974475947,2858.5409612436633,2883.4476636143118,1143734
2023-04-28,2822.4874666661776,2823.9919129978384,2811.00711288267,2819.6677988673105,1598427
2023-05-01,2802.116587023143,2836.3727002958385,2794.7895821465,2799.31726975339,630283
2023-05-02,2770.8209074891274,2771.8896511253365,2766.273788784334,2768.052854634493,1068791
2023-05-03,2821.3054846133705,2829.7499053789393,2814.4733628774875,2818.486997615755,688528
2023-05-04,2746.6358120297446,2755.111491346526,2735.9036192684002,2743.891920109635,1741244
2023-05-05,2672.5630323503988,2705.6714317979827,2668.3558509634313,2669.893139211188,1591272
2023-05-08,2735.337391683551,2759.7664329707654,2721.8049216863687,2732.6047868966543,1028493
2023-05-09,2754.1361823486964,2756.003697487416,2739.9735806636463,2751.3847975511453,1549218
2023-05-10,2677.424990851953,2695.818601620534,2668.2922881983845,2674.750240611342,364729
2023-05-11,2743.4419299122883,2746.4932070895616,2726.695095573537,2740.7012286836048,125055
2023-05-12,2818.1624541995493,2822.19209837985,2800.5689600903297,2815.347107092457,1248774
2023-05-15,2877.1310744653133,2880.354762609927,2860.5405030110023,2874.256817647666,1015784
2023-05-16,2771.371445881177,2798.527268925967,2765.723651827787,2768.602843038139,391199
2023-05-17,2778.39768982341,2787.012913675025,2768.6450416964044,2775.622067755655,1556196
2023-05-18,2736.167966438517,2737.44504666299,2732.982552414566,2733.4345319066106,748694
2023-05-19,2724.071212258402,2723.3943018499194,2714.102386765046,2721.3498623960063,164591
2023-05-22,2647.586176919891,2653.84100658319,2625.3183702726456,2644.941235684207,763601
2023-05-23,2731.19570327554,2732.4135535719406,2714.97968158312,2728.4672360395007,942455
2023-05-24,2698.145562955771,2712.29420319163,2683.223906470011,2695.4501128429283,1877681
2023-05-25,2712.5939742087658,2721.295356996252,2706.9097698632113,2709.8840901186472,418968
2023-05-26,2752.8656008241364,2756.2731621325656,2732.7333272124006,2750.115485338798,1006548
2023-05-29,2784.2586374471744,2795.3691406559974,2751.1608174278263,2781.4771602868877,1109130
2023-05-30,2805.90160438107,2812.1878501956585,2796.866370601108,2803.098505875195,1729585
2023-05-31,2787.1758908127877,2806.434611754677,2760.3874420861753,2784.3914993134745,835502
2023-06-01,2799.2565026836714,2800.400422548557,2794.940737915064,2796.4600426410307,747492
2023-06-02,2789.1389494306322,2791.673639739486,2785.0203485716484,2786.3525968337985,1284807
2023-06-05,2675.9906120154715,2689.5734329467487,2649.5975427733315,2673.317294720751,1727959
2023-06-06,2725.1194556939636,2724.087332074278,2705.548015700682,2722.3970586353284,1282563
2023-06-07,2695.2937484164427,2718.8186021096008,2684.517444333427,2692.601147269174,138101
2023-06-08,2670.9326756948017,2684.5427986431177,2652.4241998777566,2668.2644112835183,170059
2023-06-09,2652.037915446978,2655.9710240521777,2635.7814027169716,2649.388526920058,1282448
2023-06-12,2586.6304648340515,2595.2407534800373,2581.1434239654955,2584.0464184156363,782198
2023-06-13,2531.0822618140123,2550.8017551199123,2517.839862428626,2528.5537081059065,549284
2023-06-14,2449.7747857441987,2466.4032396101047,2425.919167231962,2447.327458285913,162688
2023-06-15,2471.2749483502284,2480.09684929628,2467.84752586794,2468.806142208021,1066729
2023-06-16,2524.6691566612058,2531.5886832021947,2512.5867903907792,2522.1470096515545,1912090
2023-06-19,2528.9188712726805,2526.8976653982563,2498.297402702025,2526.3924787938868,1011321
2023-06-20,2477.6183223441612,2495.0509637603404,2465.217246126852,2475.1431791649966,143348
2023-06-21,2536.7277916397984,2547.287004706582,2529.2154950681384,2534.193598041757,1852905
2023-06-22,2522.9844743850153,2521.718871933114,2517.5083407788925,2520.464010374641,427517
2023-06-23,2451.4102969953124,2455.2408220376806,2439.317474865521,2448.961335659653,1716970
2023-06-26,2369.1468678038354,2371.1599707071036,2360.2101330673363,2366.7800877161194,285390
2023-06-27,2377.662749992041,2378.7705502954104,2361.901585407086,2375.2874625295117,1246816
2023-06-28,2440.2364956507636,2441.601550405699,2422.095569795353,2437.79869695381,304338
2023-06-29,2424.1357871172154,2425.1810768186733,2415.5572257444533,2421.7140730441715,237141
2023-06-30,2397.1944849141273,2408.8411804313873,2389.961938618545,2394.799685228899,1125992
2023-07-03,2386.1282021985776,2385.389995288665,2367.0762034790846,2383.744457740837,1999065
2023-07-04,2350.387160850145,2354.249947984429,2332.5354209983675,2348.039121728417,525281
2023-07-05,2327.9849361227193,2342.8412280970524,2320.984249049383,2325.6592768458736,323431
2023-07-06,2339.275380901223,2354.791983113011,2326.2097650160554,2336.9384424587643,1458066
2023-07-07,2309.5204674573847,2323.908276019191,2304.2146335394514,2307.213254203182,267366
2023-07-10,2348.977077141286,2348.5406000692246,2337.8175691181423,2346.6304466945917,1953075
2023-07-11,2308.341901222711,2329.9335093783625,2304.477391907435,2306.035865357354,301780
2023-07-12,2338.4713248259977,2345.4181693453697,2333.4301007623008,2336.1351896363617,1665574
2023-07-13,2353.7144342045203,2362.3638621854034,2340.315387562216,2351.363071133387,1375776
2023-07-14,2338.0350108225653,2342.8967656911996,2328.3272286970514,2335.6993115110545,645236
2023-07-17,2326.1958316697705,2332.0960289200975,2320.044792170103,2323.8719597100608,102970
2023-07-18,2313.2533785443634,2332.1119914940023,2305.0935667385156,2310.9424361082556,538960
2023-07-19,2383.8245420428393,2382.041249927382,2379.836268585776,2381.4430989438956,261855
2023-07-20,2349.7601551755106,2348.0475022443325,2341.8064164438542,2347.4127424330777,343194
2023-07-21,2400.6858450457266,2402.648947657586,2394.7754179045314,2398.2875574882387,1755988
2023-07-24,2444.9833720431334,2461.832065086065,2428.128696372126,2442.5408312119216,1449068
2023-07-25,2430.785940982945,2430.4149362052044,2425.333448867852,2428.3575833995455,1229771
2023-07-26,2502.25385860541,2504.391648866279,2493.979457183701,2499.7541045009098,237012
2023-07-27,2395.815661937159,2396.6802203584316,2373.076203345213,2393.422239697462,1098875
2023-07-28,2407.069095965047,2419.7104589205524,2395.512108476892,2404.664431533514,1979687
2023-07-31,2413.330185926892,2413.3034266661725,2407.080844138993,2410.919266660232,1798562
2023-08-01,2414.8726796113156,2429.387821346237,2404.599841047628,2412.460219391924,1637893
2023-08-02,2451.9413924090204,2453.2525434195177,2443.2556247893804,2449.491900508512,1495554
2023-08-03,2434.9619585249343,2434.6132005420186,2415.7221979921906,2432.5294290958386,1460543
2023-08-04,2427.4715359901106,2431.011595463523,2420.0679335600075,2425.0464895006103,210630
2023-08-07,2478.3971248854223,2500.2111623346855,2464.8813742796015,2475.9212036817407,1898284
2023-08-08,2473.9094262053222,2474.373156925828,2462.988789097416,2471.4379882171056,701647
2023-08-09,2428.5490759244194,2442.7259759520857,2421.829958358499,2426.1229529714483,66873
2023-08-10,2454.131564689098,2458.5904240469354,2437.1343493663944,2451.679884804294,1501983
2023-08-11,2451.147209888077,2450.666891614153,2447.7448969652564,2448.698511376701,324197
2023-08-14,2426.9237276245276,2425.1675031923587,2424.1459915335545,2424.499228396132,1706379
2023-08-15,2451.714440875077,2459.269883234172,2432.2850591804404,2449.265175699378,1022616
2023-08-16,2418.345648288024,2423.3507437371377,2403.073261092972,2415.929718569455,1846659
2023-08-17,2376.297221182299,2378.351775081783,2371.9042047864987,2373.9232978844148,1344732
2023-08-18,2365.7643850272557,2371.1599959335535,2342.25738025116,2363.4009840432127,1293760
2023-08-21,2358.295213033255,2365.9196097548484,2338.4452582647586,2355.939273759496,257151
2023-08-22,2361.1707762878787,2366.3675418068487,2357.4794237484707,2358.8119643235555,332649
2023-08-23,2310.61864008617,2319.6711888457735,2301.5994673945083,2308.310329756414,1093481
2023-08-24,2382.771224004773,2384.387638951154,2364.074280622656,2380.3908331716016,672235
2023-08-25,2412.391039525057,2412.4326627486776,2392.2461580829536,2409.9810584665906,170028
2023-08-28,2419.234413556175,2421.158205349341,2410.656527067561,2416.817595960215,1546230
2023-08-29,2429.8940439743983,2433.935160615537,2426.336699931422,2427.4665773970014,805674
2023-08-30,2321.111031299874,2329.58519708025,2308.853817666499,2318.7922390608132,269177
2023-08-31,2360.363675026894,2360.7739801236607,2352.622562111721,2358.0056693575366,323173
2023-09-01,2317.5357538165345,2325.192172193202,2312.779637944426,2315.2205332832514,1149566
2023-09-04,2339.1592277222708,2356.3291227366594,2326.1331077542454,2336.8224053169542,1584958
2023-09-05,2289.4781394910324,2287.8558934970706,2266.292275083514,2287.1909485424903,658427
2023-09-06,2330.695142448785,2342.235485409796,2327.505438376966,2328.3667756731124,1537857
2023-09-07,2308.865835042925,2322.243079066109,2293.83802646088,2306.559275767158,608294
2023-09-08,2300.6543540261614,2309.8348442250804,2296.687983490685,2298.3559980281334,1651807
2023-09-11,2364.578836459815,2365.1026622305794,2361.3105270441074,2362.2166198399755,164979
2023-09-12,2407.3428047005427,2417.3099691575076,2400.089417397025,2404.9378668337094,835767
2023-09-13,2348.3785459268406,2350.465786482829,2338.620420141328,2346.0325134134273,95536
2023-09-14,2319.487648044853,2321.8883169600845,2309.476345144718,2317.170477567286,362169
2023-09-15,2328.2128812462997,2340.365613022657,2316.22661595067,2325.8869942520478,290296
2023-09-18,2319.042939214134,2322.866520792869,2311.8621316124363,2316.726213001133,1521045
2023-09-19,2353.391444591611,2352.605817448033,2348.537340780334,2351.040404187424,388006
2023-09-20,2325.0250499732538,2325.4188832787963,2310.872512966877,2322.7023476256286,883576
2023-09-21,2247.116185618344,2250.848678009292,2240.770043030553,2244.87131430404,1854503
2023-09-22,2210.8207105612114,2217.5194686731165,2199.094434449363,2208.6120984627487,296124
2023-09-25,2204.048604659444,2220.180186446306,2198.866952432937,2201.846757901543,632196
2023-09-26,2226.3773481331145,2224.5130252609247,2222.4834643259005,2224.1531949381765,86352
2023-09-27,2256.783110489138,2262.4862739988275,2253.685818852547,2254.528581907231,1191699
2023-09-28,2308.010807679393,2307.9237408956965,2300.3291076063974,2305.7051025768164,623408
2023-09-29,2318.407242863201,2328.6119146993433,2312.414435640955,2316.09115171149,200823
2023-10-02,2310.560874959855,2318.8856974406694,2296.900553451655,2308.2526223375176,1249289
2023-10-03,2341.5786977764496,2351.0683849827146,2327.9638407893235,2339.2394583181317,967991
2023-10-04,2337.997942072685,2350.374393515206,2324.710725333138,2335.662279792892,1005024
2023-10-05,2318.8890034972956,2325.854327924743,2302.5006919915345,2316.5724310662295,1705157
2023-10-06,2299.9785159591356,2306.555168202471,2293.5607248043525,2297.680835124012,832780
2023-10-09,2339.036759066879,2337.003404653493,2328.190721544582,2336.7000590078715,220195
2023-10-10,2402.2120458233503,2437.1716845787932,2395.7691505913995,2399.812233589761,73614
2023-10-11,2459.7648461866997,2464.799433487339,2441.9770469768487,2457.307538648052,55773
2023-10-12,2389.6289498891815,2405.9279936432786,2383.8082584701465,2387.241708181001,1103129
2023-10-13,2437.284540317071,2441.7472872795047,2421.29543546388,2434.8496906264445,1955403
2023-10-16,2388.771538802718,2400.9025182147,2368.6983556252812,2386.3851536490693,1997946
2023-10-17,2374.726793827305,2382.805629124803,2367.968109586601,2372.3544393879174,1720997
2023-10-18,2400.4261037257634,2402.132258554723,2391.8035807310102,2398.0280756501134,403613
2023-10-19,2343.4392493349305,2341.514670323463,2334.17224562661,2341.098151183747,1774625
2023-10-20,2292.312023300696,2290.743394114899,2283.411711502806,2290.022001299397,1571650
2023-10-23,2261.968461933429,2262.3369676446573,2255.4328715864704,2259.708753180249,1874447
2023-10-24,2331.322755155193,2330.42380863637,2323.400229895755,2328.9937613937996,212152
2023-10-25,2377.138276171031,2387.584545196434,2365.1050309982998,2374.7635126583727,1905610
2023-10-26,2339.3394323905204,2346.544960246952,2333.7180510713674,2337.00242996056,1526428
2023-10-27,2345.799215268288,2349.8112186877534,2334.985103305367,2343.4557595087795,1808758
2023-10-30,2352.1665999241004,2352.3947034660146,2346.7565722931913,2349.8167831409596,878796
2023-10-31,2366.054929961329,2379.5275313449747,2360.328862011587,2363.6912387226066,776289
2023-11-01,2336.4499228367854,2341.566686988363,2333.1838250535975,2334.115807029756,1464207
2023-11-02,2397.7043311179737,2397.8625616035256,2388.80293983589,2395.309022095878,1525959
2023-11-03,2381.9984392567103,2401.735988453338,2368.271615439011,2379.6188204362743,1302653
2023-11-06,2417.7981319676214,2423.5591155552133,2392.9705007853577,2415.382749218403,660925
2023-11-07,2345.1815771268307,2360.1476423958757,2328.1507719504966,2342.8387383884424,714096
2023-11-08,2362.379921320195,2370.785177937707,2341.250834817006,2360.0199014187765,741306
2023-11-09,2369.2037589925417,2386.4970343774203,2360.4162528796733,2366.8369220704712,1687353
2023-11-10,2427.776722964855,2435.6941785095773,2417.1711824506797,2425.351371593262,1225097
2023-11-13,2314.9669891289013,2316.389702302557,2310.904482968029,2312.6543347941074,944492
2023-11-14,2338.7562990936613,2347.923880256,2332.5955486135567,2336.419879214447,125676
2023-11-15,2373.663499548832,2381.61553229191,2356.7187901202046,2371.2922073414907,1971190
2023-11-16,2363.0041001086806,2371.67893042911,2353.26959372952,2360.643456652029,1642163
2023-11-17,2419.640678005627,2423.5750951895084,2408.5854597148004,2417.223454551076,1559612
2023-11-20,2511.9331688621446,2515.913099767693,2499.114335656286,2509.423745117028,1079231
2023-11-21,2552.485813178679,2553.881882610846,2545.7965091304513,2549.935877301378,85451
2023-11-22,2590.4290027202082,2608.592046158212,2586.3587738984643,2587.8411615586497,468889
2023-11-23,2654.1064713084293,2653.621528855513,2644.819088182585,2651.4550162921373,1529543
2023-11-24,2675.8882266264013,2677.0126640193425,2660.916215386481,2673.215011614787,989224
2023-11-27,2735.8493651895524,2753.538956196923,2714.817224603296,2733.116248940612,1187467
2023-11-28,2766.202403782602,2765.4737054592456,2761.6015121034866,2763.4389648177844,582447
2023-11-29,2732.9442568059635,2733.7278267734523,2722.516744094992,2730.2140427632007,1816260
2023-11-30,2682.0668322273823,2700.577636118738,2666.2826560754957,2679.3874447826,191062
2023-12-01,2739.642837266537,2748.782654087782,2732.80207703494,2736.905931335202,1214127
2023-12-04,2770.0224666659983,2777.0421985427524,2763.4825012762417,2767.255211454544,578626
2023-12-05,2737.467287325333,2747.2464689300427,2708.6864233534397,2734.7325547705627,1251301
2023-12-06,2739.637054266594,2745.84843483109,2716.333851194493,2736.9001541124817,308350
2023-12-07,2812.7573623224775,2818.936120259412,2797.4433025208464,2809.9474149075704,1238615
2023-12-08,2726.8250321933515,2734.9599268477464,2717.6743583790967,2724.1009312620895,192197
2023-12-11,2683.3888358994327,2697.2076775677683,2655.184362870954,2680.7081277716616,483573
2023-12-12,2717.9820192908173,2715.4574186650593,2689.318334094413,2715.2667525382794,1948570
2023-12-13,2759.174885905988,2768.9836761583247,2731.570715530278,2756.4184674385497,992485
2023-12-14,2701.8461625449986,2708.010859947909,2688.078095850561,2699.1470155294696,1937601
2023-12-15,2654.2631918124343,2669.683340134497,2649.07069115535,2651.6115802322024,1756225
2023-12-18,2663.027054177316,2679.5234071343816,2641.151295446731,2660.3666874898267,1729356
2023-12-19,2731.283142621926,2743.637523002746,2719.174053492226,2728.5545880338923,360635
2023-12-20,2732.74799668905,2741.4781653679147,2722.8226590664003,2730.0179787103402,728920
2023-12-21,2619.3225738533106,2629.568989456165,2607.82650641985,2616.7058679853258,805949
2023-12-22,2668.727834707154,2672.247705974291,2648.124463590991,2666.0617729342202,702562
2023-12-25,2668.550389759317,2686.498864901364,2640.7469658434798,2665.8845052540632,1571976
2023-12-26,2647.360545297323,2654.4153473242086,2638.339684196792,2644.715829467855,233405
2023-12-27,2592.8546463780876,2592.761562406206,2587.8907252299928,2590.2643819960917,1765494
2023-12-28,2649.486979306862,2653.0859439655546,2641.4594317159676,2646.8401391676944,1005793
2023-12-29,2663.105490840275,2663.384131037141,2632.2242852869754,2660.4450457944804,392712
2024-01-01,2683.36033629881,2683.496247479163,2678.9909108782576,2680.679656642168,941666
2024-01-02,2701.162162519912,2703.2835951527973,2681.6045717001416,2698.463698821091,569683
2024-01-03,2723.2539749046373,2721.741316341729,2712.359760695194,2720.5334414631743,599556
2024-01-04,2765.189298965174,2783.9266672506023,2740.8315212571474,2762.4268720930813,1503063
2024-01-05,2851.4612973714347,2848.8784507702326,2838.8862717035645,2848.6126846867483,301647
2024-01-08,2797.7789758845784,2797.069314053201,2754.2794508872125,2794.983991892686,1523890
2024-01-09,2794.8872188762125,2810.612386896255,2779.3429193170828,2792.0951237524605,721523
2024-01-10,2772.9615168182145,2775.9027232604226,2765.567815560528,2770.191325492722,592081
2024-01-11,2857.9085080903005,2868.4978517866457,2830.5002780885297,2855.0534546356653,217097
2024-01-12,2843.9912949879545,2878.066662312014,2830.068626024951,2841.150144843112,299460
2024-01-15,2762.34955451695,2786.208893349572,2744.531122750532,2759.5899645523978,670155
2024-01-16,2761.8754145282487,2759.9777283805543,2743.9898115358587,2759.116298230019,212317
2024-01-17,2726.291968442148,2730.607866568693,2712.014136205383,2723.5684000421065,631374
2024-01-18,2690.8065233499915,2694.196003172008,2664.5207813348065,2688.1184049450467,1844264
2024-01-19,2669.9972772755145,2686.7617514948174,2650.4756987021347,2667.329947328187,1097337
2024-01-22,2607.940357244035,2607.8548171200537,2604.1560455788876,2605.3350222218137,1917417
2024-01-23,2517.910697402315,2526.246407766684,2498.1087698434785,2515.395302100215,1033474
2024-01-24,2607.17787456152,2605.6241660418314,2595.807785955772,2604.57330126026,79197
2024-01-25,2602.043598305205,2618.6315968395606,2582.3649401964067,2599.444154151054,1911079
2024-01-26,2558.9858715439705,2561.8085388268823,2556.2374913839817,2556.429442101869,800939
2024-01-29,2588.5095731014912,2588.944933082835,2580.421253733825,2585.9236494520396,77883
2024-01-30,2651.5224649846195,2651.62593576078,2629.2381959274476,2648.8735913932264,606965
2024-01-31,2568.8331492091575,2566.549771218823,2560.4570764567293,2566.266882326831,51330
2024-02-01,2548.9344191246373,2552.8976036590575,2531.018623351741,2546.388031093544,883361
2024-02-02,2562.628966456749,2561.9199319962786,2543.0519256122648,2560.06889755919,557062
2024-02-05,2524.4327940114936,2534.2831759964747,2508.8810424121452,2521.9108831283656,1099480
2024-02-06,2545.7075498314034,2545.034756019358,2517.060356003944,2543.1643854459576,1773273
2024-02-07,2489.721574988585,2488.3750817782056,2473.5879569712433,2487.234340647937,986367
2024-02-08,2460.586889458738,2471.8483674208564,2456.6631116694357,2458.12876069804,591903
2024-02-09,2455.946969788193,2468.68657944969,2444.1590814314045,2453.4934763118818,1156713
2024-02-12,2475.650404150715,2475.3457102129632,2469.7072155947144,2473.1772269237917,1625629
2024-02-13,2478.1326682735707,2486.7710160597267,2473.191855795705,2475.6570112623085,1080957
2024-02-14,2448.445447463593,2448.7325757706817,2434.1426966282,2445.999448015578,908759
2024-02-15,2432.90117371101,2437.449026481523,2425.595468049244,2430.470703008002,1098497
2024-02-16,2340.8875847061704,2374.263275439028,2334.6423734840923,2338.5490356705,165795
2024-02-19,2431.62319028317,2440.0282029339564,2416.8134093773297,2429.1939962868832,1810101
2024-02-20,2414.3988693156098,2420.3032026649225,2406.6665159488625,2411.986882433177,767667
2024-02-21,2402.2649196948305,2413.1945222146737,2395.3756413276865,2399.8650546401905,594827
2024-02-22,2414.4426463823033,2430.3282709076366,2410.5652989018213,2412.0306157665373,1480321
2024-02-23,2439.993764178149,2450.812359021335,2423.0607488219566,2437.556207970179,424830
2024-02-26,2455.7818566588826,2469.413694926253,2424.594314394319,2453.328528130752,967243
2024-02-27,2426.4789173381437,2426.28959376446,2413.419167387084,2424.0548624756684,1720464
2024-02-28,2354.6606652566375,2353.480796095726,2341.7931634603938,2352.308356899738,1926091
2024-02-29,2347.9133926800946,2346.962703028904,2340.8284419309657,2345.5678248552395,1007716
2024-03-01,2314.7863320099354,2316.0351702027233,2305.519036136637,2312.473858151784,1393689
2024-03-04,2292.356082508968,2299.8809837616463,2272.900668282286,2290.0660164924757,228071
2024-03-05,2292.895037209697,2296.8786294070555,2281.983075819638,2290.6044327769205,1594393
2024-03-06,2303.4642840541715,2302.831694715515,2284.9290461323267,2301.1631209332386,1469708
2024-03-07,2357.720541719795,2359.9754192612927,2352.7134529000077,2355.3651765432523,1959785
2024-03-08,2352.0820947677216,2356.2974742825227,2336.752435547342,2349.7323624053165,1149994
2024-03-11,2279.495055901619,2281.801936949887,2272.19553444177,2277.2178380635555,208815
2024-03-12,2304.1163549716393,2315.292079568188,2290.561519551438,2301.8145404312086,1444564
2024-03-13,2343.210025548644,2349.528893525111,2338.1002076217324,2340.869156392252,1292928
2024-03-14,2274.3341828579996,2277.08283864285,2266.624343029134,2272.062120737263,566333
2024-03-15,2299.753828047267,2316.751416522026,2295.1700404958747,2297.4563716755915,1182538
2024-03-18,2308.0770888133766,2324.0769032845683,2284.7866645252307,2305.771317495881,1777474
2024-03-19,2286.043389909685,2301.3765715396817,2282.4091314660423,2283.759630279406,1579261
2024-03-20,2293.6532451064586,2317.0106520536087,2288.929905943014,2291.3618832232355,399322
2024-03-21,2310.295007837792,2315.438599854483,2301.858075304626,2307.9870208169755,129105
2024-03-22,2335.4992603988926,2338.0130015061204,2321.5194822229596,2333.166094304588,1623729
2024-03-25,2384.3793199523816,2392.427066509871,2374.195284009285,2381.997322629752,917681
2024-03-26,2384.390616178925,2389.2772858910544,2381.627774387555,2382.008607571354,636702
2024-03-27,2384.6837266829116,2382.9069168478973,2381.7304521062974,2382.301425257654,1085576
2024-03-28,2489.0755373073043,2497.8882792989766,2480.6225763967764,2486.588948358946,1732983
2024-03-29,2441.666259999513,2447.28216428769,2432.4275744872593,2439.2270329665466,1124814
2024-04-01,2430.1673619409826,2433.3759207315125,2423.369886579517,2427.7396223186643,1667166
2024-04-02,2415.1972216755057,2414.528424322517,2406.1236401431374,2412.784437238268,666235
2024-04-03,2449.2043282157338,2459.052345370349,2443.983561977591,2446.757570645089,1601192
2024-04-04,2498.663638494454,2504.3768891639556,2490.7047885043007,2496.167471023431,1934312
2024-04-05,2439.720489655357,2445.1666449231434,2432.0810043452725,2437.2832064489085,1422988
2024-04-08,2494.451963628409,2502.5462661805486,2479.1406648569855,2491.9600036247843,1856384
2024-04-09,2441.57714525223,2456.144884609647,2435.243375049247,2439.138007244985,1576090
2024-04-10,2557.016893753613,2562.4300426120917,2548.4846248654517,2554.462431322291,204440
2024-04-11,2526.711861082862,2534.19703114226,2516.9315063284757,2524.187673409453,1603331
2024-04-12,2577.6576798093206,2580.158829233323,2568.776960749384,2575.082597212109,122567
2024-04-15,2565.844589904617,2564.0167229109347,2558.298387877622,2563.281308596021,1463962
2024-04-16,2599.2954823079745,2611.702773627922,2573.5935852354587,2596.6987835244504,1550248
2024-04-17,2564.8615610677766,2566.166727050098,2556.863620373162,2562.299261805971,234957
2024-04-18,2571.6285708438627,2583.52056949852,2557.773861692716,2569.0595113325303,475377
2024-04-19,2573.3363978532047,2571.3891338672374,2556.0903424113176,2570.765632220984,782710
2024-04-22,2578.285230382261,2576.366395416649,2571.243837032676,2575.7095208614,790233
2024-04-23,2615.876165016457,2619.957495994203,2603.201817154585,2613.262902114343,1756331
2024-04-24,2595.750666854284,2603.656297011152,2585.1725608718316,2593.1575093449396,1509571
2024-04-25,2581.2487535486384,2600.3948866924557,2561.3997218702543,2578.6700834651733,93314
2024-04-26,2520.677318930987,2522.7461680043007,2517.389888833941,2518.159159771216,287308
2024-04-29,2515.0107177038444,2532.8446144859317,2505.7797174680213,2512.4982194843606,391494
2024-04-30,2493.372395416737,2500.4348660533883,2482.0365535346414,2490.8815139028347,1419754
2024-05-01,2533.7522917120614,2542.143966811023,2524.9117174798284,2531.2210706414203,1663756
2024-05-02,2565.0471826630237,2590.7334154611863,2556.432680547579,2562.484697965059,1341507
2024-05-03,2532.25217611962,2539.786106252222,2528.7328653385266,2529.722453665954,1754833
2024-05-06,2553.1147515077496,2568.661029152179,2535.869646813609,2550.5641873204295,1610669
2024-05-07,2614.272091958789,2627.2321572115507,2589.456188049393,2611.660431527262,1565260
2024-05-08,2605.0797292396155,2606.8919606108157,2592.321017316603,2602.4772519876283,1088582
2024-05-09,2550.687472032636,2551.6318755712487,2544.4835128245345,2548.1393326999364,1368238
2024-05-10,2664.5537354691837,2682.3663708647123,2644.580125630702,2661.8918436255585,1264474
2024-05-13,2691.8692235883123,2689.792822273016,2674.925123249642,2689.1800435447676,1146270
2024-05-14,2726.743486086402,2727.6938184391133,2709.0793540474124,2724.019466619782,1566132
2024-05-15,2850.5970403143074,2855.014356376292,2836.0846716584883,2847.7492910232845,555147
2024-05-16,2810.347271565945,2821.8016829508574,2803.4911439658713,2807.539731834111,1293849
2024-05-17,2826.6050519239625,2825.3183804003797,2818.579779007114,2823.7812706533095,763184
2024-05-20,2730.8163082646784,2735.7198814063745,2696.3612292800435,2728.088220044634,396355
2024-05-21,2755.8243227748803,2772.336294341659,2752.370120536818,2753.071251523357,555783
2024-05-22,2776.240243822317,2775.106427590063,2768.239395715335,2773.466777045272,1100848
2024-05-23,2737.827801371386,2742.2803118217403,2723.8343904663843,2735.092708662724,901102
2024-05-24,2696.5319397963103,2730.92741289929,2685.854569220746,2693.838101694616,1150797
2024-05-27,2688.738578579952,2690.00587181799,2671.2530226401013,2686.0525260538984,1220497
2024-05-28,2678.3128993633964,2697.782630842008,2666.582834270385,2675.637262101295,1312506
2024-05-29,2755.4921884059195,2770.246970875935,2748.154588491756,2752.739448956963,999292
2024-05-30,2744.1268491163582,2758.588891311773,2727.6996110227933,2741.3854636527058,913444
2024-05-31,2737.048405278189,2738.506141602124,2715.7436719339344,2734.3140911870023,1998718
2024-06-03,2729.110069526582,2734.167483683905,2723.463673229536,2726.3836858407412,1929872
2024-06-04,2651.193373282568,2650.8581171673195,2646.4923234342186,2648.544828454114,1687831
2024-06-05,2628.637268047619,2640.8895593414895,2617.108192286903,2626.011256790828,1898769
2024-06-06,2565.294487412393,2584.3801813345945,2538.166903102342,2562.731755656737,1170640
2024-06-07,2571.8561235803577,2598.959299102371,2569.266395344792,2569.2868367436145,343654
2024-06-10,2470.8562563375835,2484.7280777015912,2459.76956639303,2468.387868469115,310876
2024-06-11,2421.417047445478,2422.413338697147,2406.716813758435,2418.9980493960825,1854149
2024-06-12,2433.163496309583,2447.4401827643296,2430.5965343562316,2430.7327635460374,574626
2024-06-13,2341.673251300758,2342.6018983287386,2318.6869026371896,2339.3339173833747,1514824
2024-06-14,2276.491955151298,2275.965624960159,2268.666647701822,2274.2177374138846,280373
2024-06-17,2317.8898620249975,2338.526116794894,2315.4274759607474,2315.5742877372604,768897
2024-06-18,2262.8432301993926,2267.5917364208344,2254.860072058475,2260.582647551841,426039
2024-06-19,2263.0378424709497,2275.652061277746,2256.1547675042634,2260.7770654055444,139315
2024-06-20,2276.1386917748387,2293.9636788495163,2270.9923085798023,2273.864826947891,768548
2024-06-21,2233.17768551747,2234.7236642418798,2223.7706600631323,2230.9467387786913,1249641
2024-06-24,2165.7398533389774,2172.1850970098926,2159.3779143942816,2163.576277061916,340464
2024-06-25,2225.8886420365693,2232.2037313511546,2220.5590058330436,2223.66497705951,1849241
2024-06-26,2204.0500748142044,2209.0102318528316,2200.565021420028,2201.848226587617,432995
2024-06-27,2225.1146385078423,2227.3957056588856,2211.991707959007,2222.8917467610813,940315
2024-06-28,2195.1716487139247,2202.2398832572844,2187.5636707372296,2192.9786700438813,1977956
2024-07-01,2210.1197552957997,2219.4691456018822,2199.4786602325503,2207.9118434523475,1627228
2024-07-02,2158.342082758662,2168.354059718491,2151.379969413766,2156.1858968618003,977344
2024-07-03,2105.368415499712,2112.7406189293943,2102.407063282822,2103.2651503493626,1078913
2024-07-04,2066.1726964805043,2064.2176305494504,2045.41554411871,2064.108587892612,307148
2024-07-05,2043.270327261778,2052.4639791165014,2031.317285156402,2041.2290981636147,449794
2024-07-08,2020.6192062453233,2024.046494854985,2009.3566320696145,2018.6006056396839,1730456
2024-07-09,2009.0620621688572,2013.6806742680053,2001.0571859527006,2007.0550071616958,233278
2024-07-10,2025.2182596078246,2040.4420632784381,2017.024345995455,2023.1950645432817,970041
2024-07-11,2006.11283138386,2010.139032443799,2000.110179313405,2004.1087226611992,783256
2024-07-12,2040.3765562615781,2053.9846040435646,2037.0999761127525,2038.3382180435349,1888570
2024-07-15,2016.4656452567258,2018.0716984098997,2008.7971319780556,2014.4511940626633,279508
2024-07-16,2041.014587166262,2044.0900264763447,2036.2686258892954,2038.9756115547075,1337154
2024-07-17,2089.7386990578702,2088.948358041995,2070.743185627909,2087.6510480098605,621062
2024-07-18,2155.7978702174396,2154.375581401133,2147.967471340124,2153.6442259914484,1326159
2024-07-19,2079.05952508064,2091.7589728705398,2072.5472443149497,2076.9825425381023,394101
2024-07-22,2144.2034355584965,2149.373673177842,2140.351983504031,2142.0613741843126,1636292
2024-07-23,2076.495975529397,2082.6954818403965,2072.6107195686664,2074.421553975422,613812
2024-07-24,2130.093822779984,2130.90720670079,2113.0057472723665,2127.965856923061,195593
2024-07-25,2130.11063055068,2128.5062233845692,2104.0429730551955,2127.9826479027774,803886
2024-07-26,2144.1243071706863,2149.639595889002,2138.687303686306,2141.9823248458406,1090905
2024-07-29,2108.1053366709193,2107.916312323867,2104.4784474586622,2105.999337333586,1942517
2024-07-30,2144.153296657386,2163.0803380493003,2135.3769005245254,2142.0112853720143,1642826
2024-07-31,2171.201641798345,2171.930077439524,2167.9662247909127,2169.032609189156,510103
2024-08-01,2150.090188255598,2158.446865558029,2138.9592107267977,2147.942246009589,99740
2024-08-02,2126.7382427568423,2133.2323958466,2114.0460795375557,2124.613629127715,207362
2024-08-05,2160.127332300592,2175.272813814487,2149.021949302125,2157.9693629376548,1397286
2024-08-06,2200.866350456666,2210.8896902057527,2175.9892715096325,2198.6676827738925,1772281
2024-08-07,2231.924924561044,2234.3493145132998,2223.925499572437,2229.6952293317127,1059607
2024-08-08,2217.192203812358,2235.1827318767587,2207.7315990961774,2214.9772265857723,1230824
2024-08-09,2217.9088759837778,2220.4693709036965,2189.2492539152727,2215.693182800977,464952
2024-08-12,2256.010402981735,2253.9907174827595,2244.149108456271,2253.7566463353996,1950992
2024-08-13,2290.66301379175,2291.2625389204804,2280.6083200434073,2288.374639152598,451852
2024-08-14,2337.86651179175,2338.880914550077,2328.114888162096,2335.530980810939,1547456
2024-08-15,2344.5060796208786,2352.7582740161192,2331.807779356891,2342.1639157051736,1972179
2024-08-16,2315.426589680458,2315.924827997941,2310.0961418950897,2313.1134762042543,757652
2024-08-19,2328.136716160761,2331.1187031786585,2316.5968211110294,2325.8109052555055,1809192
2024-08-20,2347.78304503581,2357.321998986168,2332.558284516082,2345.437607428382,645954
2024-08-21,2325.933350966247,2333.7824883197068,2307.012221997673,2323.6097412250224,1819609
2024-08-22,2345.3819676332673,2353.304945906698,2340.7401875783867,2343.038928704563,404810
2024-08-23,2310.6428821930144,2330.025457649818,2296.8661571612815,2308.334547645369,200456
2024-08-26,2322.0047587294207,2328.578222811054,2296.807704129539,2319.6850736557653,1561570
2024-08-27,2297.3629146208636,2302.691846418106,2291.7948382226127,2295.06784677409,1393124
2024-08-28,2385.6019128776943,2411.935308637289,2363.800987583968,2383.218694183511,1636727
2024-08-29,2437.466249748899,2450.9532181550394,2426.8274485364645,2435.0312185303687,1058646
2024-08-30,2449.677609474846,2470.19134455742,2444.2725732550216,2447.230379095751,1918443
2024-09-02,2392.404641558043,2404.2706742174964,2380.6666739469483,2390.014626931112,185445
2024-09-03,2340.1282665882986,2343.5288020133967,2320.1224502800474,2337.7904761121868,514010
2024-09-04,2370.2204631432237,2377.444967888712,2357.6125311451924,2367.8526105326914,1588726
2024-09-05,2364.443069595292,2396.919961657289,2346.866541789702,2362.0809886066854,1832658
2024-09-06,2378.2334455211912,2384.258730398496,2371.598550287188,2375.8575879332584,274548
2024-09-09,2311.3995072249586,2313.7495345201924,2305.078874747586,2309.0904168081506,1338673
2024-09-10,2249.398069162489,2259.2755279233884,2220.422414993693,2247.1509182442446,1585724
2024-09-11,2254.6854703904196,2255.2101558781046,2229.8280501432428,2252.433037353067,1417790
2024-09-12,2246.8569208349836,2268.57922493865,2238.2776536545816,2244.6123085264576,354180
2024-09-13,2193.5513370334647,2193.7132582924996,2185.4426178207677,2191.3599770564088,1644140
2024-09-16,2162.551533780905,2164.0304547199335,2149.663636738613,2160.391142638267,1877014
2024-09-17,2193.7072975934066,2201.6665067370145,2177.329812387941,2191.5157818115954,1919596
2024-09-18,2177.1378624922418,2178.9781934885923,2164.7164336299547,2174.962899592649,1446215
2024-09-19,2200.2875718634145,2200.697700532362,2189.540976754477,2198.0894823810336,1313659
2024-09-20,2266.365690539994,2284.2865673889055,2232.693740551141,2264.101588951043,993904
2024-09-23,2280.7630993379375,2284.22257767139,2276.0473679905213,2278.4846147232147,823926
2024-09-24,2286.679630125072,2308.6005629056185,2274.9515722841925,2284.395234890182,847172
2024-09-25,2262.8058036297366,2279.9935540511206,2252.7680690163575,2260.5452583713654,1612499
2024-09-26,2313.0454708501966,2323.723822641324,2295.0285686339444,2310.734736114083,1149240
2024-09-27,2253.5153185719705,2266.029237785632,2242.255389857031,2251.264054517453,1572079
2024-09-30,2209.569306650008,2207.955363603416,2184.3669616298853,2207.361944705303,169952
2024-10-01,2209.460946559635,2210.2606461730425,2199.3110566456435,2207.2536928667682,523160
2024-10-02,2151.454921798327,2163.588873015135,2134.9800888495693,2149.305616182145,1761764
2024-10-03,2190.0361800977735,2195.926949438632,2184.9643134876287,2187.8483317660075,1064923
2024-10-04,2165.9982263201014,2178.330266774442,2155.8820449202312,2163.8343919281733,1579102
2024-10-07,2187.24004203827,2187.6282161844338,2178.737524478298,2185.054987051219,1979681
2024-10-08,2175.65389458093,2184.5850294155907,2172.2853996919107,2173.4804141667632,1685263
2024-10-09,2166.3716865830957,2164.6095275025104,2160.6768776189742,2164.207479103992,1503103
2024-10-10,2167.499769269903,2176.2788019410677,2146.8511070370623,2165.3344348350684,1825973
2024-10-11,2091.4799620525378,2094.934846619281,2077.5931663385304,2089.390571481057,462133
2024-10-14,2051.0580529786084,2054.3254124331397,2035.8470734498783,2049.009043934674,1319679
2024-10-15,2034.1363449123098,2041.7226355363885,2018.5016244276842,2032.1042406716383,1714524
2024-10-16,2116.014494864166,2134.0552105047213,2106.1139614877934,2113.9005942698964,1222160
2024-10-17,2147.59494839724,2149.734534924667,2131.664588671565,2145.449498898342,1511749
2024-10-18,2176.1492585185856,2188.654538668537,2169.244031536348,2173.9752832353506,1540415
2024-10-21,2136.0690173599905,2138.971059689709,2115.29683657224,2133.9350822777133,1421057
2024-10-22,2170.9684778122905,2170.2531783267377,2164.8106091851287,2168.7996781341567,778346
2024-10-23,2220.2222443141663,2219.815957634082,2191.7825616883424,2218.0042400740926,68449
2024-10-24,2250.8889079660344,2252.926321787696,2233.314662166714,2248.640267698336,1784102
2024-10-25,2357.840865383752,2360.1914862466815,2347.4662138621275,2355.4853800037486,1614048
2024-10-28,2301.2588335302194,2299.720711982915,2284.8118571853324,2298.959873656563,511467
2024-10-29,2257.284651144593,2267.8547319820186,2254.621684160911,2255.0296215230705,1439349
2024-10-30,2247.1703136035358,2246.7492419491005,2242.598663811622,2244.9253882153207,1252412
2024-10-31,2208.2916413633097,2206.2789695291467,2198.208123130717,2206.0855558075023,1437790
2024-11-01,2210.9216684180656,2235.6621691224386,2198.9430547348024,2208.712955462603,1096410
2024-11-04,2232.20966982239,2242.309253435337,2218.0459918054617,2229.979690132258,1190804
2024-11-05,2232.2589047723313,2242.0263410818466,2227.6817928462306,2230.0288758964352,1639258
2024-11-06,2236.887611819345,2244.379295833908,2224.150949122126,2234.6529588604844,1658234
2024-11-07,2253.7730640063883,2263.689399970004,2245.179794454952,2251.5215424639246,1827814
2024-11-08,2285.770106203367,2294.317035982823,2280.722787948517,2283.4866195837835,1479343
2024-11-11,2259.1764128813425,2270.8103561770804,2250.3095935220867,2256.919493387955,696091
2024-11-12,2232.5110301371096,2241.106698619632,2214.8851280052945,2230.280749387722,1238896
2024-11-13,2280.99100293051,2279.997165901805,2275.227938774877,2278.7122906398704,1017255
2024-11-14,2267.595483320205,2272.5507892433006,2262.799624384584,2265.330153167038,1475623
2024-11-15,2234.143117076782,2254.8078362615042,2212.4006846960992,2231.911205870911,793507
2024-11-18,2246.0797889423575,2258.455208423812,2208.969817590867,2243.8359529893683,536449
2024-11-19,2232.367413346753,2250.4575446240146,2210.6043153618916,2230.1372760706827,669272
2024-11-20,2237.665673746522,2249.2966499465856,2233.3979990365315,2235.430243503019,272324
2024-11-21,2235.5936215821453,2241.912063587364,2229.384092702976,2233.3602613208245,1872274
2024-11-22,2261.525860640734,2273.412432713869,2251.8114760057133,2259.2665940466877,533607
2024-11-25,2299.2632366772277,2302.558259079016,2293.6304209058603,2296.966270406821,1310212
2024-11-26,2265.433438385508,2263.7953693196605,2254.357398100625,2263.170268117391,1966713
2024-11-27,2216.3703037722175,2217.356598768222,2199.544945366846,2214.1561476245934,1528236
2024-11-28,2280.527301012984,2290.4594136744745,2250.11094378583,2278.2490519610233,604586
2024-11-29,2252.875622524155,2258.2433415016926,2241.3054670653964,2250.6249975266287,382845
2024-12-02,2190.4221996181122,2191.0124818910117,2179.73755658769,2188.23396565246,912145
2024-12-03,2116.068168484444,2124.4893935358964,2108.6507034972906,2113.954214270174,1713060
2024-12-04,2115.103869568074,2119.4164176646022,2099.8840581141017,2112.9908786893848,1378891
2024-12-05,2090.9857063896084,2091.1733584850604,2080.664998708193,2088.8968095800287,1621765
2024-12-06,2022.4546138947023,2025.6748032314658,2006.1689124567447,2020.4341797149875,692640
2024-12-09,1988.331297162786,1988.4287184410623,1979.9347922328777,1986.3449522105757,495169
2024-12-10,1950.778915924662,1954.0884953648695,1945.1150817271728,1948.8300858388234,1384920
2024-12-11,1986.0975065927776,1987.6663140022981,1976.9239629401202,1984.1133931995782,523598
2024-12-12,1994.8336680176542,2000.8255834932302,1978.3345122304709,1992.8408271904639,1182739
2024-12-13,1994.724508232879,1996.2667661160256,1991.363664038086,1992.731776456423,1118539
2024-12-16,1949.4020301535475,1950.3773943372228,1944.8991697039553,1947.4545755779698,1097359
2024-12-17,1943.3411695056827,1950.4599645940125,1933.045866722767,1941.399769735947,1246876
2024-12-18,1966.7900988286663,1981.901644192845,1961.2665442596438,1964.8252735551114,457800
2024-12-19,1972.6895679319211,1971.0101664152598,1965.0482617384712,1970.7188490828385,709031
2024-12-20,2010.4567735097514,2017.81765209804,1997.272818956176,2008.448325184567,1858597
2024-12-23,2013.5344891878408,2021.0417389168554,1997.92546478634,2011.5229662216193,1819022
2024-12-24,2038.8817775789187,2053.163496718634,2023.4054728973574,2036.8449326462726,367255
2024-12-25,2055.9066359208095,2059.664340750297,2046.3002562530694,2053.8527831376723,1650668
2024-12-26,2035.1759739881254,2036.562560007898,2027.9346206951752,2033.1428311569687,1194780
2024-12-27,2084.4022782883094,2090.946204522576,2072.9432183628683,2082.3199583299797,875297
2024-12-30,2098.2269256640657,2099.7182889801948,2094.3230245893005,2096.1307948691965,214080
2024-12-31,2129.608252792415,2140.17547570649,2119.66712189756,2127.480772020395,221014
2025-01-01,2089.0538528346306,2087.834465963709,2072.235598670765,2086.966885948682,387820
2025-01-02,2048.46932011731,2053.118539528592,2018.564112201013,2046.42289722009,512117
2025-01-03,2042.0713300317261,2040.7972810461822,2027.8109964819453,2040.0312987329933,898213
2025-01-06,2012.706038716296,2020.5893007535049,2003.0705416855903,2010.6953433729234,559912
2025-01-07,2035.3774741372515,2038.6643297127782,2027.6154192593895,2033.3441300072445,584084
2025-01-08,2050.59440954778,2057.1949052309956,2047.7456312199376,2048.545863684096,1278647
2025-01-09,2096.073476018693,2110.8003195324836,2092.4778907993814,2093.979496522171,1196026
2025-01-10,2118.519461882372,2127.117564734548,2103.763675853336,2116.4030588235487,1178010
2025-01-13,2075.6867778938654,2082.8033501110094,2072.199159492025,2073.6131647291363,664341
2025-01-14,2111.340284382492,2115.8145404649485,2093.1534183295335,2109.231053329163,1957599
2025-01-15,2086.8776871370605,2116.924909159359,2078.408694197025,2084.792894242818,1067581
2025-01-16,2059.555542495162,2062.4615869005734,2039.4234664627177,2057.498044450712,1154513
2025-01-17,2062.084858120182,2060.5202676724484,2059.3270359887797,2060.0248332868955,505079
2025-01-20,2061.984296369825,2073.1145559002935,2055.9461231560963,2059.9243719978276,825239
2025-01-21,2100.6969429564724,2100.0051206648595,2082.4183299144956,2098.5983446118607,1544185
2025-01-22,2207.797244757307,2223.572490901526,2202.1874640221026,2205.591653104203,1057869
2025-01-23,2224.869208609959,2233.4342445791717,2215.8537976211333,2222.646562047911,1815294
2025-01-24,2283.3493186436017,2296.132382555332,2274.601756710453,2281.068250393209,1569179
2025-01-27,2274.920084417005,2291.9125138906943,2260.426795959032,2272.6474369800253,1673557
2025-01-28,2288.959253435381,2303.1110810259984,2282.9090042538496,2286.6725808545266,1449402
2025-01-29,2267.9065162151596,2274.6380104054056,2255.9174649587253,2265.64087533982,184528
2025-01-30,2250.9016704303026,2250.074497722615,2241.5839807263324,2248.6530174128898,1719374
2025-01-31,2305.5450696371013,2316.855350000608,2283.67343049123,2303.2418278092923,246427
2025-02-03,2324.589755588238,2334.758399703083,2310.926842904148,2322.267488100138,807271
2025-02-04,2343.491341029291,2349.9606918327427,2340.9016977258034,2341.150190838453,1164236
2025-02-05,2309.9952709272648,2311.923489240804,2295.5870873197305,2307.6875833439212,1190625
2025-02-06,2381.2582119631284,2393.772483570471,2375.296720160011,2378.879332630498,1218265
2025-02-07,2373.918598456323,2374.556860633128,2363.416184284521,2371.547051404918,1585164
2025-02-10,2346.4143305785738,2346.319107164442,2326.4162188813425,2344.070260318256,1214228
2025-02-11,2345.8681767907833,2353.3727034811245,2338.3265605073875,2343.524652138645,228685
2025-02-12,2374.557012772359,2373.467232192082,2345.29767032113,2372.184827944415,531467
2025-02-13,2406.8122864560196,2409.456497217685,2399.917382381923,2404.4078785774423,969872
2025-02-14,2470.71057419698,2474.0566198243077,2458.370383133201,2468.242331865115,333258
2025-02-17,2423.8946408643847,2434.5621425753657,2410.4553662480826,2421.473167696688,1349949
2025-02-18,2405.443144179764,2415.2228763455087,2394.591422426299,2403.0401040756888,1534090
2025-02-19,2473.19923212618,2473.874208754348,2454.5380541795603,2470.7285036225576,1649921
2025-02-20,2574.5732838061895,2577.143347675132,2568.955783036829,2572.0012825236663,344663
2025-02-21,2545.8333744882816,2549.548624416579,2541.2149646423763,2543.290084403878,1950283
2025-02-24,2541.769224378162,2556.0307199875547,2535.361480145281,2539.229994383779,173846
2025-02-25,2471.5287670034036,2469.63186518992,2463.9583864318315,2469.0597072961077,219547
2025-02-26,2435.2958639885496,2433.418618289853,2424.7046958835695,2432.8630009875624,990083
2025-02-27,2396.9641801975504,2413.956254775662,2385.073500476624,2394.569610586964,1928977
2025-02-28,2392.8638649816166,2392.8105589362635,2384.495185446283,2390.473391590027,925277
2025-03-03,2341.9976573245112,2348.1065585016972,2338.3395214475267,2339.657999325186,129078
2025-03-04,2381.4974492700453,2394.365422258932,2362.4572598549653,2379.1183309391063,1225451
2025-03-05,2379.3960500367148,2399.3984131966427,2366.1185741765125,2377.019031005709,1522452
2025-03-06,2368.929002185745,2374.4257479761063,2365.7498293516032,2366.562439745999,1453183
2025-03-07,2408.50616415746,2409.1831900517122,2387.1030915696188,2406.1000640933667,183108
2025-03-10,2397.3304113742606,2396.111795394242,2380.0598287556363,2394.9354758983627,880909
2025-03-11,2344.2861908046693,2355.4275089800794,2333.9915851204983,2341.9442465581114,238673
2025-03-12,2345.8112109294907,2353.238043808041,2336.2147549698916,2343.4677431863047,993711
2025-03-13,2437.6503958179005,2445.9342311257433,2428.657549615309,2435.2151806372635,752848
2025-03-14,2442.4183475829327,2445.8263282932376,2432.0023425116365,2439.9783692137194,883007
2025-03-17,2465.7795962568293,2471.4091816381747,2462.482885620394,2463.316279976853,1661619
2025-03-18,2457.4653790705975,2468.698757691623,2438.321949281323,2455.010368701896,1920605
2025-03-19,2448.183631257491,2459.320426884465,2438.106968017239,2445.737893364127,675948
2025-03-20,2470.779220248426,2476.0898802291763,2448.588858174263,2468.310909339087,755460
2025-03-21,2353.8216437772458,2373.820307335633,2349.9779937321896,2351.4701736036423,63314
2025-03-24,2301.785255352023,2300.661442600274,2291.5559235808932,2299.4857695824408,1870161
2025-03-25,2277.5700901807386,2279.8475478520436,2267.6768519012708,2275.2947953853536,1030803
2025-03-26,2266.943418719378,2272.632087150014,2246.9613965932795,2264.678739979399,88331
2025-03-27,2326.486751826107,2343.596022195999,2309.4305113964347,2324.1625892368706,807034
2025-03-28,2429.370234279228,2441.1118986298793,2403.7929737018944,2426.9432909882403,1042311
2025-03-31,2457.285015699717,2456.949313457215,2433.078580510963,2454.830185514203,271710
2025-04-01,2475.265818592937,2504.3299120273855,2449.0642969826345,2472.79302556737,727725
2025-04-02,2506.0038625913667,2516.0428415986403,2487.3972410472957,2503.500362229138,59334
2025-04-03,2574.225989711161,2584.200215284735,2567.545158488571,2571.6543353757856,898699
2025-04-04,2529.1856855226633,2529.1955189542455,2526.112464066243,2526.6590264961674,1495538
2025-04-07,2507.2617787962113,2517.6997854282567,2492.0298542517285,2504.757021774437,1719283
2025-04-08,2514.6691239947154,2514.4881879351974,2495.798411649973,2512.156967027688,692503
2025-04-09,2528.535185712179,2540.577779706489,2520.438772900273,2526.0091765356437,1252725
2025-04-10,2442.748231869274,2447.734876907265,2439.452532764342,2440.307923945329,658833
2025-04-11,2461.999993574181,2466.145950986585,2452.5688807218357,2459.54045312106,1821685
2025-04-14,2392.1529520687336,2401.0693129641877,2387.509759259463,2389.763188879854,938530
2025-04-15,2425.4222260653733,2440.298030330026,2411.6659556613527,2422.999226838535,1361328
2025-04-16,2462.6559824635933,2472.520871061858,2452.784436708499,2460.1957866769167,252083
2025-04-17,2363.0645337374754,2374.1947675006163,2353.4247411166484,2360.703829907568,455458
2025-04-18,2384.7694770934363,2386.26119853952,2362.4140118667506,2382.387090003433,1465753
2025-04-21,2393.5434544814375,2424.3905781117833,2381.964020871811,2391.1523021792586,330572
2025-04-22,2367.3565921461204,2373.0049080526837,2356.821600164653,2364.9916005455752,1199693
2025-04-23,2408.1499620141117,2412.732518027583,2399.1614431294925,2405.7442177963158,1299547
2025-04-24,2495.097294583924,2496.3269746401816,2479.37185073472,2492.6046898940303,480466
2025-04-25,2517.712708867592,2518.280803335438,2506.73437154483,2515.197511356236,1828369
2025-04-28,2468.676372693001,2476.2127436016117,2453.255390138426,2466.210162530471,1263480
2025-04-29,2405.135130416947,2413.2671166428304,2381.0254037566374,2402.7323980189285,539134
2025-04-30,2354.983854881825,2353.544196169217,2346.403917518647,2352.6312236581675,886575
2025-05-01,2312.295974243536,2323.7634986090934,2308.76050644076,2309.985988255281,822680
2025-05-02,2359.2260240478768,2382.7923657207725,2355.8343918240766,2356.869154892984,775289
2025-05-05,2371.722283372011,2369.906031190589,2369.1967261098607,2369.3529304415697,387996
2025-05-06,2370.8774340848977,2382.2996395716364,2358.53874634621,2368.5089251597383,991450
2025-05-07,2408.322900763444,2421.80981788352,2396.3971333535824,2405.916983779665,1005991
2025-05-08,2409.432869136971,2413.74231507894,2382.6878793276364,2407.0258432936776,1713049
2025-05-09,2411.243349647724,2411.059832402752,2402.9883752793253,2408.8345151325916,542796
2025-05-12,2375.1385477392005,2377.071072852439,2350.156375964462,2372.7657819572437,100211
2025-05-13,2348.8870759265205,2366.528212306548,2339.2465395368963,2346.5405353911297,1435208
2025-05-14,2350.463381771054,2349.966291657052,2331.7375380664785,2348.1152665045497,103701
2025-05-15,2301.440204498734,2304.087905425183,2285.810080370497,2299.141063435299,294801
2025-05-16,2370.30248235428,2382.265636679179,2367.711197219481,2367.934547806474,692682
2025-05-19,2375.846653187565,2383.1329189974604,2361.060712055872,2373.473180007558,1792886
2025-05-20,2352.7447495803835,2360.141984108312,2347.527058849012,2350.3943552251585,543588
2025-05-21,2394.209669054434,2404.5962050967037,2387.1222004609976,2391.817851203231,576590
2025-05-22,2349.019380416772,2354.10855173712,2323.7455844157494,2346.672707709063,942402
2025-05-23,2393.896779313421,2395.0691539190525,2376.877482102174,2391.505274039382,1402595
2025-05-26,2397.823819166159,2398.2330819712047,2385.589121979583,2395.428390775384,1487098
2025-05-27,2479.0777564242676,2477.402898950972,2469.5988046939606,2476.601155268999,568223
2025-05-28,2454.9174335703656,2481.8631148588165,2451.0689751156588,2452.464968601764,993153
2025-05-29,2437.7118506215174,2443.3750748098337,2429.894368287701,2435.27657404747,676428
2025-05-30,2401.068870279931,2402.9026746552145,2395.1297634844677,2398.6702000798514,747430
2025-06-02,2347.5917273915343,2346.205848886197,2334.1739512609684,2345.246480910624,1987422
2025-06-03,2358.4128915400875,2358.4100100620058,2352.0134393905096,2356.0568347053822,1290045
2025-06-04,2313.869288702403,2332.8399411785567,2296.3276530098237,2311.5577309714317,58237
2025-06-05,2327.355045387784,2332.3245182913006,2309.227830152814,2325.0300153724115,1456310
2025-06-06,2300.889059915525,2308.9426121704573,2295.7150652564155,2298.590469446079,1686276
2025-06-09,2344.6374330085555,2362.3139659913136,2339.6417688626025,2342.2951378706853,1893777
2025-06-10,2237.514506275996,2241.785696636893,2230.8446486841863,2235.2792270489476,792870
2025-06-11,2254.444389726054,2266.585945997781,2241.5584315403567,2252.192197528526,1319519
2025-06-12,2256.5576074936403,2261.4679290814724,2245.1984948055047,2254.303304189451,906555
2025-06-13,2256.7916246107784,2266.3153557036403,2239.46971032251,2254.537087523255,1838404
2025-06-16,2231.3425179758365,2229.354714447895,2219.251035044313,2229.1134045712656,984395
2025-06-17,2301.4805233266165,2304.0377101633094,2292.910984560717,2299.181341984632,127952
2025-06-18,2284.7155307490098,2284.3835229853307,2261.8337811079923,2282.433097651359,286168
2025-06-19,2302.338610894784,2305.3855992336107,2295.4846613805107,2300.0385723224617,1565976
2025-06-20,2291.6451234481615,2297.138897514424,2267.1144967402456,2289.355767680481,360809
2025-06-23,2276.9996050437912,2285.3877146902614,2268.3197623781266,2274.724880163628,309991
2025-06-24,2280.7496034643723,2305.3845899502344,2260.1577949369125,2278.4711323320403,1598518
2025-06-25,2308.534552482637,2315.006912731737,2305.3913709125104,2306.2283241584787,531442
2025-06-26,2262.4511906139155,2267.4610549206855,2257.116064988701,2260.1909996143013,1318374
2025-06-27,2243.4950496774422,2252.260954934206,2222.992207154541,2241.253795881561,1965369
2025-06-30,2186.9236266408016,2186.977502871652,2164.432450194041,2184.738887753049,470603
2025-07-01,2202.6743811277834,2205.8298274147655,2194.978239690048,2200.473907220563,1902276
2025-07-02,2169.0648147099587,2176.0346871737806,2161.6443335073177,2166.8979167931657,186376
2025-07-03,2140.172035314663,2152.761402554249,2126.4082444932915,2138.03400131335,744169
2025-07-04,2165.2630123282484,2173.418962302105,2162.572487214372,2163.099912415833,1385524
2025-07-07,2164.888514759163,2174.6165724991847,2132.8999369802673,2162.725788970193,1640035
2025-07-08,2180.692716174842,2184.4249475172037,2176.5991151624685,2178.5142019728696,339321
2025-07-09,2175.275849897938,2173.124760506651,2153.8841113430976,2173.1027471507873,960690
2025-07-10,2191.3212457180703,2197.3836983156207,2185.276607192166,2189.132113604466,721370
2025-07-11,2194.808390111461,2200.0329917467293,2191.661168990142,2192.615774337124,380327
2025-07-14,2150.9561706198842,2171.520628432546,2142.9520506121116,2148.807363256628,1639495
2025-07-15,2159.20568690282,2157.71982135698,2148.914756390273,2157.048638264556,232406
2025-07-16,2145.936195852837,2165.0118257023837,2136.9025938341483,2143.792403449388,132120
2025-07-17,2136.7624286131972,2139.8306566725178,2116.8735456307018,2134.627800812385,776111
2025-07-18,2147.5426593150714,2159.7082437381496,2143.409270355156,2145.3972620530185,1811961
2025-07-21,2126.3892167975705,2125.5587231582954,2112.091009786765,2124.264951845725,629682
2025-07-22,2086.0067514137622,2101.140041159513,2078.495434020353,2083.9228285851773,1522243
2025-07-23,2130.34101122453,2130.28685660493,2119.376751561224,2128.212798426104,1159757
2025-07-24,2200.7340210583084,2210.3986306163906,2197.5503185612774,2198.535485572736,1015018
2025-07-25,2187.1820351100787,2196.8788915013956,2172.422035696636,2184.997038072007,1288521
2025-07-28,2232.2815740957485,2237.274379015218,2215.4430932360488,2230.0515225731756,1649798
2025-07-29,2247.7769955844087,2252.1790287749523,2224.855745152048,2245.5314641202885,1954275
2025-07-30,2221.922741285874,2223.7306824601574,2206.4736694546177,2219.703038247627,1886154
2025-07-31,2188.65300635938,2187.6358875005453,2179.0676315137034,2186.4665398195607,928072
2025-08-01,2177.684261963778,2186.9309325774443,2169.317518285103,2175.508753210568,1462413
2025-08-04,2160.9503886124608,2176.349805361668,2155.3327807824144,2158.7915970154454,1518276
2025-08-05,2148.102421654336,2156.8519277689743,2145.8032411979975,2145.956465189147,1946088
2025-08-06,2143.3708595948187,2151.875125324562,2116.5489218452176,2141.229629964854,1519302
2025-08-07,2099.917854433376,2121.979059419911,2097.2976158731676,2097.820034398977,843366
2025-08-08,2132.5463390201744,2137.104623972635,2112.2288046699705,2130.4159230970777,744988
2025-08-11,2089.3476826674932,2093.269421999034,2086.3359408773404,2087.2604222452483,791725
2025-08-12,2049.3063992746333,2051.3045150988746,2034.4838940816458,2047.259140134499,183582
2025-08-13,2083.3383881142768,2083.5520791936938,2051.9044754799083,2081.257130983294,1840531
2025-08-14,2111.8238346629505,2115.4767612594733,2107.7363911340167,2109.714120542408,1264188
2025-08-15,2167.0270652012837,2165.7197748896774,2158.4613460348532,2164.8622029982857,494720
2025-08-18,2172.3744221462034,2187.5760852751505,2152.664636951857,2170.2042179282753,1739544
2025-08-19,2147.320258427757,2154.905548284158,2128.582330446158,2145.1750833444125,870771
2025-08-20,2191.5274915610494,2198.2626398338975,2182.90974278263,2189.338153407642,846910
2025-08-21,2187.8313428517945,2204.3919314193663,2185.273870885519,2185.64569715464,1464924
2025-08-22,2183.006546024067,2192.9674000808986,2170.192962016739,2180.825720303764,384033
2025-08-25,2149.840269297598,2149.5471517698397,2143.9118992013787,2147.6925767208772,1213393
2025-08-26,2165.4499979959837,2171.856965695325,2161.6743390659626,2163.2867112846993,299253
2025-08-27,2073.5138703061593,2080.2295085235587,2060.7398642217217,2071.4424278782813,707154
2025-08-28,2093.154286598715,2098.528858959059,2077.9089822212113,2091.06322337534,605936
2025-08-29,2017.9744414103814,2018.8864831704777,1999.066939667907,2015.958482927454,841277
2025-09-01,2049.6541337121253,2051.584399533824,2042.3617996112005,2047.6065271849404,1989704
2025-09-02,1992.398848511176,1992.480797326159,1962.2565086821528,1990.4084400711051,1413165
2025-09-03,2016.7970181865917,2029.3292870961,2006.2132482824225,2014.7822359506413,1752410
2025-09-04,2106.4146614149863,2107.476192611766,2104.1859749290975,2104.3103510639226,151066
2025-09-05,2095.944219224612,2101.0126791993794,2069.249798216752,2093.8503688557566,1880928
2025-09-08,2052.0759614099193,2050.8058047227714,2049.3632892208752,2050.025935474445,555945
2025-09-09,2123.7818616580216,2138.0347391563523,2106.4396671170193,2121.660201456565,480635
2025-09-10,2106.99777964247,2117.8599536766897,2089.6610885426776,2104.8928867557147,835591
2025-09-11,2064.8865540105735,2074.4467410703996,2057.8581453955226,2062.8237302802936,775450
2025-09-12,2111.5130500239115,2114.8202266105873,2108.576517026254,2109.403646377534,1817009
2025-09-15,2003.6255337154803,2021.8515628826697,1990.2233777949261,2001.6239098056749,1361848
2025-09-16,1950.2557495444223,1963.29723331286,1945.3859193640567,1948.3074421023202,1282488
2025-09-17,1904.1812642238338,1912.7733765711023,1902.0700875169493,1902.2789852385954,379531
2025-09-18,1880.4444718818377,1882.9118149343237,1868.230883442642,1878.565905975862,70115
2025-09-19,1812.0356614459538,1815.1625641547967,1805.3350636704868,1810.2254360099441,231119
2025-09-22,1838.8958808209554,1837.6599577933318,1827.187251524,1837.0588219989568,1002858
2025-09-23,1872.7696464030923,1879.160008304495,1868.3984527974678,1870.898747655437,234575
2025-09-24,1870.9253500532022,1873.6802434421718,1852.302987539495,1869.056293759443,479377
2025-09-25,1857.0349721321586,1870.5674007876744,1842.92927602229,1855.179792339819,971621
2025-09-26,1804.8409012640625,1808.5782039794917,1791.5708619826557,1803.037863400662,1706002
2025-09-29,1820.0702793746332,1829.5930582531971,1812.6779897883628,1818.252027347286,1197594
2025-09-30,1797.1622441364882,1809.173014775819,1793.5773899955964,1795.366877259229,1083205
2025-10-01,1817.0946975346694,1832.3329820485767,1812.4309434806335,1815.279418116553,621006
2025-10-02,1850.4709392036934,1852.8274304959139,1847.2221473850873,1848.6223168868069,305450
2025-10-03,1852.0481532838926,1867.488884895631,1849.8219199001844,1850.1979553285641,1554131
2025-10-06,1781.6582915418091,1783.6824104038083,1771.4310917154455,1779.8784131286807,1847237
2025-10-07,1751.6732268942467,1760.0709419604448,1746.214188439252,1749.9233035906561,1081776
2025-10-08,1794.7369812477023,1799.5730848655644,1780.110230574838,1792.944037210492,1925195
2025-10-09,1803.676712367478,1804.9780660159538,1795.3705035057367,1801.8748375299483,763350
2025-10-10,1849.8491693599235,1849.2157503460296,1829.3761772736455,1848.001168191732,1195789
2025-10-13,1775.5111683169985,1779.5934612036096,1758.7198283652783,1773.7374308861126,481348
2025-10-14,1771.9817293042133,1772.0196175157087,1763.7991997780528,1770.211517786427,1987244
2025-10-15,1766.44082739502,1773.6294632845609,1756.4654761239517,1764.6761512437765,1460545
2025-10-16,1714.8559018760964,1720.9716217062257,1704.7935676652203,1713.1427591169795,484087
2025-10-17,1695.0396724939078,1705.7969607417801,1693.3426401118315,1693.3463261677402,816569
2025-10-20,1724.9521035230885,1735.3473877735362,1714.856528514104,1723.2288746484403,1846313
2025-10-21,1741.846234712916,1745.4060521499332,1736.5270962156721,1740.1061285843318,1727224
2025-10-22,1725.1486700552703,1727.972429029151,1708.48393415866,1723.42524481046,1953282
2025-10-23,1735.37355211249,1737.0620491169789,1733.3667009178055,1733.63991220029,1936259
2025-10-24,1772.702668426845,1774.6257303840403,1762.749680869931,1770.931736690155,635264
2025-10-27,1738.3587027476447,1741.0170454785405,1729.936732249895,1736.6220806669778,1352798
2025-10-28,1747.6228513274696,1758.6854310553922,1729.7306761288687,1745.8769743531166,1460303
2025-10-29,1780.5655348544803,1786.618955782091,1777.3208951240958,1778.7867481063743,1537904
2025-10-30,1758.599337247229,1759.8499019612266,1739.0039662796655,1756.8424947524766,1415909
2025-10-31,1799.937503255673,1801.4828188656313,1795.9849062283731,1798.1393638917814,897031
2025-11-03,1797.1467917033344,1796.1788453357194,1795.1116970224646,1795.3514402630715,1356257
2025-11-04,1833.178077640995,1843.1976475741394,1822.0548215767724,1831.3467309100852,1620474
2025-11-05,1863.7993867551552,1863.5758016271448,1858.7111074221177,1861.9374493058494,1632014
2025-11-06,1872.8222980189746,1879.7563453949333,1864.0994468711096,1870.9513466723024,647652
2025-11-07,1863.1494106344064,1871.3915357201176,1847.8994156574956,1861.2881225118947,1175458
2025-11-10,1841.3234107561493,1842.6896903723975,1832.4028841677632,1839.4839268293201,345966
2025-11-11,1847.1256757825324,1847.0471143524157,1841.6338425255985,1845.2803953871455,1531118
2025-11-12,1854.3128314005976,1859.3227926257423,1848.4485796838924,1852.4603710295683,1375139
2025-11-13,1901.3698238039667,1903.73987294046,1897.386120433074,1899.4703534505163,69609
2025-11-14,1898.6189504089527,1902.6162880674283,1892.9433492892522,1896.7222281807722,1369345
2025-11-17,1910.8865432199375,1917.2076831070406,1895.4956090618757,1908.9775656542834,228504
2025-11-18,1969.0758428255592,1971.722602108282,1956.8652912709913,1967.108734091468,694976
2025-11-19,1980.7734377914232,1994.577769340296,1975.7768263424655,1978.794643148275,244103
2025-11-20,1997.3055493380373,1998.094333675059,1978.7817310219018,1995.3102390989386,1383534
2025-11-21,2055.395372395539,2054.802515400984,2052.553735342213,2053.342030365174,1123023
2025-11-24,2059.0280523933247,2059.378158185679,2054.98668583303,2056.9710813120128,1845693
2025-11-25,2074.0911323841897,2081.181864443634,2060.5517122471315,2072.019113270919,1006203
2025-11-26,2102.5626156718954,2122.0234415447226,2097.8475146843352,2100.4621535183774,637874
2025-11-27,2098.395293208093,2113.062750213381,2065.9467468492453,2096.2989942138793,1183388
2025-11-28,2056.605876271975,2059.8563257844735,2052.322756741805,2054.551324947028,1475811
2025-12-01,2002.7114006740235,2002.9116136689115,1993.0471786086946,2000.7106899840396,679825
2025-12-02,1995.6624734770692,1996.4551920893239,1985.5978864292535,1993.668804672397,981781
2025-12-03,2036.3199916812114,2045.7886052559147,2025.1185422468443,2034.2857059752364,873665
2025-12-04,2073.0806292011107,2074.914332802488,2068.985900454308,2071.0096195815295,727221
2025-12-05,2134.155064750678,2139.2370548228423,2128.7715032086344,2132.0230417089692,1553904
2025-12-08,2169.2369724663854,2180.1478227289963,2158.5036822690827,2167.069902563822,1942666
2025-12-09,2144.1885349127333,2143.9537600353387,2109.3527706817895,2142.0464884243092,409466
2025-12-10,2088.3003570850224,2094.0238255300737,2073.442505826045,2086.2141429420803,1332562
2025-12-11,2069.153109233354,2082.3811411404004,2050.587910985787,2067.086023210144,1000041
2025-12-12,2059.5366802343115,2063.35267440811,2042.548255503228,2057.4792010332785,121348
2025-12-15,2032.2561792363263,2036.3908678338005,2020.6112436737158,2030.2259532830435,711110
2025-12-16,2066.2347956711533,2072.2298042711623,2063.8751526192736,2064.1706250461075,1494139
2025-12-17,2037.0217180626362,2055.7668720076786,2028.338189508966,2034.986731331305,682295
2025-12-18,2058.5412843353215,2059.620874380696,2042.2489696416997,2056.484799535786,1660494
2025-12-19,2087.7554138052046,2090.5143169505477,2076.493856606227,2085.669744061144,1210642
2025-12-22,2022.6154459530424,2025.0391531458426,2012.8832151291822,2020.5948511019405,1002211
2025-12-23,2007.4557573132022,2014.4128640168046,1999.4595494986238,2005.4503070061962,1132240
2025-12-24,2053.0722508419135,2055.0672090119915,2050.527635634588,2051.0212296123013,208231
2025-12-25,2084.48419595812,2082.4610601012387,2062.775061932636,2082.4017941639563,1171467
2025-12-26,2089.295152262715,2107.65666175122,2080.8689591878674,2087.2079443183966,1552012
2025-12-29,2047.8859862368824,2053.0397910734537,2036.7047614332864,2045.840146090792,1855851
2025-12-30,2022.2295833170936,2026.2708142934875,2019.794354593093,2020.2093739431507,851723
2025-12-31,2025.6307893507424,2031.7023479292557,2018.1148781614959,2023.607182168574,1803683
2026-01-01,2071.829849796814,2070.568835526923,2055.006672695235,2069.760089707107,1633394
2026-01-02,2090.4278388322036,2104.469993934236,2071.8532626786587,2088.339499332871,567034
2026-01-05,2087.3859459881833,2101.8368583693223,2072.4918303879886,2085.3006453428407,837512
2026-01-06,2096.3822239882147,2095.4984288953638,2090.164691436884,2094.287936052163,671432
2026-01-07,2125.958551987625,2134.3671654986383,2115.0409100483494,2123.8347172703548,909682
2026-01-08,2059.1247879386096,2069.8600144456213,2045.6859689152034,2057.0677202183915,1048848
2026-01-09,2022.6578790169322,2027.9558598361493,2006.6901410902449,2020.6372417751572,1474942
2026-01-12,2023.9852019344069,2026.9113673511256,2003.3477013098766,2021.9632386957114,1797438
2026-01-13,2068.2226549720813,2066.715446238297,2054.718888170911,2066.156498473608,572470
2026-01-14,2108.5931512815846,2109.4704608630072,2097.9116168322385,2106.486664616968,1757510
2026-01-15,2079.215263666727,2080.4824131803466,2072.9854491944716,2077.138125541186,1769564
2026-01-16,2080.316395711192,2092.389164679505,2058.7766267970223,2078.2381575536388,1897480
2026-01-19,2052.777106098555,2059.0873762070037,2050.6307930846647,2050.7263797188366,553267
2026-01-20,2038.5340263140827,2054.1684095273135,2030.6469835130092,2036.4975287852976,1418036
2026-01-21,2043.9932520710552,2048.311250917865,2038.7889780279804,2041.9513007702851,1743549
2026-01-22,2030.8509461278127,2033.3974525557796,2008.9694007410958,2028.822124003809,121000
2026-01-23,2010.6156207621402,2008.9548991925108,2007.2500103285247,2008.607013748392,1570485
2026-01-26,1968.6402541401083,1975.233972596638,1959.7427649612707,1966.673580559549,1955514
2026-01-27,1912.6624776844462,1914.041671170062,1908.139643804484,1910.751725958488,614311
2026-01-28,1906.1732997453146,1908.2570465774413,1893.0843675129674,1904.2690307146001,809074
2026-01-29,1912.870565604862,1922.1685793541023,1905.001028372298,1910.9596059988633,1467280
2026-01-30,1934.2253115933381,1935.5653172473071,1927.4093976307486,1932.2930185747637,1625905
2026-02-02,1905.8964491667812,1919.8689180230551,1897.2509760466078,1903.9924567100713,1206840
2026-02-03,1881.2216729982101,1885.3216778398473,1875.3311360848193,1879.3423306675427,1299792
2026-02-04,1924.0281549173708,1935.8655808175702,1916.9067289929553,1922.1060488685025,755496
2026-02-05,1938.513347522671,1946.9394200819665,1924.8590206007905,1936.5767707519192,663852
2026-02-06,1969.4458477708927,1969.552580902962,1951.3819072304393,1967.4783694014914,1117253
2026-02-09,1949.416476261518,1962.6232653307595,1931.5935098331088,1947.469007254264,1730249
2026-02-10,1924.4555311361867,1929.1496690701574,1922.4974004993394,1922.532998138049,369354
2026-02-11,1884.7151917438937,1902.4146704681261,1872.532045545825,1882.8323593845093,728765
2026-02-12,1918.3669651512223,1927.9997356241163,1909.7732726995127,1916.450514636586,81182
2026-02-13,1879.2869022574928,1888.9400623032768,1874.536244847639,1877.4094927647282,975110
2026-02-16,1820.909651804669,1833.4402047323176,1818.6771949162799,1819.0905612434258,1944822
2026-02-17,1796.4851702503706,1806.5746693310657,1790.4265052055603,1794.6904797706002,1232427
2026-02-18,1837.418898565975,1840.777251862232,1827.2315964905995,1835.5833152507246,1418873
2026-02-19,1838.4018306945445,1848.7208807356271,1821.5429732063587,1836.5652654291157,1866585
2026-02-20,1846.2040073748724,1845.5466368649795,1834.9621412517615,1844.3596477271456,1553236
2026-02-23,1850.144379902942,1858.1236244644672,1846.949290677967,1848.2960838191232,860304
2026-02-24,1848.6984253136884,1851.3431886309788,1846.065397379158,1846.8515737399487,731329
2026-02-25,1843.202808229737,1843.231339981828,1837.9267341132693,1841.3614467829543,1081296
2026-02-26,1796.8093789946272,1799.8363021895595,1787.4462594974325,1795.0143646299973,75532
2026-02-27,1850.5727393837933,1854.8465188130983,1830.8292127876882,1848.7240153684252,260216
2026-03-02,1845.5688431574974,1847.966551848865,1842.5684229160236,1843.7251180394583,109480
2026-03-03,1885.8327327543439,1885.321523808081,1877.3040370386318,1883.9487839703736,1513833
2026-03-04,1832.9655346021395,1834.2867045066696,1816.6714468925159,1831.1344002019378,647133
2026-03-05,1850.846952878152,1849.3026033440842,1845.854694039202,1848.997954923229,1238874
2026-03-06,1811.6698453477152,1826.9535698520128,1803.929854543612,1809.859985362353,539327
2026-03-09,1769.6804184738,1784.8957508614476,1762.8367789822537,1767.9125059678324,1045694
2026-03-10,1778.1981921434099,1782.224259256762,1765.6997360652178,1776.4217703730371,1021937
2026-03-11,1811.1649895567402,1810.731449557827,1807.9092751631947,1809.3556339228176,1355845
2026-03-12,1855.7072320452125,1870.1411901386325,1852.7653234796574,1853.8533786665462,585799
2026-03-13,1900.120497161419,1902.0892247719307,1896.9887792736417,1898.2222748865327,1925159
2026-03-16,1890.9090983232716,1898.1018619391823,1887.4021792740398,1889.0200782450268,1828730
2026-03-17,1917.6179250083633,1920.1589686923835,1914.0961340089725,1915.702222785578,1838899
2026-03-18,1897.0840790771224,1906.8826590903016,1889.5749356437366,1895.1888901869356,787604
2026-03-19,1878.7304660399548,1877.1242119138676,1872.3234279013468,1876.8536124275274,1285816
2026-03-20,1887.0074634736925,1885.829374785032,1881.581994393608,1885.1223411325602,700727
2026-03-23,1883.0680017239754,1881.4055500861505,1879.9629181490761,1881.1868149090665,1086210
2026-03-24,1911.8306840815815,1912.6047950376515,1892.590460552113,1909.9207633182634,755645
2026-03-25,1849.0010781925632,1856.7664087009014,1846.065956307994,1847.1539242682952,828553
2026-03-26,1886.7892607873796,1891.3960342941123,1884.7743682962814,1884.9043564309488,518795
2026-03-27,1867.1588504077583,1875.801678274528,1860.9581481419566,1865.2935568509076,1040671
2026-03-30,1916.750140323922,1922.937265731898,1904.6820099687109,1914.8353050189035,288251
2026-03-31,1956.2056564705167,1963.8908410104189,1945.659256246138,1954.2514050654515,1788373
2026-04-01,1915.850138062004,1917.6766424714908,1905.8422540350045,1913.936201860144,1315040
2026-04-02,1914.2251187142595,1913.3451667549787,1905.9338336585295,1912.3128059083513,1376635
2026-04-03,1937.6261263553638,1951.8746005093124,1930.6074628572524,1935.6904359194446,695653
2026-04-06,1910.17580121944,1909.0829515220848,1902.333852642615,1908.2675336857544,478850
2026-04-07,1884.872463050426,1883.745491517187,1872.2166901628605,1882.9894735768494,832035
2026-04-08,1874.6802077377124,1875.205786008638,1859.6949735547612,1872.8074003373752,1840658
2026-04-09,1899.8696993155027,1906.1666970837937,1892.6757238060834,1897.971727587915,1820760
2026-04-10,1930.9505313391778,1932.1224647142315,1924.9625182301818,1929.0215098293486,1941704
2026-04-13,1916.4637552959691,1916.9122831274133,1903.354378466243,1914.5492060898794,1536979
2026-04-14,1945.0974950961759,1951.2981711662248,1928.9953482311012,1943.1543407554207,1093561
2026-04-15,1996.6678615040644,2015.5412756979078,1993.987691359992,1994.6731883157488,1858230
2026-04-16,2029.7929342067168,2044.1964675363736,2019.3139980345823,2027.7651690376795,1346496
2026-04-17,2003.3071965173035,2016.2821546745165,1985.9941686938314,2001.305890626677,1299954
2026-04-20,1973.277678657537,1976.324755181757,1962.7627868888076,1971.306372285252,690867
2026-04-21,1983.5692256946477,1982.3024651555013,1974.6102204924641,1981.5876380565912,1563821
2026-04-22,2012.9917081790159,2012.780870605734,2001.2326032301116,2010.9807274515645,1079712
2026-04-23,2028.6886486096491,2043.471692886512,2025.2846320197502,2026.6619866230262,1519097
2026-04-24,2014.9200956930492,2030.174803698564,2005.1584202150332,2012.9071885045448,742268
2026-04-27,1981.637429272523,1993.4781641869583,1966.3703820330977,1979.6577715010221,930415
2026-04-28,2026.9672924779704,2029.1490675865612,2012.891568714663,2024.9423501278427,1671059
2026-04-29,2021.8170189035484,2031.8701981031331,2016.44666186514,2019.7972216818666,1756349
2026-04-30,2089.666731712264,2089.091424412795,2078.4197393033533,2087.5791525597047,789053
2026-05-01,2047.0431571066952,2053.543222266526,2044.0943361093002,2044.9981589477477,724698
2026-05-04,2035.2131707658607,2038.6293385639426,2027.760683532423,2033.1799907750858,1276418
2026-05-05,2012.1553186769188,2018.4293352284417,2003.2422063911106,2010.1451735034157,647880
2026-05-06,2078.9019312093346,2083.2377167133855,2062.998471743474,2076.8251061032315,1331209
2026-05-07,2125.2970697781666,2133.1195473316275,2116.243607667251,2123.1738958822843,1135165
2026-05-08,2106.855633388795,2105.1764992912235,2084.4541737887794,2104.750882506289,99554
2026-05-11,2034.5309597348405,2033.8996250510866,2020.2230086707966,2032.4984612735673,1209924
2026-05-12,2076.908991507313,2084.645998743198,2071.058189332622,2074.8341573499633,812730
2026-05-13,2082.1795036193525,2105.5879604975544,2072.553720832862,2080.099404215138,1278207
2026-05-14,2040.5669648126357,2041.3328436954494,2037.7045280621596,2038.5284363762596,463827
2026-05-15,1986.1289360018745,1996.7052138541515,1974.880956073494,1984.1447912106642,1218013
2026-05-18,2000.787463327881,2016.5709172031889,1983.3665915634294,1998.7886746532279,1865435
2026-05-19,1993.865506306427,1998.8352880629554,1991.7472521706497,1991.8736326737535,187302
2026-05-20,1999.4596974243286,2004.4214044580094,1987.0279825271223,1997.4622351891396,1005934
2026-05-21,2014.053813725575,2021.862722165833,2011.337847925346,2012.0417719536217,1655067
2026-05-22,2001.1773549845475,2017.8525960255781,1988.8425710578163,1999.1781768077399,665933
2026-05-25,1991.8784805910327,1995.8803245085087,1987.7394003242214,1989.888591999034,1536757
2026-05-26,2015.870698540746,2020.7408326041216,2011.3706884857788,2013.8568416990472,1884180
2026-05-27,2012.3883060272128,2011.6006457441813,2001.1489443808523,2010.377928099114,121475
2026-05-28,2002.8970975470475,2004.6836553189507,1987.2008524081573,2000.896201345702,612630
2026-05-29,2026.313670392166,2044.3289201851999,2019.5364456868722,2024.289381011155,1772466
2026-06-01,1955.1468542115806,1975.6519649239642,1943.8722241875817,1953.1936605510298,543486
2026-06-02,1999.1088219427115,2009.7098717725517,1995.437917031436,1997.1117102324793,589261
2026-06-03,2015.5603992891574,2019.538790165616,2007.6798623602017,2013.5468524367209,1547962
2026-06-04,1988.5359173382476,1991.0425213672434,1985.28528642602,1986.5493679702774,1085739
2026-06-05,1982.8168088798507,1985.7229702454385,1977.9213116646765,1980.8359729069439,297958
2026-06-08,2026.9379051916799,2026.9308469364557,2021.3882217368366,2024.9129921994806,593568
2026-06-09,2047.5818157653057,2059.5390132593143,2038.9206845779352,2045.5362794858202,754202
2026-06-10,1983.0533288479828,2010.4686981292998,1977.5634440901654,1981.0722565913916,113936
2026-06-11,1947.658019821502,1954.3289923897426,1933.4300850043014,1945.7123075139882,1949016
2026-06-12,1954.6191927475427,1961.796739641588,1943.6703571461253,1952.6665262213216,1950789
2026-06-15,2017.6154704824753,2025.6997721705084,2014.2967082294685,2015.5998706118637,755614
2026-06-16,2045.8164486047215,2043.9928057120242,2040.5206052016463,2043.772675928793,1084325
2026-06-17,2039.2609087568162,2040.9014160229383,2033.6860024025248,2037.2236850717447,1054186
2026-06-18,2061.026889599088,2068.967052841934,2038.291921550828,2058.9679216774107,738999
2026-06-19,2062.3216647852832,2068.350198504246,2050.1065566484513,2060.2614033819013,897656
2026-06-22,2051.8873239001528,2062.8137841885323,2045.8642726504254,2049.837486413739,421174
2026-06-23,2066.594945142752,2075.8545277145586,2058.0164374135284,2064.530414728024,1522798
2026-06-24,1988.37979596894,1989.2308116844895,1985.418874748966,1986.3934025663739,418994
2026-06-25,2025.0090214243526,2030.2207876835384,2020.4838099047765,2022.9860353889637,1390187
2026-06-26,2045.1688177162919,2064.502679105333,2030.1069174575287,2043.125692024268,481359
2026-06-29,2029.8451799836243,2034.0332773104888,2024.9755064970436,2027.8173626210037,776380
2026-06-30,1999.5861524386896,2000.9498838771178,1990.7432258893716,1997.588563874815,1199570
2026-07-01,1957.2393882222177,1959.7409835018316,1940.200381832142,1955.2841041180998,1472832
2026-07-02,1967.4950947133084,1972.1857197987174,1958.924967417144,1965.5295651481604,183623
2026-07-03,1973.4593437388105,1983.8443461380148,1970.563928237203,1971.4878558829278,1136535
2026-07-06,1980.4400469127677,1990.9374177781763,1972.174113287759,1978.4615853274404,631714
2026-07-07,2041.7324949650665,2045.0328869854404,2022.8407672011256,2039.6928021629037,791830
2026-07-08,1962.255073709444,1961.4168719397062,1958.313062489854,1960.2947789305138,1495612
2026-07-09,1937.7551223804137,1942.9404706778666,1928.7457528157656,1935.8193030773366,778994
2026-07-10,1911.739527071899,1910.138798004497,1897.212596144077,1909.8296973745246,510941
2026-07-13,1944.8314225783704,1945.3869021075577,1929.476556835608,1942.8885340443262,951157
2026-07-14,1936.8626693895976,1936.9237081262509,1934.1722984503062,1934.92774164795,755627
2026-07-15,1905.0183405318253,1907.0100683639164,1896.5649801974353,1903.115225306519,935119
2026-07-16,1912.8347613433245,1913.8017998936905,1908.9153120576332,1910.923837505819,1417760
2026-07-17,1927.459191164109,1925.8646521006237,1921.309334988899,1925.5336575066026,67788
2026-07-20,1983.6883636119055,2007.2924544916505,1976.7461026190745,1981.7066569549509,352378
2026-07-21,1993.4847865884387,1994.2552335989546,1980.2718174933527,1991.4932932951438,79895
2026-07-22,1978.624340031101,1977.8398940239915,1975.247996031995,1976.6476923387625,1536348
2026-07-23,1961.6581303258163,1965.4002358412224,1952.0576440783823,1959.6984318939226,433879
2026-07-24,1933.9816378710968,1933.8186361974515,1922.3010754444938,1932.0495882828143,1749110
2026-07-27,1951.6123872515548,1956.145496853616,1935.66635526643,1949.6627245270279,1383846
2026-07-28,1980.8690075786633,1980.2354701215406,1977.5405774892631,1978.8901174612024,199100
2026-07-29,1973.6547241958715,1979.9861667604564,1971.6407417325418,1971.683041154717,1940870
2026-07-30,1969.6792870587253,1974.44628318037,1963.794841541308,1967.7115754832423,567111
2026-07-31,2018.958341676091,2020.5447342533673,2010.502434383839,2016.9414002758156,63738
2026-08-03,2023.4018591841623,2035.5979429003607,2017.3631458873417,2021.380478705457,187726
2026-08-04,2042.2141932654624,2047.0145648029038,2037.178137623189,2040.1740192462164,59251
2026-08-05,2003.4758278424472,2008.5203843796016,1988.3725209999398,2001.4743534889585,1158923
2026-08-06,1982.637481496435,1984.7510444750628,1967.7514693230942,1980.6568246717634,1085121
2026-08-07,1907.8136373729092,1907.3518471903342,1892.3237662620445,1905.907729643266,1505120
2026-08-10,1862.022062552772,1870.3616564457236,1847.167927363249,1860.16190065212,1684480
2026-08-11,1875.0115169383917,1879.2499086639111,1869.2580416412,1873.138378559832,710337
2026-08-12,1917.4972764697175,1917.2510928927104,1912.0586529782618,1915.5816947749427,1734915
2026-08-13,1909.1328152317203,1910.1262788976996,1905.5874497036411,1907.2255896420784,1144091
2026-08-14,1869.2260593235428,1867.3710940624176,1864.1353331639375,1867.3587006229202,320961
2026-08-17,1873.084078060332,1878.704576120579,1866.3279579205316,1871.2128651951373,1326203
2026-08-18,1912.1098013532933,1912.2144210411386,1904.0373408258233,1910.1996017515419,658696
2026-08-19,1907.3057516518763,1909.8958755860767,1895.2365452096583,1905.400351300576,1677792
2026-08-20,1939.375323774348,1948.3459079603872,1932.6014831395823,1937.4378858884597,1332368
2026-08-21,1937.979961158327,1946.3468759114614,1935.5319937781555,1936.043917241086,50826
2026-08-24,1896.1734845720657,1901.6757791051273,1886.0447138144998,1894.2792053666992,1672895
2026-08-25,1866.252218363324,1877.9942412370217,1853.8822201469939,1864.3878305327912,1394525
2026-08-26,1858.483025289485,1861.0024189547835,1852.9372937624732,1856.6263988905948,1731323
2026-08-27,1934.9410030947026,1940.3919882860318,1929.782305543682,1933.0079950996032,529914
2026-08-28,1955.9323644290466,1962.5617099299054,1948.6572552933378,1953.9783860430039,717017
2026-08-31,1948.4177306745908,1953.7913589929165,1943.905796370572,1946.4712594151758,237907
2026-09-01,1959.316816926215,1964.4718868835705,1953.4642606362186,1957.3594574687465,1368032
2026-09-02,1967.5637169829631,1968.0812530351143,1963.5919585123231,1965.5981188640992,1048288
2026-09-03,1952.8277432127957,1955.255975398812,1948.238582805651,1950.8768663464493,1221945
2026-09-04,1949.9721793415504,1950.9192672810634,1926.1483146227038,1948.0241551863642,93771
2026-09-07,1941.9268048467766,1942.8763975325094,1923.4919938175562,1939.986818028748,479953
2026-09-08,1968.4581215863382,1981.898427222953,1962.2625589907195,1966.491629956382,424633
2026-09-09,2024.085772666757,2034.681984191481,2014.012716648601,2022.0637089577995,1512989
2026-09-10,2072.9112789816077,2085.3075656661076,2065.6163095655625,2070.840438543065,1207651
2026-09-11,2061.993933286479,2075.727815748484,2058.2290551145356,2059.9339992871924,327004
2026-09-14,2083.237795941484,2089.410332097707,2078.722460983213,2081.156639302182,944969
2026-09-15,2057.1779160597266,2066.0780844057736,2048.773133042316,2055.1227932664606,1401188
2026-09-16,2017.926014236035,2026.5160624683629,2012.5628757331062,2015.9101041319032,536566
2026-09-17,2021.5117007898575,2022.913939377062,2018.9208590811165,2019.4922085812764,820447
2026-09-18,2044.347824739416,2045.9033388045852,2026.6279670483927,2042.305519220196,242037
2026-09-21,2042.934622193418,2044.6477723810447,2027.5818042865958,2040.8937284649533,1564505
2026-09-22,2074.0007889756375,2086.2027113642116,2066.4459907600803,2071.928860115522,1065684
2026-09-23,2105.5553990413528,2115.6038675078885,2101.545677065059,2103.4519470942587,1594855
2026-09-24,2134.923752622333,2133.891074198357,2113.2977335718797,2132.7909616606726,1740309
2026-09-25,2129.976221689388,2128.939788439848,2116.023172341064,2127.848373316072,340154
