Date,Open,High,Low,Close,Volume
2022-01-03,121.51496637515918,121.56949269977675,120.4795653819847,121.39357280235683,631716
2022-01-04,117.42442863278191,117.72351413104805,117.26529547857784,117.30712151127065,184901
2022-01-05,114.67140831177684,115.1871602260739,114.08127783634346,114.55685146031654,1765618
2022-01-06,116.81727062971486,116.81738773330518,116.5019419022412,116.7005700596552,1067230
2022-01-07,115.05437989890363,115.06908169046523,114.64620084207743,114.9394404584452,1862605
2022-01-10,117.82844913577811,117.87090441539412,117.31295599032566,117.71073839738075,1483001
2022-01-11,120.79317843306612,121.07870994602676,120.48882909506311,120.67250592713899,1506412
2022-01-12,120.43568710869295,121.04972306169046,119.54423899089808,120.31537173695601,639907
2022-01-13,121.68278090153575,121.82480817171778,120.44104893249356,121.56121968185391,1979438
2022-01-14,119.95725884726858,119.98781307322994,119.35389528722389,119.83742142584275,625446
2022-01-17,119.16473620628466,119.72582366105335,118.94642768531192,119.0456905157689,582310
2022-01-18,117.74567075492885,117.66052629073613,117.22397049427462,117.62804271221665,180906
2022-01-19,119.05685334467482,119.32135879144886,118.68290742118505,118.93791542924559,296226
2022-01-20,116.39144055858763,117.09327522627599,116.03978805945854,116.27516539319446,1070749
2022-01-21,116.18406962621869,116.12291584180237,115.30044722005931,116.0680016245941,1674708
2022-01-24,116.35283128156946,116.40681004920272,115.90310692974049,116.2365946868826,508235
2022-01-25,117.49412718929116,118.53976429678616,116.91743094364982,117.37675043885233,1637777
2022-01-26,113.09304007555623,114.25382039609903,112.12295551546704,112.9800600155407,1379552
2022-01-27,109.53147568502092,110.27268584938126,109.21637185180907,109.42205363138955,569493
2022-01-28,107.86246933667255,108.22554273224209,106.48052782381676,107.75471462205051,299029
2022-01-31,107.48473234923206,108.1051634288784,107.06840083001194,107.37735499423783,1219836
2022-02-01,107.80580706234423,107.81629023222229,107.48734840211117,107.69810895339084,345690
2022-02-02,108.22884390744922,108.58805719057293,108.09366965963594,108.12072318426496,230796
2022-02-03,112.18778541785272,112.86075280215928,112.05097854168366,112.07570970814459,937181
2022-02-04,113.55368780075746,113.51068065726923,112.80600482179086,113.44024755320427,337711
2022-02-07,114.79896946133556,114.90648471271729,114.35743811040864,114.6842851761594,1907880
2022-02-08,113.84674967544372,113.73514442628398,113.21940340104429,113.73301665878495,1943769
2022-02-09,115.49171379610203,116.09132134416275,114.85211834547874,115.3763374586434,1751196
2022-02-10,116.9689172917958,117.38601836336863,116.72823200659944,116.85206522656925,1750937
2022-02-11,118.42095070821586,118.59067164290013,118.07570351258116,118.30264806015572,1286583
2022-02-14,118.22956337516598,118.87048560826868,117.23388732786063,118.11145192324275,388122
2022-02-15,119.5957188357076,119.59170677247849,119.24035671286835,119.4762425931145,1896341
2022-02-16,122.90527506659565,123.17350302588741,122.15358523731574,122.78249257402165,1323173
2022-02-17,121.20047403252373,121.27169101235262,121.01578452988853,121.07939463788585,207115
2022-02-18,116.56302756045329,116.54019520393388,116.44616700402679,116.44658097947384,1436528
2022-02-21,118.31606479703517,118.89643278849086,117.60613177607651,118.19786693010508,1066522
2022-02-22,119.91213324875797,120.20028299980962,119.52978513760796,119.79234090785013,1083832
2022-02-23,119.45982126444684,119.68817789319955,119.3362356646336,119.3404807836632,452221
2022-02-24,118.55449354252693,119.19791383719995,118.36614666381288,118.4360574850419,1027360
2022-02-25,124.44270909266992,124.80856140948647,124.18633758844817,124.31839070196796,1057984
2022-02-28,123.4517583638143,123.58119934831754,123.27529049274251,123.32842993388044,1377618
2022-03-01,120.80259955553353,120.81213810227618,120.4852848467928,120.68191763789565,1988713
2022-03-02,119.81227280177202,120.13221540873599,119.07262901644268,119.69258022155049,101950
2022-03-03,120.92720281405627,121.45053801774442,119.24187150242642,120.80639641763865,1068952
2022-03-04,119.64487791783755,120.07590852446701,119.45896476712673,119.52535256527229,1930557
2022-03-07,118.8511738783548,118.88544110335265,118.58866010762742,118.7324414369179,1318004
2022-03-08,119.53826546985621,119.70392913756925,118.69379086133677,119.418846623233,1238738
2022-03-09,118.65867773280591,118.6734243951785,118.27352935602683,118.54013759521071,1997429
2022-03-10,118.96539905997831,118.86785326695154,118.16808432832893,118.84655250747085,980329
2022-03-11,118.91227483141154,118.80239010252637,117.76166044784165,118.79348135006148,1232989
2022-03-14,116.68898745053991,117.49101467558454,116.51028667089668,116.57241503550442,597489
2022-03-15,116.87332088757542,116.99844464752105,116.26597086304098,116.75656432325218,1011674
2022-03-16,114.4814858936219,115.41262235901787,113.89928724994706,114.36711877484706,582885
2022-03-17,116.42263698595691,116.33038810171463,115.9603494993335,116.30633065530162,409401
2022-03-18,114.51433474823396,114.78179902972022,114.25498046777497,114.39993481342056,1253006
2022-03-21,114.0584452499359,114.53319159187012,113.12397140086235,113.94450074918673,1147646
2022-03-22,110.38312471072891,110.36546864411501,109.96753445856928,110.27285185887006,425793
2022-03-23,109.53154510283402,109.74689923059793,108.82115874960336,109.42212297985418,626534
2022-03-24,107.11445596221884,107.3683212987757,106.28647949629878,107.00744851370514,1416552
2022-03-25,110.00022788260078,110.94955700937226,109.8700390443514,109.89033754505574,1754518
2022-03-28,109.79045880696081,110.16215742030431,109.06612493945305,109.6807780289319,217051
2022-03-29,110.84232311663027,110.99715487930597,110.02314171487119,110.73159152510517,733180
2022-03-30,107.40545224672212,107.52312336603434,107.19078639211288,107.2981540926295,803286
2022-03-31,105.05290590602785,105.1621330727508,104.73486657045397,104.94795794807978,1193645
2022-04-01,104.75875725862505,104.74938796226532,103.44873758733465,104.6541031554696,601465
2022-04-04,102.24331561587513,102.3712395436891,101.32466955287579,102.1411744414337,54271
2022-04-05,104.35151853418922,104.70292817382243,103.8766856637911,104.2472712629263,53982
2022-04-06,103.62289274905443,103.55270609954624,103.44904109776887,103.51937337567877,1261705
2022-04-07,103.92137036930065,104.01527131681624,102.94477100819516,103.81755281648418,1407391
2022-04-08,104.50467115255456,105.1196453154816,103.46735177288986,104.40027088167291,582445
2022-04-11,104.24527223016119,105.00564372966325,103.89803225689306,104.14113109906214,1782640
2022-04-12,105.70545684621841,106.02458742412327,105.36518512946085,105.5998569892292,420872
2022-04-13,104.45546908837328,104.75196231550913,104.32697329449093,104.35111797040288,806814
2022-04-14,105.15590674901435,105.80311904692951,104.62193751176584,105.05085589312124,1709498
2022-04-15,107.41986297597262,107.69130770690063,106.5790584960139,107.31255042554709,519357
2022-04-18,107.84587427356941,108.17749243712291,107.1360889840782,107.738136137432,931347
2022-04-19,108.1035100044109,108.3148588118322,107.79852944698463,107.99551448992098,1330391
2022-04-20,107.48056243609322,108.16565848129413,107.0808440089416,107.3731892468464,1886599
2022-04-21,107.60843281377997,107.9347866332876,107.45305544193761,107.50093188189808,270951
2022-04-22,108.91894887883925,108.84612737204027,108.66296014748526,108.81013874009916,1772322
2022-04-25,108.46021756405267,108.57294385913795,108.20983535506808,108.35186569835433,1710282
2022-04-26,105.22974814205207,106.1420299768578,104.58521121933069,105.12462351853355,687881
2022-04-27,105.55214709066128,105.44778101602785,105.20662171145882,105.44670039027102,1036019
2022-04-28,105.28647045104286,105.68826417369203,105.13988621904798,105.181289161881,1849022
2022-04-29,106.18005093176843,106.61374920359042,105.49694487434671,106.07397695481363,1377958
2022-05-02,106.27028775701291,106.32835840966023,106.07795595910618,106.16412363337955,534583
2022-05-03,109.25821630755776,109.51430155892875,108.85623421638812,109.14906724031745,647317
2022-05-04,106.93712382365436,107.19766697894369,106.8149113216053,106.83029353012425,1965704
2022-05-05,105.10745890000935,105.36507212517887,104.24606428616373,105.00245644356579,1077294
2022-05-06,106.3396450858437,106.39064931690754,105.22053128444585,106.23341167416955,222773
2022-05-09,104.40993238204221,104.63360359730716,103.0031763599824,104.30562675528694,1154183
2022-05-10,105.02675440960157,105.84511212504577,104.82743137563148,104.92183257702455,1799930
2022-05-11,105.00871986809153,105.86668078236438,104.30767006030003,104.9038160520395,1261169
2022-05-12,101.36014407596653,101.45264691860919,100.37726847847203,101.25888519077577,1323547
2022-05-13,102.57081598498752,102.54397857103086,102.02190439493813,102.46834763735018,1592321
2022-05-16,105.07476717935378,105.49078423274622,104.66722002401261,104.96979738197183,257255
2022-05-17,105.47135247052647,106.11770502797629,105.25363174340252,105.36598648404244,890666
2022-05-18,102.86354630833874,103.02454482325714,102.73758722255022,102.76078552281594,1985907
2022-05-19,104.31013489539207,105.1318460097795,104.11571152492277,104.20592896642566,891543
2022-05-20,102.39540841609183,102.37131622271211,102.07845724043086,102.29311530079104,1947533
2022-05-23,102.18495720059985,102.63222197242214,101.49188344597407,102.0828743262736,884927
2022-05-24,102.94171749673644,103.09778228512722,102.51486006378494,102.83887861811834,662871
2022-05-25,101.52898352521306,101.4627180985825,101.36875227984544,101.42755596924383,127120
2022-05-26,98.49412316248647,98.61414039550748,97.59126260750003,98.39572743505143,1699646
2022-05-27,98.25324403141278,98.16921084286817,97.48011823724455,98.15508894247031,772934
2022-05-30,98.18446562285327,98.57899697209288,97.85434589851205,98.08637924360967,760857
2022-05-31,96.70709410106889,97.03566915234747,96.11260468562394,96.61048361745145,1858117
2022-06-01,95.37764732282155,95.4209168409549,94.66559080298086,95.28236495786369,1608430
2022-06-02,96.6313740863267,96.7948825295494,96.29172878818947,96.53483924707963,1376140
2022-06-03,96.48114758799358,96.60492477007821,95.41602514438877,96.38476282516842,1875854
2022-06-06,95.6846670655459,96.54835355122398,94.79663106453492,95.58907798755834,778831
2022-06-07,94.68062330980239,95.26666129016368,94.40044151736313,94.58603727252986,244217
2022-06-08,94.9664317054825,96.05880420716761,94.27753672642639,94.87156014533718,1647821
2022-06-09,95.12615500623096,95.33827194264768,94.96033032042553,95.03112388234862,81139
2022-06-10,94.83878002717331,95.2000432109247,93.50190082641075,94.74403599118214,584229
2022-06-13,92.51498804738306,93.16011833914057,91.04208399617998,92.42256548190116,1503559
2022-06-14,91.9105225691884,92.06114909312781,91.80237263400561,91.81870386532309,861482
2022-06-15,90.89389594365102,91.43342203497826,90.43641277258865,90.80309285080023,1904727
2022-06-16,91.00115859352053,91.05889874238238,90.50221145093455,90.91024834517536,614899
2022-06-17,92.85339212569775,92.79333023674924,92.7084810696429,92.76063149420357,649063
2022-06-20,94.40717504290556,94.57756633464187,93.6195443913144,94.31286218072485,845213
2022-06-21,95.47368445135989,95.84254466095337,94.86203049654588,95.37830614521468,626170
2022-06-22,95.66030051539838,96.09683732254469,95.48358825797946,95.56473577961877,322025
2022-06-23,95.11479399576002,95.71255557525124,94.80029282609541,95.0197742215385,1071098
2022-06-24,95.67505116798901,96.02771754939036,95.23717632104578,95.57947169629273,1167664
2022-06-27,94.87312033320114,95.2441649995355,94.3988612125253,94.77834199120994,1171607
2022-06-28,94.30285777502739,95.01921128072014,93.40961255647608,94.2086491259015,324794
2022-06-29,92.90690089988853,92.88328339378195,92.77521308205502,92.81408681307546,148974
2022-06-30,92.81594699811336,93.21266686154132,92.61497535590985,92.72322377433903,932997
2022-07-01,92.68706345179183,93.40904609890987,92.39788162345032,92.59446898280903,1945367
2022-07-04,95.68193571865721,96.0217456944359,95.24248094330261,95.58634936928794,1534628
2022-07-05,96.60738826541906,96.52427507701016,96.0177305845244,96.51087738803103,1374580
2022-07-06,95.96426857889915,96.33905395745808,95.60521064028985,95.86840017872044,1797938
2022-07-07,97.26557526099315,97.92885878382799,96.87968495602489,97.16840685413902,314275
2022-07-08,96.45598577506513,96.93989139787628,96.15434089115742,96.35962614891622,1338189
2022-07-11,98.16133385818375,98.11067009598638,97.46351140182074,98.06327058759616,427575
2022-07-12,99.49612707560792,99.72356842798352,99.2372974303664,99.39673034526267,793831
2022-07-13,104.538400646681,104.47180886469685,104.11052115877176,104.433966680001,163618
2022-07-14,102.55055727124218,102.76351750312044,102.1598476666428,102.44810916208012,446341
2022-07-15,102.41456370247845,102.48361623672018,101.75425633626814,102.31225145102744,511198
2022-07-18,102.2047090656941,102.6801854102845,101.76293323405058,102.10260645923488,596089
2022-07-19,102.73140088132867,103.28204401280217,102.4781642291449,102.62877210921945,1943949
2022-07-20,104.00678618437067,104.06640749505067,103.85985634162031,103.90288330106961,579531
2022-07-21,102.2287966905531,102.72386020756363,101.80409764399151,102.12667002053257,1701299
2022-07-22,100.92855065227992,101.16839639496769,100.77391313826399,100.82772292935059,1346466
2022-07-25,101.4581237062005,101.60060728458308,100.87971436113389,101.35676693926125,1134834
2022-07-26,103.17100671864813,103.1794711365211,102.27338408552299,103.06793877986827,1547474
2022-07-27,101.14515875052356,101.15674954269494,100.44201463366255,101.04411463588768,1279872
2022-07-28,98.40127833544562,98.49447235897796,97.77121330036469,98.30297536008555,328412
2022-07-29,100.36292173574523,100.32704613080067,99.93421795268698,100.26265907666857,152404
2022-08-01,101.83531001877142,102.84956016854434,100.97355813330401,101.73357644232911,935977
2022-08-02,103.76195678510942,104.45807012225619,103.63136462036749,103.65829848662281,1567607
2022-08-03,101.99935291673735,102.51839998785339,101.65926797644991,101.89745546127608,1528083
2022-08-04,101.64002329042293,101.68344211711214,100.88999712491423,101.53848480561733,753343
2022-08-05,102.03834173821689,102.55486858883802,101.69748637270217,101.93640533288401,1411059
2022-08-08,102.81870793579469,102.79907602131836,102.32332926201052,102.71599194385085,281331
2022-08-09,102.60107985618308,102.6337567048955,101.6129131344155,102.49858127490818,261420
2022-08-10,102.50822948320094,102.97938843122621,102.24247995470343,102.40582365954141,1519251
2022-08-11,104.3107015892905,104.39388415043776,103.96419200467129,104.20649509419631,1169026
2022-08-12,103.51806233650288,103.7518376761937,102.96004145649363,103.41464768881407,661015
2022-08-15,102.5281234286496,102.64576161576726,102.10821909803711,102.42569773091869,1872706
2022-08-16,101.75678333937499,102.32414132499535,101.59439510523293,101.65512821116384,927523
2022-08-17,100.84983786214569,100.90736241695913,100.16153981823996,100.74908877337234,1722156
2022-08-18,101.07627472164388,101.07882613881098,100.46315610646208,100.97529942222167,390884
2022-08-19,100.70565115499208,101.17809475418713,100.40094841657158,100.60504610888322,511940
2022-08-22,99.9347625898452,100.34734140888816,99.57039967761489,99.83492766218303,1566220
2022-08-23,102.39935575791655,102.94346783756886,102.24271216759446,102.29705869921735,1689606
2022-08-24,102.93207593934912,103.53060429011607,101.93078862532589,102.82924669265647,874950
2022-08-25,102.32637993585466,103.29712619087606,101.99142271550993,102.2241557800746,1968974
2022-08-26,104.56603508485628,104.8291807761427,103.74728415057432,104.46157351134495,750717
2022-08-29,103.56390229887573,104.26757816146115,102.98679563547827,103.46044185701872,1871738
2022-08-30,103.55789793689495,104.14655999521803,103.36951007002195,103.45444349340156,685544
2022-08-31,103.38677724921638,104.00651066922046,102.2730710197219,103.28349375546092,1743586
2022-09-01,102.35485157999132,103.25590699172523,101.67503296009772,102.25259898101032,379630
2022-09-02,101.67108824788724,102.386054065571,101.55197513526977,101.56951872915809,285428
2022-09-05,101.81550322812899,102.1882350841936,101.66115815296071,101.71378943869031,957122
2022-09-06,99.28690051386536,99.72379719500594,98.68020461255314,99.18771280106431,897889
2022-09-07,98.61471022205494,98.57138432487864,98.44949125109233,98.51619402802692,1954415
2022-09-08,99.03701438305671,99.46827635288525,98.82860482727168,98.93807630674998,1333991
2022-09-09,99.50571469642638,99.72267665871321,99.29374650676128,99.40630838803835,1658394
2022-09-12,100.01430581962902,99.92185244539122,99.71044880221982,99.91439142820083,1743526
2022-09-13,104.05402135207751,104.24407377432946,103.6436022816289,103.95007128079672,1993260
2022-09-14,105.24552325582385,105.39041188365066,105.10547461820401,105.14038287295091,1669816
2022-09-15,104.98132431358262,104.92826090709069,104.05293979349376,104.87644786571691,1129528
2022-09-16,104.75754520887227,105.23349510471931,104.39541159038528,104.65289231655572,855739
2022-09-19,104.74916485541291,105.07483982389918,104.18101180234979,104.64452033507784,1115425
2022-09-20,105.53102259968814,105.64492590040463,104.75992542176738,105.42559700268546,743699
2022-09-21,104.98724867067862,104.9004446285154,104.75769255558532,104.88236630437426,597035
2022-09-22,107.7094833274649,107.76221448643035,107.09915267115322,107.6018814460189,1414933
2022-09-23,105.65692940005157,105.55524540716674,104.9677608989925,105.55137802202955,1160485
2022-09-26,106.80062919696488,107.0939497494252,105.6297642926333,106.69393526170319,588346
2022-09-27,107.71988289499194,107.68317316906095,107.53412786180735,107.61227062436758,1014666
2022-09-28,105.5965758120527,105.64523302793226,103.89937155570308,105.49108472732539,869943
2022-09-29,106.73239113552172,106.64418438736652,106.31909624574983,106.62576537015158,1590143
2022-09-30,107.74695740307664,107.67829650032826,107.4828975636172,107.63931808499166,1712988
2022-10-03,106.55684986936133,106.80125850411933,106.23991351620636,106.45039946989145,1533320
2022-10-04,110.78871673412729,111.71108086595224,110.19076110735006,110.67803869543187,597099
2022-10-05,112.13504618520233,112.34409433759436,111.20211065275232,112.0230231620403,1339373
2022-10-06,111.49471184255589,111.6955572691163,111.30482300960594,111.38332851404186,1704565
2022-10-07,110.57317523773817,110.99486882413117,109.79628505990736,110.46271252521296,990242
2022-10-10,109.15527873535628,110.08614974342461,108.46316052433649,109.04623250285343,162028
2022-10-11,109.6326254250212,110.15822854066842,109.39787665694398,109.52310232269852,906253
2022-10-12,109.74163693973686,110.17844248604251,108.94379542384725,109.63200493480207,218952
2022-10-13,107.07745485044858,107.10679652896204,106.85943173551014,106.9704843660825,1392033
2022-10-14,105.16056650341879,105.22220379040215,104.7424958908503,105.05551099242638,759511
2022-10-17,103.86487900004485,104.35094035005179,103.62607412049277,103.7611178821627,1199185
2022-10-18,103.14031703955503,103.51212969153985,102.46793161436916,103.03727975979524,1375418
2022-10-19,102.49318879431203,102.40499065177686,102.26177215391095,102.39079799631573,1627566
2022-10-20,101.31314406036464,101.744024014631,101.14408123125642,101.21193212823641,484768
2022-10-21,102.4180244487393,102.93600777549139,102.03326687312952,102.31570873999931,1802668
2022-10-24,104.0744489208765,104.07082275000947,103.56221230789443,103.97047844243409,1924670
2022-10-25,104.19880278731031,104.91601003001065,103.48605550624272,104.0947080792311,557480
2022-10-26,100.27293788166561,100.61351251023683,99.98413460831229,100.17276511654907,1216253
2022-10-27,99.99509448049321,99.90920521031883,99.68317111991556,99.895199281212,250824
2022-10-28,100.94652549316844,101.0137618755934,100.78913021868608,100.84567981335509,203398
2022-10-31,100.79838499040011,101.0434209500022,100.60763533309436,100.69768730309703,1268260
2022-11-01,101.25949695472939,102.02720721635045,100.50320311207479,101.15833861611328,508302
2022-11-02,101.42816526695587,101.70881478868347,101.17411379801675,101.32683842852735,356907
2022-11-03,98.82785252805817,99.08785472820901,98.57230174553865,98.72912340465354,1726319
2022-11-04,94.53847660238529,94.576882758937,94.04038045451595,94.44403256981548,1341797
2022-11-07,95.53441366209267,95.79842426848626,95.18128097546132,95.43897468740528,268943
2022-11-08,94.67194932216643,95.05480131086267,94.38290485018429,94.57737195021622,1486226
2022-11-09,95.33432503353421,95.84351945792572,95.18984504689287,95.23908594758663,97721
2022-11-10,94.82848042703799,94.89187142534453,93.80557080958272,94.73374668035764,676026
2022-11-11,94.54240097265604,94.54481394186101,94.42337821650925,94.44795301963642,532349
2022-11-14,96.74707135305668,96.700846377945,96.47432809890955,96.65042093212458,1806099
2022-11-15,94.75444915786825,95.1254909292359,94.36739876593968,94.65978936849976,104420
2022-11-16,94.72746992397428,94.67952759533414,93.84438272727606,94.6328370868874,1180426
2022-11-17,92.94571102468194,93.59848098337284,92.18182585142691,92.85285816651543,443189
2022-11-18,93.04882222097567,93.07405880069773,92.92910049948594,92.95586635462105,69672
2022-11-21,93.7957673345722,94.0663549513212,93.29874966116341,93.7020652693029,1005045
2022-11-22,94.82985673333006,94.78591259512993,94.48578846136874,94.73512161171836,779083
2022-11-23,95.06295105057433,95.41022529885257,94.92035406136362,94.96798306750684,1668358
2022-11-24,92.80882745127819,92.87525968199189,92.40075189274306,92.71611133993827,1852933
2022-11-25,93.18595200241037,93.66391051061676,92.79167509618692,93.09285914326712,942296
2022-11-28,94.59750251667529,95.30967878693444,94.42423237327561,94.50299951715814,367908
2022-11-29,96.19562255575815,96.40469640905611,95.25568871449704,96.09952303272543,1132789
2022-11-30,99.70627096668797,99.7073467519389,99.43094060130858,99.6066643023856,453291
2022-12-01,100.65377431606247,101.00666656817954,99.83659194978128,100.55322109496751,274129
2022-12-02,98.8897104237127,99.28241951996218,97.73725577114885,98.7909195042085,1634306
2022-12-05,97.9996395919971,98.08475980081488,96.85040017425376,97.90173785414297,723432
2022-12-06,98.13109171057255,98.11723610108899,97.88592123166886,98.03305865192064,321364
2022-12-07,99.87619736144546,100.06266933809938,99.69769231298235,99.77642094050496,1318467
2022-12-08,97.91466477096392,98.03206411143758,97.04522767455103,97.8168479230409,1642662
2022-12-09,99.43236178456667,100.10817584611331,99.31732043312154,99.33302875581087,989276
2022-12-12,100.52830321189707,100.92680108741673,99.18460273927504,100.42787533656052,738106
2022-12-13,99.02299163902812,98.95296498648318,98.15898406422623,98.92406757145667,1881781
2022-12-14,100.04083061832108,100.05745612992406,99.17874001522978,99.9408897285925,1049894
2022-12-15,98.72364970413483,99.25594788620744,98.19778325080213,98.62502467945538,865558
2022-12-16,98.70573960361364,98.78712743784558,98.2884099925662,98.6071324711425,632763
2022-12-19,98.18387970657581,98.20516940289207,97.20073788774685,98.08579391266315,1851136
2022-12-20,98.56994904727142,99.24186389033137,98.45576987339088,98.47147756970173,246567
2022-12-21,96.57191681347447,97.28524114618739,96.29807196924943,96.47544137210238,459692
2022-12-22,97.42933494466605,98.25685160228923,96.60458434450716,97.33200294172434,1381502
2022-12-23,93.80403139283005,94.76189096931495,93.24648221428711,93.7103210717583,1372280
2022-12-26,93.1424212096291,93.05328174773551,92.44257765146689,93.04937183779133,1669267
2022-12-27,92.23235949965043,92.29450712365362,91.6048828922136,92.14021928037006,1550122
2022-12-28,94.70606747716607,95.02039599062022,94.50290747797321,94.61145602114493,1544407
2022-12-29,95.56417681633539,95.68142760580943,95.14707968389257,95.46870810822718,1933471
2022-12-30,94.7582778725044,94.87526494377066,93.91184828984869,94.66361425824616,1754097
2023-01-02,93.30142573549907,93.24226829250604,93.06041880789152,93.2082175179811,385005
2023-01-03,93.34596161528398,93.9362225738641,93.2201496569721,93.25270890637762,1903067
2023-01-04,92.3318985406785,92.90666888427175,92.19124807232954,92.23965888179671,1256313
2023-01-05,95.84725723019024,96.41160016899396,95.47829769339971,95.75150572446579,921052
2023-01-06,91.29322652631795,91.46243129621502,91.11704105199513,91.20202450181614,1863561
2023-01-09,91.38507927466567,92.18088676018176,90.88317303538125,91.2937854891765,433899
2023-01-10,87.53923401964832,87.47408344274704,87.06340003178975,87.45178223741092,1022561
2023-01-11,89.08154674945911,89.33911147147876,88.91016687472234,88.99255419526385,1061899
2023-01-12,87.8494080492068,87.93860224334468,87.54869625039689,87.761646402804,1967107
2023-01-13,90.24730021628702,90.99007551827971,90.15605795230441,90.15714307321382,111085
2023-01-16,89.3973179783819,89.46184868573182,88.90970066202189,89.3080099684135,1816114
2023-01-17,91.04070992723156,91.6743856618756,90.22960931782555,90.94976016706451,1357914
2023-01-18,91.34727948449614,91.77452374648234,91.10495393636388,91.25602346103511,626840
2023-01-19,93.18284364066916,93.24089069106273,92.97792774832588,93.08975388678239,436246
2023-01-20,93.20968216611715,93.76013758616354,91.75570606565645,93.11656560051664,999158
2023-01-23,88.46610107029876,88.63340532707913,88.23408388301084,88.37772334695183,1971482
2023-01-24,87.3627212136767,88.0216735816507,86.97184295412103,87.2754457679088,682754
2023-01-25,85.02842841442695,85.01209899348939,84.47583919041195,84.94348492949747,1476711
2023-01-26,86.39415628930533,86.51610370452356,85.72223971807037,86.30784844086448,1621785
2023-01-27,87.17885898207565,87.12333481526876,86.27863540984735,87.0917672148608,1797091
2023-01-30,87.17938046257196,87.579726106802,86.49273029752159,87.09228817439757,157042
2023-01-31,87.84747057232268,87.80623573005326,87.54192625650464,87.75971086146123,1228879
2023-02-01,88.13459027366017,88.12512866697473,87.60500233270655,88.04654372993025,1392005
2023-02-02,87.26561902573447,87.20643218986308,86.97524003476057,87.17844058514933,1964754
2023-02-03,90.17211440348434,90.7529892274654,89.97112281472306,90.08203237111324,58650
2023-02-06,90.53219049893734,91.20912856577493,89.99043633982627,90.44174875018716,492691
2023-02-07,90.2243241265374,90.8477662474687,89.51883685413937,90.1341899366008,159179
2023-02-08,87.95453802874403,88.14301432688576,87.64468993864027,87.86667135738665,1861827
2023-02-09,87.01238717335832,87.24869610303378,86.50357271490803,86.92546171164668,1567528
2023-02-10,87.02183369661478,86.94614439483875,86.7493554396427,86.93489879781697,549458
2023-02-13,86.74834215473162,86.85177604631144,86.06951861495715,86.66168047425737,465486
2023-02-14,86.03350355832796,86.83014368984118,85.69265914314418,85.94755600232565,104081
2023-02-15,85.95065872312473,86.12634850739256,85.71970834554176,85.86479392919554,1161946
2023-02-16,84.2920368888168,84.96333340211149,84.07452780191676,84.20782905975705,1238962
2023-02-17,84.29576462849562,84.73276236852216,84.14319158028187,84.21155307542021,1829427
2023-02-20,82.05909378551637,82.27808644202254,81.77989736512453,81.97711666884753,1804773
2023-02-21,80.84459187800189,81.04777710596086,80.0446235395077,80.76382804995195,395158
2023-02-22,79.81652488163647,79.93266995842515,79.44841057019843,79.73678809354293,67228
2023-02-23,80.99506233041865,80.93903262557757,80.84032769901496,80.91414818223642,818265
2023-02-24,81.66453952870985,81.71385463566058,81.02100132535485,81.58295657213772,730710
2023-02-27,81.76118448125166,82.2982161394436,81.36574271404328,81.6795049762754,1566327
2023-02-28,80.14595504189741,80.31121948718618,79.54486382365508,80.06588915274467,127325
2023-03-01,79.59135686450122,79.51373694474032,79.23915820432114,79.51184501948175,1250109
2023-03-02,80.67313188734686,80.85974752404582,80.5185020599069,80.59253934799887,774948
2023-03-03,82.39370028268796,82.32277491083528,82.2552197070436,82.31138889379417,1269581
2023-03-06,80.31015436211194,80.54715361071774,79.8484054896538,80.22992443767428,1484981
2023-03-07,79.71188476861491,80.21940803463706,79.50480247380887,79.63225251609882,424285
2023-03-08,79.85201296432108,80.39036145580883,79.73353098105424,79.77224072359749,435336
2023-03-09,80.32311611450258,80.65220994380635,80.08402945905668,80.24287324126134,1073690
2023-03-10,80.32837099013813,80.59828166308016,79.98053099239637,80.24812286727087,254220
2023-03-13,81.24098702873037,82.3968765801995,80.75294580259195,81.15982720152886,1686880
2023-03-14,79.22669558821914,79.38585385217243,79.095127863437,79.14754804017898,369087
2023-03-15,81.33131433947835,81.70269148858978,81.13613557214599,81.25006427520316,1075891
2023-03-16,79.73421068189843,79.78573116941728,78.69370062197297,79.65455612577267,1307535
2023-03-17,79.81055490654167,80.13675422170466,79.23585534570105,79.73082408245922,1297471
2023-03-20,80.52022773966715,81.59662567542658,79.81224987157321,80.43978795171545,171435
2023-03-21,82.12383861630215,82.08788817641882,82.02911400833337,82.04179681948268,1412023
2023-03-22,83.39200046886688,83.88728933644022,82.24396425079162,83.3086917770898,427936
2023-03-23,84.63491978431173,85.21565391885245,84.4172464936622,84.55036941489685,763426
2023-03-24,86.48491185929282,86.61422281103678,85.71829253067816,86.39851334594688,1951593
2023-03-27,86.25978200595006,86.5291604669109,85.47129802737929,86.17360839755251,1056435
2023-03-28,87.367790928804,87.44873239693212,87.0431947105821,87.28051041838562,887896
2023-03-29,89.67423652762395,90.13025931190553,89.51669474101672,89.58465187574821,744909
2023-03-30,88.51351596931006,88.58616088515898,88.35710332790835,88.42509087843165,1912806
2023-03-31,86.3955102620282,87.03099618407208,85.985938338063,86.30920106096724,588368
2023-04-03,84.9123661355423,84.86267665392339,84.49197264469372,84.82753859694536,1189960
2023-04-04,86.97169597934536,86.88717474514213,86.83592104960381,86.8848111681772,196620
2023-04-05,88.82800785999478,89.4627433570025,88.23988157129597,88.73926859140339,166765
2023-04-06,88.29026412466689,88.36009508266842,87.8079745068088,88.2020620626043,1779706
2023-04-07,88.66754169414921,88.87145203638919,88.2743807852864,88.5789627314178,474395
2023-04-10,89.39554889847902,89.34747099751395,89.03212814822398,89.30624265582321,719121
2023-04-11,91.01288232547654,91.50856034437362,90.5986581992372,90.92196036511143,430662
2023-04-12,88.08587322326339,88.0130012479805,87.70766841163214,87.99787534791548,1438203
2023-04-13,87.25188689173633,87.2581636201095,86.97723027604204,87.16472216956677,437699
2023-04-14,86.87234839189463,86.96867104541364,86.1395544920471,86.78556282906558,451899
2023-04-17,87.35834360015166,87.67876125137106,86.78405704135086,87.27107252762404,622648
2023-04-18,87.48365962879369,88.27163005299246,86.88607315243766,87.39626336542827,1212525
2023-04-19,87.02054705587922,87.07621595501776,86.67977391563,86.9336134424368,1130573
2023-04-20,87.46628393141137,87.70179155308507,87.2650071241145,87.378905026385,1497301
2023-04-21,83.62184525612771,84.03971013007792,83.36193875151882,83.53830694917855,1015788
2023-04-24,88.04807109841879,88.79738141334678,87.90101554939035,87.96011098743136,1410042
2023-04-25,89.3060446113055,89.53888437630457,88.26493876636356,89.21682778352198,945113
2023-04-26,90.67885049573971,91.7060170426108,90.12208628341394,90.58826223350621,977899
2023-04-27,89.6718979555221,89.93430055603481,89.46441417071524,89.58231563988222,192735
2023-04-28,90.32856806792242,90.67577954056972,90.1599181068321,90.23832973818425,1975767
2023-05-01,93.53334914484643,93.5664106124005,93.00323409139152,93.43990923561083,308436
2023-05-02,96.4744419249653,96.86554298833184,96.36440699972154,96.37806386110421,347046
2023-05-03,96.61978436300384,97.0241325907733,96.2856598318254,96.52326110190195,848887
2023-05-04,94.58187852283791,94.86902523396083,94.05986081496259,94.48739113170622,1499134
2023-05-05,94.86682362115121,95.70355414548649,94.23895171242782,94.77205156958163,1953827
2023-05-08,94.39927877113365,94.5613018871281,93.76806053768624,94.30497379733633,286642
2023-05-09,95.80419632295671,96.0490467567884,95.64209765919712,95.7084878351216,578399
2023-05-10,93.72069625807323,93.97981136613312,93.4668013485139,93.62706918888436,1028485
2023-05-11,93.44035555897378,93.62622449484385,91.857453220216,93.34700855042337,658149
2023-05-12,93.89733728707883,94.43348892594041,92.98433339817124,93.80353375332551,61930
2023-05-15,93.16698049838402,93.40111071554023,92.94017763059081,93.07390659179224,122077
2023-05-16,94.8813434012519,94.90966245411568,93.58791416492329,94.7865568444075,171131
2023-05-17,93.05208072388378,93.05282574776984,92.6836937072495,92.9591216022815,765761
2023-05-18,91.09963562295161,91.21865216693796,90.51029362273292,91.00862699595567,1807180
2023-05-19,90.57420214416439,90.49567344137385,90.38455270625225,90.48371842573866,130504
2023-05-22,91.89167780887098,91.80543598935617,91.1450083454281,91.79987793094006,1496031
2023-05-23,91.43703253968565,91.82868727922852,91.16350974744822,91.34568685283283,483157
2023-05-24,90.53031717221874,90.89094821767108,90.03871840002752,90.43987729492383,124124
2023-05-25,91.80974767785156,92.2707111411341,91.67656663557845,91.71802964820337,964921
2023-05-26,92.18901348106647,92.44808370489203,91.40741480924675,92.09691656450198,213542
2023-05-29,91.37826177036634,91.76054839905868,90.95165022056679,91.28697479557077,1792726
2023-05-30,91.59763647340561,91.65386015115463,90.4021888102666,91.50613034306257,257111
2023-05-31,91.24585968019275,92.0295016248024,91.07860580240921,91.15470497521754,841459
2023-06-01,92.22798089369459,93.55912583543824,91.54084259931228,92.13584504864596,1692622
2023-06-02,92.48034690910474,92.71840543449143,92.14811748842229,92.3879589501546,1032731
2023-06-05,91.23356071838437,91.34615953094392,90.98448418232454,91.14241830008429,982531
2023-06-06,90.50765366388754,90.53982390908628,90.31254825914944,90.41723642746008,1506820
2023-06-07,89.88593642276318,90.39788481073906,89.60591440449163,89.7961402824807,1676211
2023-06-08,90.48466260827007,90.47877571627517,89.16415442063344,90.39426833993015,1510064
2023-06-09,91.09448728296209,91.46729790866931,90.98044590342589,91.00348379916294,1223624
2023-06-12,89.81457024436008,90.1014646928175,89.71946837033137,89.72484539896114,1498224
2023-06-13,89.5453794885771,90.15053597080191,89.12798941462829,89.4559235650121,1547477
2023-06-14,90.04547077963755,91.10783823892103,89.74267215493477,89.95551526437319,1879923
2023-06-15,91.77300837882721,91.94756997533133,91.40091513189955,91.68132705177545,305206
2023-06-16,92.19325337482731,92.23786598097027,91.8210969143287,92.10115222260471,852604
2023-06-19,95.31688616431637,95.61933198007819,94.83836964105039,95.22166449981657,1455490
2023-06-20,95.38405344170815,95.51606199871809,95.02697590288707,95.28876467703112,919751
2023-06-21,96.61740052092249,96.6607599113494,96.35105037083885,96.52087964128121,627238
2023-06-22,96.09952675598875,96.01702007991044,95.91983355418583,96.00352323275601,1481440
2023-06-23,94.47770103463168,94.50109328563276,94.15465795569193,94.38331771691477,1291586
2023-06-26,94.6756306520162,95.13449278229766,94.49081937969503,94.5810496024138,707029
2023-06-27,95.48819973592262,95.5290940551388,95.03528950017495,95.39280692899364,346520
2023-06-28,96.04566834131042,96.26945296728468,95.35580300980797,95.94971862268774,1466865
2023-06-29,96.31105479140966,96.25638953547637,96.17101177669761,96.21483995145822,691148
2023-06-30,95.7843175978574,95.97041912846709,95.53859114673,95.68862896888852,1423354
2023-07-03,94.45577430189616,94.45526764719894,94.22406834163534,94.36141288900716,1612142
2023-07-04,93.99055126770676,94.24790675784804,93.87552216401775,93.89665461309367,740676
2023-07-05,94.77299975395141,94.78951380689777,93.9365552482638,94.6783214325189,197061
2023-07-06,96.35757893389966,96.57807893556105,96.1748475518444,96.26131761628339,905155
2023-07-07,90.91824580616219,91.45909293717375,90.07704706052802,90.82741838777443,350921
2023-07-10,91.89629889116755,92.01751012605203,91.57255585025251,91.80449439677079,655375
2023-07-11,93.63414179161981,93.67602925977664,92.98984924493905,93.5406011904294,607147
2023-07-12,95.69665779443892,95.90173006343562,95.28066805458629,95.60105673770123,1467772
2023-07-13,96.35152191114076,96.33530870402181,95.54000884887327,96.25526664449627,460185
2023-07-14,97.4882491669407,98.75723306036457,97.05120298499325,97.39085830863209,1741557
2023-07-17,96.7653820752575,96.70622794611171,96.01539976161011,96.66871336189563,1668967
2023-07-18,96.6426662523768,96.74539699251012,96.06375116606449,96.54612013224457,783905
2023-07-19,97.54403899557806,98.55456599022803,97.0597638680131,97.4465924031749,1762326
2023-07-20,95.72518995083047,95.87099104901327,95.1010332182586,95.62956039044003,321141
2023-07-21,94.44382133659529,94.6526432462264,94.231322200625,94.34947186473057,1667269
2023-07-24,94.78819099724863,94.82372988086189,94.59952314678036,94.6934974997489,1585525
2023-07-25,92.63120898243378,92.65095378680809,92.36250041596415,92.53867031212167,902538
2023-07-26,92.73818275139153,92.86845480820739,92.60524053769335,92.64553721417737,660626
2023-07-27,90.38767146718271,90.33496174998257,90.16047227955049,90.29737409308963,1282700
2023-07-28,90.71379062811093,90.75539526010509,90.50847264789716,90.6231674606503,496977
2023-07-31,90.77985832240272,90.91158389628302,90.36515415010116,90.68916915324948,1163439
2023-08-01,89.92171103250193,90.2049390101797,89.81269014607953,89.8318791533486,1780042
2023-08-02,88.48269407421226,89.39947196381665,88.10448592639409,88.39429977443784,1301306
2023-08-03,87.7305554486391,87.65272567242015,87.17802386052851,87.642912536103,571780
2023-08-04,84.36262514044547,84.53141811155557,84.18844486371766,84.27834679365183,1248164
2023-08-07,83.80570202031465,84.18807758177887,83.24324416602211,83.72198004027439,1375155
2023-08-08,83.99720044632468,84.4596823796097,83.60035370938516,83.91328715916552,1849553
2023-08-09,85.76353841304393,86.08791010092368,85.414328869457,85.67786055249145,1313458
2023-08-10,85.03184407898777,85.38897619551999,84.54651643105598,84.94689718180598,1317149
2023-08-11,84.79587537462406,85.18700589535304,84.2738656602952,84.71116421041366,1298667
2023-08-14,86.84906622844498,87.1155254118469,86.31802516281326,86.76230392452047,112143
2023-08-15,89.47206774172979,89.6657067729636,89.06221866695289,89.38268505667313,1222239
2023-08-16,88.74117395757604,88.79989902633447,88.30774776772475,88.6525214361399,1514620
2023-08-17,90.36671635649326,91.17010713608904,89.85417996842553,90.27643991657669,243122
2023-08-18,92.22260761508299,92.19551262504012,91.71012558254942,92.13047713794506,1135734
2023-08-21,93.06594909424126,93.49896273444939,91.88872845335,92.97297611812314,175151
2023-08-22,91.50465305937068,91.62689904481174,91.28128944368498,91.41323981955114,1583649
2023-08-23,90.04007969801849,90.0058446586549,89.68336454174454,89.95012956845005,1523254
2023-08-24,90.9587776058956,91.65883832654615,90.30751784736208,90.86790969619942,706875
2023-08-25,94.64275290828866,94.96067304445042,94.0413205118362,94.54820470358509,1402301
2023-08-28,94.37310049087093,94.94780997603638,93.72568397017675,94.27882166920173,455057
2023-08-29,96.9500457610099,97.15579238985629,96.09296184985219,96.85319256844147,1682122
2023-08-30,100.14441253103364,100.64214869721961,99.76552222360232,100.04436816287078,1037633
2023-08-31,98.01000047104051,98.73061803778346,97.68248771741649,97.91208838265787,1196170
2023-09-01,97.02018528576896,97.32446406649166,96.60876522064751,96.92326202374522,492814
2023-09-04,99.57324936882607,100.30079063460542,98.78648991461934,99.47377559323284,1900036
2023-09-05,101.27509256921233,102.29538999818891,100.07880736556119,101.17391865056179,1199267
2023-09-06,102.25938374894325,102.24677981616355,101.61272356662016,102.15722652242084,431298
2023-09-07,102.26395177858785,102.22928354263524,101.62614144752769,102.16178998859927,1110884
2023-09-08,103.40121201855021,103.69168729802576,103.1621336637165,103.29791410444578,679432
2023-09-11,102.29869250450754,102.71889105476134,101.49642004129967,102.19649600849905,1396578
2023-09-12,106.74554907785013,108.13870417055028,105.33248389916781,106.63891016768245,876113
2023-09-13,104.64646150111916,105.71147067805877,104.31449972558185,104.54191958153764,98517
2023-09-14,101.42429275732744,101.36867552797659,100.7070695536249,101.3229697875399,870419
2023-09-15,101.70965614931569,101.63601459253894,101.22104706303388,101.6080481012145,1585620
2023-09-18,104.27166374326603,104.90431019219815,103.54788848786214,104.16749624701903,157629
2023-09-19,103.41093749292551,103.34287956126938,103.04267389252533,103.30762986306246,286139
2023-09-20,103.34012250615,103.42793544125219,102.64973911723035,103.23688562052948,1735564
2023-09-21,101.54196324970374,101.48575639936207,101.14497284148794,101.44052272697678,976363
2023-09-22,101.43669443225393,101.64477636851713,101.1214893850991,101.33535907318075,1904327
2023-09-25,99.67962652302735,100.0024894621192,99.19905041269607,99.5800464765508,864820
2023-09-26,97.97693070456255,98.03398339110998,97.79518464154616,97.87905165290965,653392
2023-09-27,95.50691514287271,95.83439155130812,94.8592356857062,95.41150363923349,1961650
2023-09-28,94.62528464277129,94.79245737530906,94.5263864548528,94.53075388888242,868550
2023-09-29,97.69324279798948,97.77835754386926,97.27009900024562,97.59564715083866,1604261
2023-10-02,97.6182034650586,97.57520044216699,95.9016386619855,97.52068278227634,1462978
2023-10-03,97.96686959537637,98.35633493076021,97.09544134195625,97.8690005947816,1830310
2023-10-04,101.77418956135129,101.94980054281824,101.55576402837492,101.672517044307,1093402
2023-10-05,100.68351492107846,100.78401772965225,100.31194218504743,100.58293198908937,571981
2023-10-06,98.9709960126325,99.34343732096077,98.35360792550503,98.87212388874376,1502910
2023-10-09,99.88782676511752,100.16602363010014,99.78053091836348,99.78803872639115,1027452
2023-10-10,97.78501641178273,98.47709854592976,97.47996387095303,97.68732908270005,1028810
2023-10-11,98.37079889579854,98.5507668651296,97.54272311254563,98.27252636942913,1755439
2023-10-12,100.36046265304216,100.64506972632398,100.03344252386678,100.26020245059158,1426319
2023-10-13,98.50951892180134,98.87328364499403,97.84874532014835,98.41110781398737,1720620
2023-10-16,97.64526814136879,97.73424433180564,97.17815379250798,97.54772042094785,1229340
2023-10-17,100.5359198835235,100.46348582529397,99.8175977648795,100.43548439912439,1205826
2023-10-18,98.71722992256441,98.88245346708254,98.06453262668002,98.61861131125318,1476515
2023-10-19,97.57748558337963,97.51764313729329,97.1873873729182,97.48000557780183,1030603
2023-10-20,98.0018964285661,98.28571731010459,97.32651278558902,97.90399243612998,597376
2023-10-23,97.4889449285932,97.59907627360427,96.90937436059971,97.391553375218,541747
2023-10-24,96.07437489606554,96.05323755599952,95.75527126931519,95.97839649956597,1764405
2023-10-25,98.75580418556554,98.70496089986268,98.53900548031149,98.65714703852701,1081411
2023-10-26,97.78522014879547,98.22808087408254,96.99928245903824,97.68753261617931,1704379
2023-10-27,98.3687194163809,98.41698221270532,98.2019894198137,98.2704489674135,1737642
2023-10-30,97.69183667099219,97.82179570884098,97.37974564756311,97.59424242856363,375040
2023-10-31,97.32605036629182,97.30389241100171,96.97784158531452,97.22882154474709,1452677
2023-11-01,95.03533674772567,95.85842247038842,94.46876427686058,94.9403963513743,1075449
2023-11-02,96.58132008414198,96.83482469465727,96.06868138043723,96.48483524889309,1651442
2023-11-03,95.88509822393067,95.91951542295065,95.28030493630158,95.78930891501567,1626934
2023-11-06,98.02394602787095,98.32213063309169,97.71313737659021,97.9260200078631,1228377
2023-11-07,96.07078348130254,96.14065492613449,95.73996224941395,95.97480867262992,1052215
2023-11-08,95.28812574982945,95.7974320463583,94.38601298619922,95.19293281701245,238239
2023-11-09,96.09924200187473,96.21396019574853,95.23176463993474,96.00323876311163,1549055
2023-11-10,96.3043829195509,96.5700681787386,95.91841490558993,96.2081747448061,413970
2023-11-13,95.23185648662695,95.50878735718034,94.88296698329111,95.1367197668601,1445567
2023-11-14,95.02908570986393,95.34069620112165,94.25684374683472,94.93415155830564,870843
2023-11-15,92.91619560438632,93.51768927617047,92.75872312602563,92.82337223215417,900106
2023-11-16,93.02571919942898,92.94903859322147,92.80814532039206,92.93278641301598,1783666
2023-11-17,88.77704611764355,89.18845750249706,88.35150266728537,88.68835775988367,1631776
2023-11-20,89.0630161616914,89.25581803110265,88.24513957002685,88.97404211957183,980456
2023-11-21,91.17537324102064,91.27940384442483,90.15632796586121,91.08428895206858,1502658
2023-11-22,92.60715263238377,92.83702527865069,92.19585296875499,92.51463799438939,1878358
2023-11-23,93.99369729106226,94.28783968428007,93.00329250681027,93.8997974935687,742887
2023-11-24,93.33157841621835,93.97880530042676,92.49844169501472,93.23834007614222,981342
2023-11-27,94.14529344367439,95.05640273337218,93.43863144192188,94.05124220147293,368005
2023-11-28,93.510808230794,93.80068214629551,93.16046805134033,93.41739083995405,1478324
2023-11-29,93.38526691926165,93.40499479716712,92.94749677902237,93.29197494431735,514408
2023-11-30,93.24424320718038,93.6446992424155,92.82609377009898,93.15109211506532,1400280
2023-12-01,87.82766650387931,87.9786014630939,87.32944087358037,87.73992657730201,1612415
2023-12-04,89.25403933702772,89.25507409063974,88.49167624959081,89.16487446256517,73489
2023-12-05,89.97806706449491,90.51039938307886,89.4702213114677,89.8881788856093,1881101
2023-12-06,91.31116719595747,91.7523976048495,90.75481320239776,91.21994724870876,895471
2023-12-07,89.82802770306733,89.87269813715407,89.57847695036784,89.73828941365369,1899054
2023-12-08,90.92753939134909,90.89282507664615,90.64723003764237,90.83670268866044,1166753
2023-12-11,91.70651766064981,91.7845014320223,90.49562104236597,91.61490275789193,808684
2023-12-12,88.17933413847466,88.17129898352098,87.78715450202328,88.09124289557909,1967354
2023-12-13,85.50549831139215,85.92459839767088,84.92034161798593,85.42007823315899,1388641
2023-12-14,85.6023262791863,86.27657656815559,85.29403341133084,85.51680946971659,1641876
2023-12-15,84.63690501068467,84.71058434722218,84.49976716321198,84.55235265802665,1232364
2023-12-18,84.63161482442901,84.95743171117513,84.21874064046554,84.54706775667235,514402
2023-12-19,83.71255400114829,83.9455370354762,83.3175876922336,83.62892507607222,1417773
2023-12-20,85.90100291513333,86.61842918783573,85.75753221769891,85.81518772740594,625594
2023-12-21,83.09291610255143,83.09252129300253,82.42274932145115,83.00990619635508,1873027
2023-12-22,81.14932626638937,81.3254659424899,80.9737622457755,81.068258008381,1001701
2023-12-25,79.79468941111018,79.82719955255924,79.02307105663905,79.71497443667351,1310930
2023-12-26,77.92488782482674,78.27677212353457,77.74430941119633,77.8470407840427,752562
2023-12-27,77.16147414166097,77.43403743808594,76.4485211241384,77.08438975190907,539526
2023-12-28,77.13772368759919,77.14227391839519,76.83781067788256,77.06066302457462,762605
2023-12-29,75.36323447811621,75.5026454569518,74.93537518858506,75.28794653158464,905056
2024-01-01,75.85684632656023,76.11073416859122,75.1352381112591,75.78106526129893,1155015
2024-01-02,77.60024210344011,78.27754087884793,77.29219607401029,77.52271938405606,198297
2024-01-03,79.09048952702366,79.09959434484583,78.81725662286398,79.0114780489747,142425
2024-01-04,81.85989156479617,82.39430759997585,81.33689692367844,81.77811345134484,818626
2024-01-05,83.49012260618845,83.4127574200812,83.14850995993564,83.40671589029816,885759
2024-01-08,83.46702005758705,83.8161345594824,83.22855153890622,83.38363642116589,279595
2024-01-09,86.0656056921939,86.15842668871723,85.81528574315803,85.97962606612778,190920
2024-01-10,87.14202044458533,87.2739703172691,86.54691498908299,87.05496547910623,1202835
2024-01-11,89.99888169454327,90.0333348556772,88.99615560440074,89.90897272182146,80817
2024-01-12,89.7245095897963,90.1039725947374,89.33348343146612,89.63487471508122,1354137
2024-01-15,86.48206417666226,86.95039821185165,86.39475055764593,86.39566850815412,1710226
2024-01-16,84.75929037226365,85.28549662395697,84.42678020515363,84.67461575650715,1680416
2024-01-17,85.04942408670215,85.43667385942554,84.82209718538422,84.96445962707509,168394
2024-01-18,85.88634687761285,86.15395776749885,85.44148134575775,85.80054633128158,994349
2024-01-19,85.6090032019993,86.11388313813154,85.21243097605023,85.52347972227703,1331187
2024-01-22,87.12318412613784,87.09461947003489,86.34109818652504,87.03614797815969,1757801
2024-01-23,85.41750984485313,85.42302348635602,85.01581243817105,85.33217766718595,1554865
2024-01-24,84.40681082372109,84.58503946326688,83.48228473070408,84.32248833538571,1478828
2024-01-25,85.88343072659127,85.93083593976017,85.51712006513984,85.79763309349778,209774
2024-01-26,85.99374718518823,86.44197063457761,85.78116773065501,85.90783934584239,179100
2024-01-29,86.17089626753615,86.3500538211397,85.85229486523014,86.08481145608008,203276
2024-01-30,88.30812109401131,88.58942024023011,87.72569482058849,88.2199011928185,1919492
2024-01-31,90.02131776939675,90.10496351244394,88.95195689782054,89.93138638301374,107287
2024-02-01,88.81887515545934,88.73078617463025,88.60685528166192,88.7301450104489,445463
2024-02-02,89.16607118400778,89.61265152783459,88.23649524994603,89.07699418981797,1756701
2024-02-05,86.57367348260794,86.73180142308851,86.08208985494312,86.48718629631165,1940107
2024-02-06,86.59375110391053,86.64187536420273,86.18351387532255,86.5072438600505,981340
2024-02-07,87.21960213556854,87.4737020712354,87.10599961756333,87.13246966590265,1218115
2024-02-08,84.63848449460589,84.57185699224365,84.24257011208427,84.55393056404186,341240
2024-02-09,86.96790919881043,86.9937359961042,86.76645256828927,86.88102817063981,418635
2024-02-12,90.02191297122589,90.10517170433177,89.85441548959865,89.93198099023566,1958638
2024-02-13,90.83899876588663,90.95608303897659,90.66552928770216,90.74825051537127,1558261
2024-02-14,92.33938042902491,92.56200334727195,91.94555816084613,92.2471332957292,1248610
2024-02-15,94.78836494085843,95.58747698052146,94.44613135727414,94.69367126958885,1370687
2024-02-16,94.55227632174747,94.75087264125052,93.52900429863944,94.45781850324424,1773850
2024-02-19,96.30843216388749,97.17363623950493,94.72039928139506,96.21221994394355,598275
2024-02-20,97.00089399778346,98.3383539556641,96.47341258025924,96.9039900077757,241386
2024-02-21,94.47989597660757,94.83591920742565,94.05918481394521,94.38551046614144,1044589
2024-02-22,93.05346946450037,93.3420242997717,92.62650572171093,92.96050895554484,1187294
2024-02-23,92.19118289769835,93.01947470586445,92.04602243632651,92.09908381388448,1921950
2024-02-26,93.95361915039315,94.2773941833538,93.51011451446635,93.85975939100216,1526122
2024-02-27,94.16792630234441,94.570502944994,93.3523534758786,94.07385244989453,1350106
2024-02-28,95.83265126237565,96.21122598400834,95.58091011293179,95.73691434802763,916476
2024-02-29,95.10420586338503,95.54747199952736,94.75346348417975,95.00919666671832,482786
2024-03-01,93.05373943203237,93.33180388301923,92.88703287112685,92.96077865337901,1015774
2024-03-04,96.43789818477227,96.7577516755562,96.09744726261202,96.34155662814413,572765
2024-03-05,101.04914972729095,101.30230042978052,100.8645888377516,100.9482015257652,151085
2024-03-06,101.78067024749033,102.89714682399133,100.8956175938978,101.67899125623411,908809
2024-03-07,101.49183331578294,101.55408068564252,100.26704738628253,101.39044287291004,466863
2024-03-08,103.6427175002078,104.34498730958254,102.77250004897678,103.53917832188591,1109598
2024-03-11,101.71608104467792,102.12977666925721,101.52764327615843,101.61446657809984,550240
2024-03-12,101.41012501839765,101.79719538689947,100.82046368577299,101.30881620219547,1956441
2024-03-13,98.95040638379207,98.89450651515547,98.57934142514866,98.85155482896312,912135
2024-03-14,99.83877379820117,100.24426091238334,99.70551373977955,99.73903476343774,1281466
2024-03-15,100.32798442881564,100.45416262092472,99.67603477177603,100.22775667214351,79600
2024-03-18,99.69014809433736,100.65903247795322,99.13567042988625,99.59055753680057,1728846
2024-03-19,98.62673894336537,98.61402830097059,98.10484356503592,98.52821073263274,220286
2024-03-20,96.09121902808725,96.26579525797808,95.50845010408979,95.99522380428299,1879207
2024-03-21,94.77353819041586,95.1337964200961,94.57884003719386,94.6788593310848,1198896
2024-03-22,96.85285998420139,96.85669494414529,96.47167551239093,96.75610388032108,112945
2024-03-25,96.32054384657064,96.3323694216192,96.13324873119056,96.2243195270436,1971445
2024-03-26,98.48298612568725,98.6065481852474,98.12250414185156,98.3846015241631,1553877
2024-03-27,97.06414552481952,97.35749280842846,96.6259672233753,96.96717834647306,551496
2024-03-28,96.98741612199332,97.03185693876875,96.42817419932994,96.89052559639693,95012
2024-03-29,96.27461282815524,96.35937806916026,95.88464716211854,96.17843439376149,1079340
2024-04-01,95.89935548945202,96.43723861288561,95.41474037158662,95.80355193751451,1008657
2024-04-02,97.2385216452388,97.1779566523073,97.032749402844,97.14138026497385,1018619
2024-04-03,93.83812458060171,94.13486986927603,93.66982489874654,93.74438020040132,913957
2024-04-04,95.10087929527933,95.20481766918375,94.55668590941566,95.00587342185749,1555843
2024-04-05,96.3046725450414,96.49855645605791,95.876697025744,96.20846408096045,481858
2024-04-08,96.36856341103466,96.5239749236205,96.16121132915826,96.27229111991475,1088369
2024-04-09,96.55593060220014,96.72356091567168,96.21914408572418,96.45947113106908,1166717
2024-04-10,96.24631899480438,96.8774734922665,95.38091563839104,96.15016882597841,1046761
2024-04-11,97.46073273525386,97.9856681021773,96.67123186123514,97.36336936588798,392653
2024-04-12,97.61925109489529,97.98091831712071,97.3398954394976,97.52172936552977,130770
2024-04-15,96.24655411384802,96.41524251916672,95.62193402768175,96.1504037101379,1172678
2024-04-16,96.55972901101592,96.52907974315343,96.34771318132066,96.46326574527066,79177
2024-04-17,98.21586588697171,98.26451817596325,97.89511901149028,98.1177481388329,1697195
2024-04-18,98.90711923849537,99.04177733834563,98.31034524330187,98.80831092756782,915366
2024-04-19,99.01938439884005,99.27861930077941,98.24640373492524,98.92046393490516,1359649
2024-04-22,99.43242223663859,100.02161627071334,98.9956945327699,99.33308914749111,290441
2024-04-23,98.6414364959603,98.83638402793409,98.14228970500642,98.54289360235796,847909
2024-04-24,97.91636121362697,98.08511781879,97.60157349098004,97.81854267095602,673405
2024-04-25,94.7842937371331,95.02196059926521,94.3914419552264,94.6896041330001,987571
2024-04-26,94.54245765474501,94.89648247450825,94.2422569686179,94.44800964509992,341072
2024-04-29,96.21291128324498,96.17502905865292,95.55929850102886,96.11679448875623,241965
2024-04-30,95.62461757059495,95.9659349607672,94.937204628489,95.52908848211285,1596053
2024-05-01,94.18590364065253,94.19837097469794,93.94686235844264,94.09181182882371,1567862
2024-05-02,95.70597156882519,95.80950369808174,95.42316430383885,95.61036120761759,620822
2024-05-03,96.03743743548497,96.75470043477758,95.23846606282581,95.94149593954543,111086
2024-05-06,96.33300548841741,96.65585905905822,96.15200192391875,96.23676871969772,1315184
2024-05-07,97.17838883291938,97.47232927356359,96.775043527605,97.081307525394,800750
2024-05-08,98.41274532012297,98.3585933696726,98.24242685105705,98.31443088923375,1204801
2024-05-09,98.40163604823881,98.66484811447815,97.90179045807751,98.3033327155233,1713601
2024-05-10,97.04888028561606,97.13082639272413,96.63818442882695,96.95192835725882,1413844
2024-05-13,100.02702803866917,100.35457684970935,99.6687723200026,99.92710093773145,632428
2024-05-14,100.18755954455685,100.34564859699344,99.3997126988491,100.08747207248437,580785
2024-05-15,98.91446936715943,99.11189395366293,98.13947271479644,98.815653713446,899119
2024-05-16,99.29270019773028,99.34925347861328,99.04557162536592,99.19350669103926,364236
2024-05-17,101.39813008311626,101.37198879867735,101.1515947243046,101.2968332498664,1340785
2024-05-20,98.98467434219583,98.9056939151939,98.7586196884586,98.8857885536422,1746957
2024-05-21,101.28397851679608,101.68624916490789,100.90831015751516,101.18279572107502,1456815
2024-05-22,101.11098485515964,101.69920907343972,99.96896803906917,101.00997488027937,1011420
2024-05-23,104.65419993424644,104.74385937252138,104.0567234032465,104.54965028396248,277320
2024-05-24,105.92389671505312,106.20108755452623,105.68168326721496,105.81807863641671,1447071
2024-05-27,105.79860595327972,106.24086426512167,105.38066827639928,105.69291304023949,1902822
2024-05-28,108.1530375878,108.97533715598107,107.93741351508768,108.0449925952048,915408
2024-05-29,110.59426452990152,110.97700114257188,109.1644976700388,110.48378074915239,54800
2024-05-30,109.99733423197968,110.6114704447639,109.45640101824203,109.8874467851945,101540
2024-05-31,110.51014193076138,110.54527109296345,110.22698080304191,110.39974218857282,169167
2024-06-03,109.59980480956105,110.06125510446319,108.90572227697666,109.490314495066,289296
2024-06-04,111.4030084383341,111.97637244643619,110.42311024400007,111.2917167216125,994869
2024-06-05,108.77787348292243,108.73754385917154,108.46337774276248,108.6692042786438,337294
2024-06-06,108.51782273958138,109.18405452280258,108.02183803045104,108.40941332625513,1116559
2024-06-07,104.60933168006314,104.86737426580153,104.00977317782322,104.50482685320993,111999
2024-06-10,105.73885406891652,106.48668548299422,105.12345713213035,105.63322084806846,1849798
2024-06-11,101.75477613714631,101.73679979829447,101.616414625729,101.65312301413219,1446212
2024-06-12,99.96934924061433,99.99984270638382,99.66433341501758,99.8694797608535,1875901
2024-06-13,100.48914542581839,100.42318119773473,99.67323839580715,100.38875666914926,1922355
2024-06-14,99.94547905751944,99.98478560260406,99.34427832263226,99.84563342409535,923951
2024-06-17,99.24746871372706,99.20010988243368,99.02741328441645,99.14832039333373,836252
2024-06-18,97.6630278037032,98.14243262889165,97.50574857968148,97.56546234136185,985582
2024-06-19,96.94164423573805,97.41445139660995,95.82114633808511,96.84479943630176,1942692
2024-06-20,94.08393563778326,94.9276522908326,93.53170057935996,93.98994569209117,1472367
2024-06-21,94.66656393301093,94.93219660231027,94.51259693361408,94.57199194106987,268337
2024-06-24,96.03827730746586,96.5123545986526,94.70364887318395,95.94233497249338,473232
2024-06-25,97.35919629230375,97.60996382399017,96.84651198898699,97.26193435794582,730189
2024-06-26,97.36101086265126,97.89156081464363,96.13341764106778,97.26374711553574,1265794
2024-06-27,99.46905843898521,99.71265396150407,99.03936331701426,99.36968875023499,1222885
2024-06-28,100.32501581702402,100.330686781336,99.93374813901993,100.22479102599803,276375
2024-07-01,102.04060991711691,102.95599045459355,101.21374600306545,101.93867124587105,1309093
2024-07-02,102.7960833088808,103.17105326881303,102.45611229053368,102.69338991896184,907964
2024-07-03,102.92262468504623,102.94034705854703,102.64835153649017,102.81980488016607,105918
2024-07-04,101.64829471076428,101.9804633492309,101.00610002658154,101.54674796280149,1530269
2024-07-05,97.12264830844647,97.40094481605449,96.34011376335285,97.02562268576072,1794536
2024-07-08,98.26038572610966,98.34009221482333,98.05211245139735,98.16222350260706,986368
2024-07-09,98.13128921647225,98.50014913556002,98.0261230540641,98.03325596051175,1989777
2024-07-10,101.54160769167511,101.60504806296343,100.48703987909836,101.44016752415097,1546337
2024-07-11,98.15459575222407,98.82545233122069,97.62301981589832,98.05653921301106,625648
2024-07-12,99.63651599980184,100.39788065895377,98.85506706618757,99.53697902078108,807257
2024-07-15,98.08042434266615,98.59447813753806,97.34572150588954,97.9824419007654,626770
2024-07-16,98.13935909878413,98.5061049969822,97.92825649676243,98.04131778100313,229355
2024-07-17,96.71415350146468,96.84200268145544,96.47854820340932,96.61753596549919,1281472
2024-07-18,97.3571755859362,97.74761122385486,97.14584057097517,97.25991567026595,1551374
2024-07-19,97.3712341808353,97.62145385206207,96.93643880269556,97.2739602206147,865810
2024-07-22,98.90023639109192,99.03544392274594,98.71918749441163,98.8014349561358,1730305
2024-07-23,99.21454673772364,99.21503493106289,98.34933522781198,99.11543130641724,1065882
2024-07-24,100.09429423312542,101.18339965446215,99.65819198147092,99.99429993319224,958086
2024-07-25,102.35121241125424,102.82220982263902,101.88287102575359,102.24896344780645,1734412
2024-07-26,103.32908348649973,103.8173135465619,102.71054561144513,103.22585762887087,1124170
2024-07-29,103.1615335639525,103.07198694954332,102.99651672423694,103.05847508886364,1303902
2024-07-30,105.42263135966604,105.42413576867409,104.8627643447576,105.31731404562044,944401
2024-07-31,105.28982399588013,105.30937783201436,104.49965959453941,105.18463935652362,280171
2024-08-01,106.09778818016763,106.43529114895094,105.86727328305275,105.99179638378385,1787816
2024-08-02,105.58603235405243,106.16708348508033,104.29336613137563,105.48055180225019,693366
2024-08-05,104.45859904104455,104.49832395342351,103.70327011436214,104.35424479624831,881296
2024-08-06,99.15651494104968,99.40649672173562,98.80040798440108,99.05745748356613,1736145
2024-08-07,100.40550359736714,100.54577346061718,99.91311042234588,100.30519839896819,162218
2024-08-08,98.49048011340233,98.92139157565177,98.08894503305594,98.39208802537696,1869550
2024-08-09,99.79832481124545,100.36151617569828,99.19265966177517,99.6986261850604,996912
2024-08-12,102.95228342006999,103.07929575437912,102.73009109234071,102.84943398608392,649584
2024-08-13,100.69936614443826,101.52387286981755,100.55588514378448,100.59876737706121,1361433
2024-08-14,102.2840364876494,102.44419825513789,101.33135353658679,102.1818546330164,200883
2024-08-15,102.18592602780225,102.11303626279535,101.91913708399468,102.08384218561665,190325
2024-08-16,103.05302719056742,103.07784631281486,102.30661441617356,102.95007711345397,1575164
2024-08-19,101.01554293586305,100.92443770251265,100.33794867301835,100.9146283075555,1778337
2024-08-20,101.1390650200391,101.16711608409153,100.68853307697974,101.03802699304606,474841
2024-08-21,101.48169943005418,101.46388179207678,101.12240145653513,101.38031911094325,180433
2024-08-22,104.0398622038984,104.95429197486276,103.39727054672547,103.93592627762078,489967
2024-08-23,107.93428664809494,107.97294636881415,107.50507465899787,107.82646018790705,764231
2024-08-26,108.59391611065071,108.85752758689884,108.29534411737662,108.48543067997075,853116
2024-08-27,107.99463653700191,108.93140933445403,107.57322285632628,107.88674978721471,1270052
2024-08-28,112.17642619171694,112.25893430453701,112.05419592081981,112.06436182988706,211769
2024-08-29,112.05567064111888,112.26139191738504,111.36781655457048,111.94372691420469,1775511
2024-08-30,112.03129999351812,112.62248515208265,111.51699546184695,111.91938061290523,1371677
2024-09-02,112.31014242852349,112.24580931135421,111.76028322308227,112.19794448403947,629602
2024-09-03,113.29018140961043,113.43278061404999,112.77467849675736,113.17700440520524,1722334
2024-09-04,114.75351564281186,115.63662632912813,114.4398419572698,114.63887676604583,903189
2024-09-05,113.71130205378721,114.3289135251751,113.48257383304077,113.59770434943778,706610
2024-09-06,113.58434958989069,113.72578169900613,112.48115804323795,113.47087871117952,1917507
2024-09-09,117.32841376221546,117.56379071649414,117.19059347680188,117.21120255965582,1362357
2024-09-10,120.63897488862138,121.12763624370727,120.17346796154533,120.5184564321892,1870817
2024-09-11,121.65409537439322,121.66635622622866,120.4100294939558,121.53256281158166,309195
2024-09-12,122.32082341173948,122.52826917048905,122.14217814104313,122.19862478695255,1521186
2024-09-13,121.9364817587854,121.95496080012562,121.58033402766544,121.81466709169372,750283
2024-09-16,124.17561600171776,124.24583472332942,123.89829010827293,124.05156443728049,372820
2024-09-17,123.18069582016399,123.18042113782452,122.74251606144122,123.05763818198203,352773
2024-09-18,123.54310624424079,123.5760337723106,122.98928355355557,123.41968655768312,1542319
2024-09-19,122.67955292625412,122.70141352574908,121.97022692551353,122.55699593032381,253609
2024-09-20,121.47122652936152,122.2492412602378,121.29291287917272,121.34987665270882,308536
2024-09-23,121.6532056469206,122.57850408257052,121.19417271068076,121.53167397294766,586690
2024-09-24,121.76522681535313,122.38021913039383,120.36254116841064,121.64358323212102,1602328
2024-09-25,120.66055309901576,121.44556239962341,119.77244055187008,120.54001308592984,767644
2024-09-26,120.62885134975657,120.58930667047603,120.32081013783133,120.50834300674984,1338499
2024-09-27,120.87129914472406,120.82523877526,120.28329266387689,120.75054859612794,95193
2024-09-30,120.00357432400827,120.22583971060627,119.79790368797376,119.88369063337491,1115387
2024-10-01,118.76124421070905,119.12540258852829,118.43942249823937,118.64260160909997,1301225
2024-10-02,118.58326274494135,119.54046479370012,118.362965143507,118.46479794699437,1366117
2024-10-03,120.10811515632749,120.19854350449474,119.8732874504487,119.9881270292982,1305263
2024-10-04,122.48653048446681,122.97115209178044,121.89117725577967,122.36416631814868,762184
2024-10-07,122.9816652239875,122.90328959238903,122.63786262592033,122.85880641756995,610949
2024-10-08,122.5197208050948,122.8005631480339,121.65327961013827,122.39732348161321,1753957
2024-10-09,122.56245402030227,123.47532060506461,121.95391583691988,122.44001400629598,896184
2024-10-10,126.67637440727079,126.88732830445363,125.8719557376104,126.54982458268812,1885771
2024-10-11,128.76893177871713,128.6584653552543,128.21222370275444,128.64029148722992,580786
2024-10-14,126.78491091048592,127.534180573891,125.9916876825419,126.6582526578281,1286877
2024-10-15,126.78224212165615,126.70073002563052,125.75228529284695,126.65558653512105,247897
2024-10-16,125.74364547161244,126.07042813292618,125.59478428512828,125.61802744416829,1555932
2024-10-17,125.06924618903467,125.05983283256862,124.83105142352173,124.94430188714753,1909261
2024-10-18,121.57494009324516,121.67413706657901,120.71676553031303,121.45348660663853,1099072
2024-10-21,121.73929771205457,121.64605750767373,121.33847956584042,121.61768003202256,1867123
2024-10-22,119.01834688013774,119.39495917882809,118.66936158741927,118.89944743270505,583334
2024-10-23,117.9245605069037,117.87610527718076,117.40137895630436,117.80675375315056,946920
2024-10-24,121.09009554091502,121.00867750795672,120.57667628126762,120.96912641450052,516192
2024-10-25,123.26708762044372,123.7625862769873,122.47420847080568,123.14394367676697,1648547
2024-10-28,121.54318039060162,121.5951611164502,119.98417366887153,121.42175863196967,1625171
2024-10-29,119.50053404549358,119.9428532882361,119.0954580961355,119.381152892601,1039340
2024-10-30,117.74202251412343,117.70262504995542,116.83411949098273,117.62439811600744,1555054
2024-10-31,114.04722646841662,114.67011785568475,113.78350350327891,113.9332931752414,1916901
2024-11-01,112.23371126218106,112.74589437820774,111.65191164615952,112.12158967250856,356652
2024-11-04,111.81489702307147,112.62277625784185,111.62937605451685,111.70319382924224,1244709
2024-11-05,109.91035117720784,110.42034073710789,109.37800989144614,109.80055062658127,588276
2024-11-06,111.43088985823493,111.54837371966654,110.05081577545887,111.319570287947,1725828
2024-11-07,111.43251045570331,111.58359012588423,110.85070436568162,111.32118926643689,1827285
2024-11-08,110.5180580588327,110.95018959142581,109.34608915851048,110.40765040842427,1141895
2024-11-11,113.92836031137249,114.01805448930968,113.47497717449487,113.8145457656069,432580
2024-11-12,115.41297707073299,115.37371350705718,114.86645752826074,115.29767939134166,1141357
2024-11-13,115.65546854035495,115.72304143676641,114.71415523842029,115.53992861174322,1709235
2024-11-14,119.42136013850836,119.80138637294448,118.83625972560071,119.30205808042794,1271930
2024-11-15,122.21715803945816,122.76664285741305,121.55950755581316,122.09506297648169,1763842
2024-11-18,120.85119968006525,121.67024799437672,120.38331911651782,120.73046921085441,1687649
2024-11-19,121.6304601951579,122.08298537003208,120.94784316121441,121.508951243914,780486
2024-11-20,120.82819030720754,120.72147545938313,120.23677602065018,120.70748282438316,290329
2024-11-21,117.96357170169128,118.62681138326884,117.69822710491762,117.84572597571558,1475536
2024-11-22,121.90861895259452,122.89402754552437,121.58682298492577,121.78683212047406,1444404
2024-11-25,125.15494872995524,125.46361787404382,124.24109794852446,125.0299188111441,1620635
2024-11-26,122.54236700792607,122.46153606340788,122.41579801721302,122.41994706086523,1443388
2024-11-27,123.68777595006958,123.65245495441634,122.4307142822927,123.56421173833127,1800274
2024-11-28,120.31818940674383,120.3587302992024,119.71125737610534,120.19799141532852,1997791
2024-11-29,122.6442838219724,123.24247680347756,122.09138405413067,122.52176205991249,381220
2024-12-02,122.64457028184202,123.87227955021608,122.10645823689522,122.52204823360843,737512
2024-12-03,122.14406577369708,123.16423161579291,122.00554924332637,122.02204372996712,1806877
2024-12-04,124.8926138617768,124.94503960602478,124.40821032571077,124.76784601576105,1391837
2024-12-05,125.02764402921495,125.45375517083764,124.81254609643152,124.90274128792704,540883
2024-12-06,124.58579144154446,125.14405379935248,124.0113986096742,124.46133011143304,771578
2024-12-09,126.65351825819941,126.70746317511394,126.39422654831607,126.5269912669325,1337006
2024-12-10,126.10987842317091,126.268449094477,125.40094588216466,125.98389452864228,1206930
2024-12-11,128.11670530519407,128.44033879855704,127.51690319597253,127.98871658860548,790451
2024-12-12,128.23880762086984,129.111371835297,127.5278674635319,128.1106969239459,65335
2024-12-13,130.17766314800323,130.36454294858095,129.10791974425945,130.0476155324708,1368221
2024-12-16,131.7013024272356,132.39196857294826,130.36807411108498,131.56973269454107,1651132
2024-12-17,133.6127259253484,133.67157438509545,133.15138134573448,133.47924667866974,1468938
2024-12-18,131.4219878769427,131.56557005621406,131.27376970874676,131.29069717976296,420429
2024-12-19,135.79834664045842,135.71979642526944,135.4992346719376,135.66268395650192,472664
2024-12-20,135.54590751525615,135.67931420310495,135.38754654668193,135.41049701823792,1002037
2024-12-23,139.78102697615967,140.01274576086507,138.24153361492722,139.64138559056912,1712751
2024-12-24,138.47447894013047,139.67005448360467,137.5552593110825,138.33614279733314,366837
2024-12-25,137.95070779537065,138.38623466250348,137.60159339693996,137.81289490047018,1729383
2024-12-26,137.45394506588917,137.36108182316514,136.95617826493591,137.31662843745173,1892024
2024-12-27,140.32067372331483,141.56070683997444,139.51878540093153,140.18049323008475,1096603
2024-12-30,139.41844789626185,139.5070162953405,138.36176623080235,139.27916872753434,1462227
2024-12-31,140.54844047811673,140.65790883937194,140.36148397191258,140.40803244567107,570510
2025-01-01,136.8803504827249,137.0779057598879,135.91016064794775,136.74360687584908,1730465
2025-01-02,135.8754981793057,135.96169853717137,134.9521350385661,135.73975842088484,1698549
2025-01-03,136.52678618632905,137.1254109284672,135.132796262667,136.39039579053852,1527608
2025-01-06,136.39871731099115,136.35298029977048,134.74036543446044,136.26245485613504,1026403
2025-01-07,132.11388801966223,132.18301460481118,131.38680149036944,131.9819061135487,1800843
2025-01-08,133.37823049583224,133.81342224722778,133.21823679160144,133.24498551032192,502938
2025-01-09,131.27744706661153,131.22530691411117,131.04229735306697,131.1463007658457,1327524
2025-01-10,135.7962342959873,135.79263520696819,135.30084703442068,135.66057372226504,1578464
2025-01-13,135.47461114922083,135.73425548485753,134.44041973744459,135.3392718773435,212608
2025-01-14,140.8902285560431,141.9853969113999,140.43975507788062,140.74947907696614,1929094
2025-01-15,142.63899731924175,142.61370831256093,141.99785984750307,142.49650081842336,188166
2025-01-16,143.90738552389735,145.01555108268568,143.31329083706424,143.76362190199538,1160132
2025-01-17,142.84674687901915,143.33243861440317,141.0697228782152,142.704042836183,1512261
2025-01-20,142.69069785735405,143.31222135001508,142.04495489300976,142.54814970764642,1428197
2025-01-21,143.9416919947671,143.8114862593605,143.49560736950417,143.79789410066644,612221
2025-01-22,139.22433284303065,139.81314930571148,138.57112230072227,139.08524759543522,1248829
2025-01-23,141.7524242307271,142.08057468971882,141.15511843482741,141.6108134173098,1444381
2025-01-24,139.01083368623443,139.18416691985948,138.05657810118714,138.87196172450993,1454483
2025-01-27,138.5181737571459,138.73638371950008,137.96925798054465,138.37979396318272,898430
2025-01-28,132.0864615799768,132.88348366558756,131.72518450203708,131.9545070729039,1023442
2025-01-29,133.24918930191924,133.15517466323269,132.64301448436137,133.11607322869057,1713111
2025-01-30,135.09638446577796,135.16382027263825,134.9453266657262,134.96142304273525,816523
2025-01-31,135.88501319399535,136.88361029693147,135.04708098088872,135.7492639300653,711095
2025-02-03,136.7700358760063,137.1040922277275,136.29819600759402,136.63340247353278,209876
2025-02-04,136.01472357018218,136.16361736399756,134.6513573034348,135.87884472545673,227870
2025-02-05,136.49911498386513,136.8002973575962,136.24162200787345,136.36275223163352,1712732
2025-02-06,139.48682256847903,139.72137046978045,138.82335616771337,139.34747509338567,1683160
2025-02-07,138.5849959295099,140.29172001002922,138.43518176933196,138.44654938012977,1784444
2025-02-10,139.92032115762578,140.42764781373404,138.77347406720915,139.7805406170088,637240
2025-02-11,141.8150433210546,142.4815703050111,141.33675037597425,141.6733699511035,1925339
2025-02-12,141.36737520659472,141.5901587175075,140.74704209663582,141.22614905753719,823532
2025-02-13,142.0808469116039,142.0517113823158,141.05293046853387,141.93890800360032,593762
2025-02-14,142.75046083012526,144.34851953152673,142.59429222783146,142.60785297714813,1563260
2025-02-17,141.65370732089514,141.89299512736437,141.11019609412338,141.51219512576938,71319
2025-02-18,147.76984412608965,148.52290076273204,146.86975252618004,147.6222219041855,539367
2025-02-19,146.79290630671005,146.79069311510298,145.67471921860883,146.6462600466634,500720
2025-02-20,151.2928718157514,151.1820921651424,150.9866097842527,151.14173008566576,1881450
2025-02-21,154.24346004284035,155.3159156942509,153.77356608516646,154.0893706721682,480469
2025-02-24,148.92902779414953,149.43918847827644,148.29464921923795,148.78024754660294,105915
2025-02-25,149.7156556197465,149.88187228031,148.62737106132238,149.56608953021632,806248
2025-02-26,152.5375839824366,153.12465819303034,151.70355144951827,152.38519878365295,1533980
2025-02-27,154.84021780771138,155.30169840677834,154.1113222557236,154.68553227543597,1827493
2025-02-28,152.5466788076879,152.46381273110504,151.46457606361164,152.39428452316474,1713776
2025-03-03,153.37269718933794,154.73910590345548,152.36105565478525,153.21947771162633,1193491
2025-03-04,150.31197654202018,150.23882195575803,148.89553971044924,150.1618147272929,1264504
2025-03-05,147.728966751314,149.1855252561227,147.38794691274157,147.58138536594808,1391507
2025-03-06,147.24655824688202,147.37670282156026,146.62162891389076,147.09945878809393,429522
2025-03-07,147.86257063156987,148.9745246128152,146.82517951180978,147.7148557757941,739664
2025-03-10,152.1303382692454,152.28948484237813,151.63992049202747,151.9783599093361,254422
2025-03-11,153.2156015873121,153.1045788945054,152.4649058519671,153.06253904826386,604670
2025-03-12,156.18207701095514,156.14652902737444,154.90372904183448,156.02605095999516,1553617
2025-03-13,153.05622357474843,154.53718451367078,152.22004756484102,152.90332025449396,1408121
2025-03-14,150.10925518671732,150.37346873618435,149.85108218544104,149.9592958908265,1473572
2025-03-17,148.97281065595786,149.5935639091441,148.47093661290108,148.8239866692886,639348
2025-03-18,153.6566678669625,153.8304060734745,153.16987523532535,153.50316470226025,1572088
2025-03-19,150.20733453121497,150.37502178066072,149.87817784324108,150.05727725396102,1590783
2025-03-20,146.19537768129527,146.79971871103916,146.03624705889186,146.04932835294235,1955810
2025-03-21,146.1313525649837,146.10819058552264,145.13482826179288,145.98536719778593,1182905
2025-03-24,149.29299012172967,149.65460514604754,147.52891127185015,149.14384627545422,1229461
2025-03-25,145.17799985938396,145.7438892317103,144.4305639298699,145.0329668924915,376166
2025-03-26,144.66438552437796,144.98223094712475,144.1253215470325,144.51986565871925,1897379
2025-03-27,141.3637717963079,141.3009555486585,141.15791433470397,141.22254924706087,1683603
2025-03-28,145.06176607902952,145.3021333539654,144.6796557287075,144.91684922979974,1971033
2025-03-31,146.9405372166025,148.888971381911,146.72195988315895,146.79374347312938,1127085
2025-04-01,147.77062070105694,148.05090327653917,147.07462760273324,147.6229977033536,1197601
2025-04-02,147.7749492848091,147.85343611141303,147.47271550184917,147.62732196284628,1034185
2025-04-03,147.2940306756688,147.63118781067845,146.07712083329457,147.14688379187695,1557656
2025-04-04,147.77511542688387,149.8745667660774,147.56950974354564,147.62748793894494,1133225
2025-04-07,146.22841532567287,147.81240210293385,146.0028697377484,146.0823329926802,369818
2025-04-08,144.09611187016625,144.0684270634176,143.69265632636865,143.95215971045582,261651
2025-04-09,141.41914929081318,141.9952078358158,141.25633889510158,141.2778714193938,1997452
2025-04-10,141.56831786688824,141.5752289451084,141.36296349674296,141.42689097591233,421128
2025-04-11,139.71777880160195,139.9012319180237,138.8692883257754,139.57820060100096,1017775
2025-04-14,141.96993275495606,142.24333674253865,141.0494899009662,141.82810465030576,1178070
2025-04-15,136.87013484794616,137.98549424772892,135.24946649238947,136.73340144649967,1028235
2025-04-16,138.34284959550348,138.59042195405016,137.80902510276601,138.20464495055293,718646
2025-04-17,139.74867740655677,140.2628795589383,138.88032334196737,139.60906833821855,1386786
2025-04-18,142.83701775205617,142.8441471753244,142.14106267896724,142.69432342862757,410126
2025-04-21,142.32463451325088,142.76124715496982,141.42401302039733,142.1824520611897,1719066
2025-04-22,138.7031749003533,138.87881810386142,137.7030650665033,138.56461029006326,403267
2025-04-23,136.57471516440674,136.6339880825876,135.44780534149203,136.43827688751924,590180
2025-04-24,139.39113011689165,139.85986237009385,138.92396356826018,139.251878238653,769283
2025-04-25,138.76002489100472,139.09815251912462,138.581026211247,138.62140348751723,1517050
2025-04-28,137.87026593044993,138.19551487258175,137.47683813844384,137.7325333970529,974237
2025-04-29,136.57013901674787,136.51911699940646,136.42783784027128,136.43370531143646,1672777
2025-04-30,136.52472358610925,137.02644131616088,136.0149780809538,136.3883352508584,537275
2025-05-01,136.08928351856497,136.7368263505946,134.86569908253537,135.9533301883766,822450
2025-05-02,132.48709722582328,132.85878601346673,131.15493801770063,132.35474248333995,848418
2025-05-05,131.2064056941245,131.19655944139598,131.07244336672522,131.07533036376074,906769
2025-05-06,133.62344329968707,134.10515729567993,133.33435043081033,133.48995334634074,1987546
2025-05-07,137.11671927762524,137.37939294222758,136.64139813849187,136.97973953808716,1770277
2025-05-08,136.9312211218839,137.58722470648857,135.64127302671906,136.79442669518875,733661
2025-05-09,135.79999541258633,136.0328289044767,135.2029763303289,135.66433108150483,702078
2025-05-12,139.13176124836463,139.22753488953487,138.63245851509876,138.99276847988475,852887
2025-05-13,138.80876220354088,139.11514854791113,138.65513895942627,138.67009211142945,1621575
2025-05-14,136.0551833597899,136.4477303550474,135.23784565212833,135.91926409569422,356028
2025-05-15,135.86027550966907,136.37337424235352,134.4328983500851,135.72455095871038,1785753
2025-05-16,137.61912645096598,138.9894923843955,137.0333856850639,137.48164480615984,331501
2025-05-19,141.4817231278332,142.2793830884045,140.1238296878471,141.3403827450881,759891
2025-05-20,140.38446303697538,140.59947038872622,138.75115600294635,140.24421881815724,119520
2025-05-21,141.8189060233296,142.21045876915395,141.58006361631286,141.67722879453507,666072
2025-05-22,141.10759183697624,141.2032504193106,140.36297525160947,140.9666252117645,235696
2025-05-23,144.03472835122437,144.2394219969431,143.05208058012934,143.89083751371066,415153
2025-05-26,144.79614522799196,145.48641152965206,143.6133856950367,144.6514937342577,140911
2025-05-27,145.57142753254874,146.4650127003833,145.4005628310509,145.42600153101773,443232
2025-05-28,143.17516368441323,143.26729739907626,142.86644787626167,143.0321315528604,1981104
2025-05-29,142.4829045499713,142.84017285815804,141.88860314808488,142.3405639859853,1729609
2025-05-30,141.78247604513507,142.08256405061422,140.47522067160259,141.64083520992517,102304
2025-06-02,132.94865957684067,132.94500018692935,131.81859357502526,132.81584373310758,594607
2025-06-03,135.042896355117,135.26982957869205,134.46314623291553,134.90798836675026,1990008
2025-06-04,135.12069078075504,135.00207028506577,134.9441297089728,134.98570507567936,575944
2025-06-05,134.72981170540612,134.7102954622993,134.3800726898628,134.59521648891723,1544758
2025-06-06,133.97885111196274,134.7339308104016,133.24804208898266,133.8450061058569,1319541
2025-06-09,134.13937649629375,134.82262585214795,133.8543420866394,134.0053711251686,1236645
2025-06-10,134.80616670054172,134.8729295689288,133.66220703729277,134.6714952053364,602670
2025-06-11,131.82115387414856,132.13747241660698,130.86035299653457,131.68946440973883,1577379
2025-06-12,132.20704182901935,132.3505243535954,131.68447633057175,132.0749668621572,601033
2025-06-13,132.56787437786002,133.49978743791084,131.92181154963077,132.43543893892112,1424434
2025-06-16,132.7302968636757,133.01207849445723,131.54762002092755,132.5976991645112,1865814
2025-06-17,129.37418476666429,129.48780574287662,128.80987592013824,129.24493982683745,203030
2025-06-18,129.15295514255652,129.34156509842387,128.42655201780727,129.0239312113452,1980126
2025-06-19,126.34605183192072,126.22765810597777,126.06412302555992,126.21983199992081,860014
2025-06-20,127.21059207315464,127.78546443410731,126.8819129810043,127.08350856459006,1538203
2025-06-23,130.23564488853103,130.41346817976725,130.0108508669793,130.10553934918187,219975
2025-06-24,132.31693126736374,132.50877825232018,132.14671932631353,132.1847465208429,1580552
2025-06-25,131.62675983492466,131.6245263826932,131.28174816446963,131.49526457035432,667352
2025-06-26,130.47572525800518,130.3574791166453,129.7666836117478,130.34537987812706,778512
2025-06-27,129.27770015807934,129.24077511748834,128.2542212302062,129.1485516064729,703303
2025-06-30,130.16206519881507,130.42536254933927,129.68709301125986,130.03203316564944,731646
2025-07-01,128.73988231875907,128.6840969222521,127.684916760651,128.61127104771137,417755
2025-07-02,127.626630430642,128.1219165269846,127.23877573232971,127.49913129934266,1645852
2025-07-03,122.11618551502194,122.35414573582861,121.96712705863894,121.99419132369826,154761
2025-07-04,120.38655518999991,120.49109763316854,119.9883930320787,120.26628890109882,1076230
2025-07-07,118.82166623151764,118.92391346238622,118.32215054619937,118.7029632682494,1240123
2025-07-08,117.7855211774829,118.10076032489215,117.47049125556522,117.66785332415876,458885
2025-07-09,120.37379138664475,120.77526975180311,119.73342890128804,120.25353784879597,1107707
2025-07-10,117.6000941428857,117.8975728767616,116.81440922472977,117.48261153135435,684915
2025-07-11,114.94666976099364,116.12814001949783,113.83830607087766,114.83183792307058,157106
2025-07-14,116.23683279685045,116.49075324159487,115.6099362154135,116.1207120847657,1468621
2025-07-15,114.321253263128,114.81078171063488,112.7533559702904,114.2070462169111,909773
2025-07-16,114.07398501830437,114.43067239637092,113.71186088413725,113.96002499331107,805433
2025-07-17,114.50125563720273,114.92182048070892,114.11737341407253,114.38686876843431,467039
2025-07-18,114.61280950715869,115.17020057441286,114.35356802963253,114.49831119596274,1629268
2025-07-21,113.13539937832991,113.40000632269923,112.97773871539829,113.02237700132859,171106
2025-07-22,115.03356792725315,114.95904058841838,114.60011073709742,114.91864927797518,484606
2025-07-23,118.13145936808016,118.22312703121513,116.37567770715854,118.01344592215801,832524
2025-07-24,116.13766190956146,116.43892746887086,115.73423591893098,116.02164026929218,53704
2025-07-25,115.66555482292502,116.11375142854189,115.37071161385208,115.55000481810693,72978
2025-07-28,117.64871537705118,117.87979464985172,117.23871673170723,117.53118419285833,329184
2025-07-29,117.30271991548705,117.82220187045267,116.13984290378623,117.18553438110595,1838754
2025-07-30,115.32913511775864,115.75172949287467,114.72239890421274,115.21392119656208,258810
2025-07-31,114.54147023412749,114.46146746146648,114.10949159592485,114.42704319093656,1981045
2025-08-01,116.28801871734308,116.41492291424466,115.37670170001599,116.17184687047262,417378
2025-08-04,114.34215109307856,114.63815931909078,113.78418207205623,114.22792316990866,1338192
2025-08-05,114.92927829546758,115.2842275148494,114.48543131685602,114.81446383163596,1956348
2025-08-06,115.77637448238394,116.17468046731292,115.13294171016781,115.66071376861534,788145
2025-08-07,114.53531536638482,115.00020860333531,113.66571416218892,114.42089447191292,1321878
2025-08-08,115.74688161955412,115.8116950032145,115.33548616036833,115.63125036918494,220228
2025-08-11,117.1768787381629,117.27892052212253,116.68061547613719,117.05981891924367,895652
2025-08-12,119.30295768589052,119.34621187928191,118.80705126153568,119.18377391197855,541372
2025-08-13,121.33139937150814,121.96561093880423,121.20876670828372,121.21018918232583,327953
2025-08-14,118.25115366262013,118.34763029800979,116.70539841457706,118.13302064197816,1098763
2025-08-15,120.18315835906016,120.20306082870889,118.87461489759141,120.06309526379637,1629296
2025-08-18,121.48986865760213,121.85530782476961,120.34167022216846,121.3685001574447,1806879
2025-08-19,123.65017816859812,123.80394545363679,123.00072016697044,123.52665151708105,1295745
2025-08-20,121.89723426848735,122.10564611335612,121.47662099788111,121.77545880967769,716109
2025-08-21,123.90858232772936,124.35676401390482,123.77956260579109,123.78479753019917,561819
2025-08-22,124.80036852164305,125.76261409932481,124.37822294726594,124.67569282881425,539318
2025-08-25,122.35912356188645,122.78306053107403,121.69959069408023,122.23688667521125,984677
2025-08-26,125.16735647326304,125.62268716775633,124.12199645088434,125.04231415910395,708810
2025-08-27,123.54837523571932,123.54110567135322,122.11246319414948,123.4249502854339,1702982
2025-08-28,121.44256645327359,121.4252178427905,120.69844614073136,121.32124520806553,545424
2025-08-29,122.37098032052232,122.7148578449624,121.78195015635964,122.2487315889334,1924532
2025-09-01,121.16402202232563,121.37164619209717,120.76796393222867,121.04297904328236,1861931
2025-09-02,122.01423839847385,122.32116836690598,120.77989207474373,121.89234605242144,1904609
2025-09-03,121.57687421368917,121.56387886100414,121.34305202093459,121.45541879489429,1329267
2025-09-04,122.26392061433312,122.33939033588864,122.0095394061107,122.14177883549763,1191625
2025-09-05,124.09370133536875,124.52040014321443,123.19224340349426,123.969731603765,1621454
2025-09-08,124.1101545086041,124.42969719390557,123.42413039302846,123.98616834026384,1083282
2025-09-09,126.08353567056801,126.06867477372778,125.7252052995103,125.95757809247554,1388465
2025-09-10,128.04132510069,128.0682607963892,127.82357033583934,127.91341168900101,867933
2025-09-11,126.26089225177773,127.21300884604449,126.05374760794403,126.13475749428346,1955195
2025-09-12,128.23927620509357,128.20826542593446,127.67506401950499,128.11116504005352,65389
2025-09-15,129.7178727597636,129.84570922135828,129.2892372151622,129.58828447528833,1594849
2025-09-16,130.11751230045243,130.26940003378988,129.86927251435586,129.98752477567677,625269
2025-09-17,132.75389614638488,133.52637819276535,131.44865235310388,132.62127487151338,1352116
2025-09-18,136.69043569450704,137.84426088254952,135.65504177054186,136.55388181269436,1659981
2025-09-19,138.6063100094036,138.56446108933932,136.87466765786985,138.46784216723637,1266517
2025-09-22,135.15797873827248,135.60942291035803,134.50052534277006,135.02295578249,752223
2025-09-23,136.30964928735773,136.3185176330555,135.31883768188558,136.1734758115462,381056
2025-09-24,136.09984495818276,136.31122561607043,135.36999364006988,135.96388107710567,1331328
2025-09-25,135.56470705652995,135.85647420758193,135.1433342485257,135.4292777787512,1175237
2025-09-26,136.48519178150013,136.90425903287277,135.07502303574736,136.34884293856157,1963343
2025-09-29,135.8121556947176,135.86556709336458,135.46690607488515,135.67647921550213,822785
2025-09-30,139.7864916005496,140.74343922095488,138.51147581720184,139.6468447557938,1596231
2025-10-01,140.56878480196974,140.90930655487804,140.14477114930807,140.42835644552423,1592995
2025-10-02,140.7271182981844,140.76178740923459,139.79656500688208,140.58653176641798,668137
2025-10-03,142.76473283018257,142.89996888673176,142.58492444745855,142.6221107194631,88911
2025-10-06,144.8750740138008,145.4823714257712,143.60977746104686,144.73034367013068,512297
2025-10-07,147.98293236135856,148.80948711809162,146.42782382448905,147.8350972640945,619669
2025-10-08,149.7406955868112,150.01428183271108,148.99577531500492,149.5911044823289,1854686
2025-10-09,149.7709719011497,149.73900813586448,149.2863602081262,149.62135055059912,1599908
2025-10-10,150.25031173533145,151.65307104524322,149.91324442069228,150.10021152380767,462089
2025-10-13,144.71587793722108,144.79208156201474,143.97567791166452,144.5713066305905,735030
2025-10-14,141.13021693226827,141.08275084646402,140.4770247967515,140.98922770456372,1442440
2025-10-15,143.8072671757778,144.60654102248708,143.20139335486596,143.66360357220563,1123649
2025-10-16,143.10779092766475,143.87338825073715,142.55377948528988,142.9648261015632,1294425
2025-10-17,147.75438983872692,147.9629243095806,146.83791920326743,147.60678305567126,1869582
2025-10-20,152.52459351306337,153.4102427835596,152.02718581772217,152.3722212917716,1148277
2025-10-21,149.32262820583153,149.2178031762778,147.72281526192938,149.17345475108047,1915046
2025-10-22,150.25749370679938,150.12928317615075,149.3931872395215,150.10738632047892,656767
2025-10-23,157.95521947184974,158.44361999451067,156.44233080194869,157.79742204979996,1425280
2025-10-24,155.92049462160534,155.99228403801334,155.30960422498674,155.76472989171364,1949699
2025-10-27,157.12816789123758,157.14542006667156,156.29075073292435,156.97119669454307,818318
2025-10-28,156.63264387768754,157.30191103268697,155.14915860924808,156.47616770997757,1551938
2025-10-29,156.10876816041358,156.50591952420925,155.34684613027582,155.95281534506853,546094
2025-10-30,155.48403320296498,155.95171188549946,154.55782967684848,155.32870449846652,853499
2025-10-31,155.5715112397734,157.21678761482158,154.26917451399487,155.4160951446288,573390
2025-11-03,157.77679391703185,158.65182351276667,157.40026735425548,157.61917474228957,371702
2025-11-04,155.7010163906684,155.73274224315412,154.84708884263262,155.54547091974868,1179165
2025-11-05,157.20790117831461,157.07757235341708,156.14970611769832,157.05085032798664,846096
2025-11-06,155.40831169558896,156.0314422154287,154.8984372655408,155.25305863695203,224836
2025-11-07,156.9655852863589,158.35355415480217,156.55775325979616,156.80877650984908,137443
2025-11-10,157.96989552897526,158.78097802822197,157.12254363187404,157.81208344552974,300959
2025-11-11,155.96576999372726,155.82765461089656,154.9146695374064,155.80996003369359,412246
2025-11-12,156.4851766257585,156.97244946942604,155.95324904766358,156.32884777798054,185391
2025-11-13,154.61507267612112,154.4931260658077,153.9290095263338,154.46061206405707,513711
2025-11-14,152.46990882332648,152.33656742751796,151.59473583201822,152.3175912320944,1597137
2025-11-17,155.71461420174978,155.75579336944492,155.49015018666222,155.55905514660319,354758
2025-11-18,150.90451272513093,151.40727493977846,150.6344487807926,150.75375896616478,216823
2025-11-19,152.50931297699086,153.51086288901496,151.91876580764128,152.3569560209699,1095656
2025-11-20,154.5251987004636,154.9100647154478,153.37170004945094,154.370827872591,1265089
2025-11-21,153.06307608973225,153.4328531731489,152.83274558561334,152.91016592380845,332791
2025-11-24,156.10735368322236,156.12565383985435,154.8888842151659,155.95140228094144,1660015
2025-11-25,158.7231327485315,159.40988245056815,157.88580544530546,158.56456818035116,225807
2025-11-26,155.27548467673688,155.18058850417285,154.79260940846612,155.12036431242447,1191143
2025-11-27,156.83566329108186,156.70392438237332,155.91360983290065,156.6789843067751,185554
2025-11-28,158.25442078060053,158.2330836963426,157.81761411761357,158.0963244561444,1464710
2025-12-01,156.35728493772527,156.8315696013485,155.59938372079608,156.2010838538714,1774650
2025-12-02,158.06770136899272,158.26928572533095,157.77235034012207,157.90979157741532,969176
2025-12-03,160.2781830703941,162.13581644697132,159.50964471203864,160.11806500538873,204827
2025-12-04,158.40471943478295,159.13624015560418,157.59467366193326,158.24647296182115,1461631
2025-12-05,153.03214229315194,153.5599946339615,151.64850088349698,152.87926303012182,1921060
2025-12-08,154.24180190714102,155.97006126296668,154.06001705159227,154.08771419294808,1391653
2025-12-09,152.38085355719795,153.17938262675816,151.72742691629372,152.22862493226572,1862308
2025-12-10,147.94167066435458,147.985184600182,147.52131544759516,147.79387678756703,1969462
2025-12-11,147.08121680795546,147.0015021210227,146.3699307094874,146.93428252543004,1045993
2025-12-12,141.09395866480537,141.62372206798625,140.26944361427576,140.95300565914624,1956631
2025-12-15,140.38532224994657,141.23387133319747,140.13854101485683,140.24507717277382,1777227
2025-12-16,144.19057653307289,145.3630390936303,143.3984929073903,144.04653000306982,1559346
2025-12-17,137.1400260167097,138.74475095589403,136.49314288213898,137.003022993716,94375
2025-12-18,138.35990161262953,139.32263935425104,137.824380194371,138.22167993269684,1482683
2025-12-19,136.25002615724372,136.47769798403195,135.2239949208415,136.11391224499874,1520099
2025-12-22,135.39035003774816,136.51442466969849,134.89952164041566,135.25509494280539,1502787
2025-12-23,133.35341235618205,134.43238403179137,133.11615283306506,133.22019216401804,1084647
2025-12-24,134.95537314865302,135.29201302974604,134.31339821612093,134.82055259605698,1445116
2025-12-25,135.05021828222,135.39142776881428,134.47364265572986,134.91530297924075,1242993
2025-12-26,133.3252351171521,133.75181441325418,132.86745772152764,133.19204307407801,292360
2025-12-29,130.39369444081862,130.5507968504238,130.25686977411425,130.2634310098088,1999811
2025-12-30,129.53578047201933,130.06759613684423,128.48417132951928,129.40637409792143,105751
2025-12-31,132.26069611687475,132.1612573815413,132.0458007065359,132.12856754932545,362756
2026-01-01,129.57074817246541,130.2873835144686,128.69328037788998,129.44130686559984,349487
2026-01-02,130.6295543470467,131.1458456908983,130.36032306498038,130.49905529175496,651805
2026-01-05,131.51887209987652,131.66315916644737,129.94242044860144,131.38748461526126,61047
2026-01-06,127.03519646227866,127.61425023914634,125.92003300133338,126.90828817410457,1389482
2026-01-07,129.60111787769551,130.61043463660735,128.16460125834357,129.47164623146406,838751
2026-01-08,129.62538871563245,130.79541740685758,129.12730350917508,129.49589282280965,401509
2026-01-09,134.80398870576124,134.69875886694817,134.1869158086837,134.6693193863749,1820676
2026-01-12,139.026513327792,139.7881071989447,138.7657683655545,138.88762570208993,1844830
2026-01-13,138.54304621333029,138.66258496126773,137.7069867191919,138.40464157175853,1428669
2026-01-14,138.29178748879863,138.59400040913863,137.61500713700198,138.1536338549437,367206
2026-01-15,135.9783664849814,135.90974781954603,135.45641065388077,135.8425239610204,1124308
2026-01-16,132.82595766222164,132.90261932392178,131.81926888106636,132.69326439782384,816606
2026-01-19,134.79777044024624,136.21709340479882,134.09481044851614,134.66310733291334,402974
2026-01-20,134.32376219310692,135.03145775378164,133.7496373768604,134.18957262048644,1509698
2026-01-21,133.49527661473425,134.50784647527936,133.21106677665819,133.36191470003422,648622
2026-01-22,133.214350011861,133.76127098247258,133.00047607462247,133.0812687431179,1741932
2026-01-23,134.92341255062638,135.77825866942874,134.39600929163336,134.7886239266997,121125
2026-01-26,137.27450474008123,137.99650999462153,136.92526725375635,137.13736737270852,1586890
2026-01-27,137.39978642668893,137.95575370460213,136.8963790106542,137.26252390278617,1380213
2026-01-28,137.05548518227093,138.03029412611892,136.03845930473315,136.9185666156553,1646675
2026-01-29,137.4269897991322,138.23331296000018,137.1791492427622,137.28970009903318,1957680
2026-01-30,142.54774162675125,142.9211286475469,142.16980684880576,142.4053362904608,844290
2026-02-02,137.4769881012383,138.02666171392409,137.0313228021055,137.33964845278553,1306898
2026-02-03,134.80417373717518,136.25639299517778,134.37315389918726,134.66950423294224,783508
2026-02-04,136.05175303426867,136.56888639182796,135.03803753867982,135.91583719707162,1753575
2026-02-05,136.5283254798958,137.2193746018693,135.44342889151662,136.3919335463495,1115203
2026-02-06,139.6050915433704,140.2463272856349,139.3144845330802,139.46562591745297,1353592
2026-02-09,142.95406900790525,143.25512199828424,142.50798889073002,142.8112577501551,390662
2026-02-10,148.062555408923,147.93803095054318,147.2925576864122,147.91464076815487,1561723
2026-02-11,146.11885079693812,146.07487909847455,145.56665621502574,145.9728779190191,1095647
2026-02-12,147.8325457587528,148.1381361613398,147.32482000337345,147.68486089785495,379656
2026-02-13,147.35412302061184,148.4743581125279,147.11006241010972,147.20691610450734,1129527
2026-02-16,150.01102201833544,150.38985809480855,149.31070313928143,149.86116085747798,565067
2026-02-17,150.64377988326004,150.91036485513638,150.32241944779187,150.49328659666338,674145
2026-02-18,153.13489284052883,153.41909594024034,152.78125748379438,152.98191092959925,1412449
2026-02-19,151.28145489629688,151.18323670267452,150.70119406878354,151.13032457172517,333186
2026-02-20,151.865802628136,151.72548971131246,149.96372099111832,151.71408853959642,1844846
2026-02-23,150.6394908272137,151.45107909418198,150.48795265935726,150.48900182538833,225561
2026-02-24,150.093030637,150.17127540576925,149.60701751150333,149.94308754945055,562357
2026-02-25,149.03863237724113,149.82534650615477,148.72277031997677,148.88974263460653,748171
2026-02-26,146.47984982676988,146.55815171146622,146.30085735508277,146.33351631045943,1027120
2026-02-27,149.50360693543547,149.53781759467887,148.7709593614244,149.35425268275273,1104084
2026-03-02,150.4293660454512,150.45922712338464,149.1681177495478,150.2790869584927,1188315
2026-03-03,153.47213821908443,154.45352568748896,153.28890694176027,153.31881939968477,1969598
2026-03-04,150.93303059153763,152.01490970014518,150.22419975467832,150.78224834319445,1851622
2026-03-05,145.8848775204632,146.52418706827203,145.2647434092442,145.73913838208114,432792
2026-03-06,144.36821815165453,145.3644147059419,142.7637089673043,144.22399415749706,512949
2026-03-09,144.12674130533205,144.1866925392414,143.79324912060426,143.98275854678528,89272
2026-03-10,146.27988968570804,147.16166926704176,146.075191936168,146.1337559297783,1937605
2026-03-11,149.1527832780125,149.04134594329076,148.68516072521106,149.003779498514,634506
2026-03-12,152.51359083626159,152.5358783326203,151.30126688011583,152.36122960665494,1912243
2026-03-13,156.80569914521786,156.86364233135046,156.39090569825612,156.64905009512276,964571
2026-03-16,158.98115400097112,159.87997347939094,158.09544282705912,158.82233166930183,545742
2026-03-17,159.45673235286876,159.78095516428266,158.95144968012085,159.29743491795082,1179196
2026-03-18,157.47139937432905,157.4377811199685,156.77897138200444,157.31408528904004,286306
2026-03-19,159.5396002280926,159.6719787852997,159.30083226720535,159.38022000808454,708698
2026-03-20,158.29260062814146,158.233158867274,157.7412913262076,158.1344661619795,160321
2026-03-23,156.20863374204106,156.7152332743746,155.0666030890128,156.0525811608802,1831968
2026-03-24,157.98656905775465,158.73982479352273,157.7472816419993,157.82874031743722,617224
2026-03-25,158.76221422181476,158.61219599766716,157.0846283398436,158.60361061120358,469187
2026-03-26,161.32438104578083,162.11360696752942,160.40110537150133,161.16321782795288,448710
2026-03-27,159.4505293959092,160.22708203578233,158.90065965065972,159.29123815775148,563007
2026-03-30,162.91210123245213,162.832444362641,162.33071698701985,162.74935188057157,971554
2026-03-31,164.11465929703874,164.09723159501323,163.70569651478954,163.9507085884503,551942
2026-04-01,163.79548739029457,164.3091572223313,163.35690993164505,163.63185553475984,1806786
2026-04-02,161.77503317847973,163.0503213403757,160.95620729652072,161.61341975872102,1936753
2026-04-03,158.86520574696485,158.93423039552653,158.69020258314924,158.70649924771715,600541
2026-04-06,155.20130626057897,155.68006974835345,154.19112677607063,155.0462600005784,982443
2026-04-07,159.20214193040727,159.36699541451762,158.44041763764912,159.04309883157572,1598198
2026-04-08,155.3788130403822,155.51444047504776,154.5762861650734,155.22358945093129,736244
2026-04-09,157.2729730539737,158.93962406100596,156.51441097106405,157.11585719677691,368950
2026-04-10,156.74993738664958,157.2997178749867,156.3771296941066,156.593344042607,148771
2026-04-13,155.3189891244267,156.01268341266734,155.0356646008955,155.1638252991276,1332346
2026-04-14,154.18224791460736,154.58218676626493,153.46250104856898,154.02821969491245,802390
2026-04-15,154.07950809775883,154.37866676771128,153.06378030005925,153.9255825152436,1900972
2026-04-16,156.70245698165428,156.6567771609922,156.23457659039926,156.5459110705837,1618083
2026-04-17,158.42503206205257,158.41498649032002,157.02724432757313,158.26676529675584,1655937
2026-04-20,158.5860961012205,159.85120567319532,157.6071676544305,158.42766843278773,1685716
2026-04-21,154.91050074320242,156.88359105588293,153.86533245501874,154.75574499820422,1100447
2026-04-22,150.19835753623101,151.22086014597645,149.358976321847,150.04830922700404,1904979
2026-04-23,155.30915182052317,155.2393927569921,154.11583749784484,155.1539978227005,173707
2026-04-24,152.70582752639248,153.172887880711,151.43475302557908,152.55327425214037,437703
2026-04-27,148.63077016326568,148.65772878459853,148.21500754362816,148.4822878753903,139905
2026-04-28,151.73346249045355,152.62529753913563,150.86549108655709,151.58188060984372,125654
2026-04-29,147.87110850303338,149.09907773230879,146.15083429507263,147.72338511791548,1637801
2026-04-30,149.96304094654727,149.91968820549056,149.53936906983927,149.81322771882844,397122
2026-05-01,152.5857363091154,152.80872965474967,151.43661376188538,152.4333030061093,1363882
2026-05-04,153.41288151792867,153.35205723552457,152.413710289801,153.25962189603266,185514
2026-05-05,156.18309764889992,156.33671408686348,155.08606052720765,156.0270705783216,920843
2026-05-06,152.50429832191966,152.9232595267124,152.19363849032254,152.35194637554414,1735640
2026-05-07,149.36407932428753,150.43822165042846,148.84167263058853,149.2148644598277,456410
2026-05-08,149.00569038721557,149.8327624760759,148.83796487606273,148.85683355366191,609981
2026-05-11,149.14918874957078,149.30501287659314,148.79893507604598,149.0001885610098,443221
2026-05-12,149.07771275255269,149.48146422939317,148.75494485246892,148.92878396858413,1680434
2026-05-13,150.45495700770132,150.36525625072028,149.76240815130274,150.304652355346,773146
2026-05-14,148.64659742367039,149.68897899007814,147.82190682923874,148.49809932434604,614099
2026-05-15,143.19858023836414,143.12755234348438,142.64907719523615,143.0555247136505,906524
2026-05-18,144.36833833193884,144.36371608234285,143.3730085246499,144.22411421772114,252299
2026-05-19,143.93186975788973,143.93208710816097,143.6586230459084,143.78808167621352,611746
2026-05-20,146.1451412176902,147.26301324961733,145.18279138461935,145.9991420756146,579444
2026-05-21,151.66116714047993,151.9461815880512,151.3607897729588,151.50965748299694,1260510
2026-05-22,152.02697958008415,152.71835771373756,151.43398862781032,151.87510447560857,1243790
2026-05-25,153.73981674090533,153.87770750305882,152.64947174132126,153.58623051039496,834125
2026-05-26,151.45988750381812,153.0816454419823,149.96638361718166,151.30857892489325,1946060
2026-05-27,154.04035155170678,154.8375417361443,153.30407498222908,153.88646508662018,1709058
2026-05-28,155.11844550322127,155.0552935706297,154.21804142757895,154.9634820212001,1291904
2026-05-29,155.95414307114376,156.0257789836167,154.86917047134165,155.79834472641735,1372064
2026-06-01,158.62881141145027,158.57262936201627,157.7915087228716,158.4703410703799,1616423
2026-06-02,155.61302941536016,155.46044675538795,154.92056493516984,155.45757184351666,1194651
2026-06-03,157.31533923776036,157.5967852414646,156.7558011854693,157.15818105670368,1049571
2026-06-04,158.74088194148575,160.16195587888356,157.4513924397752,158.58229964184392,1332138
2026-06-05,163.35492037131536,164.82871945277734,163.10672739045327,163.1917286426727,1850834
2026-06-08,158.30072401534912,158.95396060425887,157.25037277446407,158.1425814339152,1367652
2026-06-09,158.20439986711122,159.21892520074803,157.48220073970603,158.04635351359764,1723044
2026-06-10,164.48663743003482,164.7733524127535,163.65729458608467,164.32231511491992,980729
2026-06-11,163.4611833311539,163.92261294201148,162.2314504601187,163.2978854457082,1977291
2026-06-12,162.35693624572679,162.92321074560078,161.37750619711667,162.19474150422258,1173456
2026-06-15,167.63144838976277,167.6725878651425,166.17126541017547,167.46398440535742,1696105
2026-06-16,175.2182730179998,177.3535832240322,174.21635797033898,175.0432297882116,631635
2026-06-17,175.74573781831168,176.00335122260282,174.01039405050253,175.57016765066103,1411069
2026-06-18,173.69808288583826,174.41921089878258,171.63694973652474,173.52455832751076,1505069
2026-06-19,172.04441139035885,172.07728425592754,170.45280322088476,171.87253885150736,1671962
2026-06-22,171.00641507550793,171.37049715895017,169.95267111638,170.83557949601195,888611
2026-06-23,168.61835465081464,169.71190729113223,168.18524743142564,168.4499047460686,1793088
2026-06-24,166.3707539993638,166.44882863239576,165.0958668119751,166.2045494499139,1030756
2026-06-25,167.04168405853156,167.9264787737652,166.7553772537276,166.8748092492823,1371388
2026-06-26,167.3160741875796,167.28369289530147,167.00488423790947,167.1489252623173,1576537
2026-06-29,168.88697582657954,170.43820106432685,168.21238195254608,168.71825756901055,203509
2026-06-30,169.12696664597863,169.30594430183945,168.26167537615254,168.9580086373413,123549
2026-07-01,165.67234396402094,165.73921147388378,165.47551920278016,165.50683712689406,904124
2026-07-02,167.9916187998137,168.67924837822443,167.04296919635647,167.82379500480891,787375
2026-07-03,168.88140981467583,169.06818058963788,168.4035916888154,168.7126971175583,1937010
2026-07-06,167.30136363507407,167.4602470660879,166.59595552483586,167.1342294056684,873721
2026-07-07,166.65723063772143,166.90402183840726,166.4408548638064,166.49073989782363,1399327
2026-07-08,167.76006393094423,169.67707713087157,166.6516648071937,167.59247145948476,568703
2026-07-09,168.14965045550827,167.99103741457142,167.36495974837618,167.98166878672157,828324
2026-07-10,167.92321883886999,168.39415010469676,167.4574761979212,167.75546337549451,1965074
2026-07-13,170.35324959429357,171.0235003336424,169.21715716805076,170.18306652776582,1779859
2026-07-14,173.7160888824886,174.0019958928847,172.46759292456778,173.54254633615247,56597
2026-07-15,172.91327999309948,173.0920913958434,172.6991429744021,172.74053945364585,750866
2026-07-16,173.01087292736162,172.9185999737291,171.314792956726,172.83803489246918,269836
2026-07-17,169.78402061608284,170.22509240817013,169.58891286420302,169.61440620987298,815227
2026-07-20,169.43511168758522,170.44088945467678,168.86248388734288,169.2658458417435,1407028
2026-07-21,171.0183357211425,170.92577679782787,170.16027207211786,170.84748823290963,1096908
2026-07-22,173.79013800181386,174.56108042547422,173.22681177516458,173.61652148033355,868141
2026-07-23,174.46528572489387,174.58649505086314,173.7292465977526,174.29099473016373,1369531
2026-07-24,174.35691123051762,175.4254018459607,174.09062639311927,174.18272850201564,459340
2026-07-27,172.31277420283195,173.21081713235054,172.0177907721686,172.1406335692627,1162892
2026-07-28,173.12981931403527,173.40514445047378,172.52735717252156,172.9568624515837,57846
2026-07-29,169.95245968487717,169.9385865138974,169.03946745326115,169.78267700786932,700046
2026-07-30,170.4921077696133,170.36886945658256,169.04941285487376,170.3217859836297,1725573
2026-07-31,170.70942153386085,170.97648711563724,169.18745102247587,170.53888265120966,1146937
2026-08-03,168.13484995257625,169.01058626582778,167.02153399971348,167.96688306950676,677308
2026-08-04,169.26435181558585,169.2892915577173,168.0307557477271,169.09525655902684,736996
2026-08-05,168.781507532139,169.63979666140474,168.21636491135632,168.6128946375015,1718300
2026-08-06,170.72510066436726,171.1376755996224,169.61287631532934,170.55454611824902,1356198
2026-08-07,169.42231018243692,171.42398260626547,168.52591830089892,169.2530571253116,1283326
2026-08-10,171.0204369952106,171.93780748791866,170.3630291668476,170.8495874078028,1137503
2026-08-11,175.89356401686885,176.0365779894038,174.6615334893934,175.71784617069818,1416104
2026-08-12,176.60989852652162,178.01473490348945,175.80888100691098,176.43346506146017,259595
2026-08-13,179.23000952690919,180.3213313557704,178.79833453410615,179.05095856834086,1361407
2026-08-14,177.36443329707228,177.9750552268154,176.53332592859306,177.18724605102128,1279855
2026-08-17,176.4194043941476,177.53643658088544,175.4100174030692,176.2431612329147,1950632
2026-08-18,170.70246443516723,170.74322540002512,169.51677098189222,170.53193250266457,1882788
2026-08-19,170.40043904360925,170.33648222580396,169.9121281881498,170.2302088347745,887648
2026-08-20,167.15640435036664,167.70712647089871,166.91461984953642,166.98941493543123,1264427
2026-08-21,167.6421140031422,167.9632462544024,165.95144198885689,167.47463936377846,1858034
2026-08-24,161.69331405585845,162.54441055011307,160.97091640066682,161.5317822735849,193462
2026-08-25,159.37912113503543,159.6207405370022,158.92005054414247,159.21990123380164,90985
2026-08-26,159.7528152159148,159.9592087763489,159.19820818724992,159.5932219939209,1127216
2026-08-27,160.99531094180023,161.240344704278,159.71904419089557,160.83447646533492,1330293
2026-08-28,156.43419403654508,156.54908560412383,156.1423048898971,156.27791612042466,368327
2026-08-31,155.42781610167106,156.68939260510777,154.94375798089192,155.27254355811297,278431
2026-09-01,162.59047452079037,163.2279516033231,161.607292099946,162.42804647431606,864565
2026-09-02,164.9948970992019,165.98687189961055,164.3982591404472,164.83006703216975,73924
2026-09-03,165.6059009167605,166.00542279655218,164.89240769886078,165.4404604563042,371854
2026-09-04,157.70369871167858,158.282041381313,156.0217548865273,157.5461525591195,1949363
2026-09-07,155.27946247470186,155.29919129526496,154.78523323338254,155.1243381365653,1839737
2026-09-08,156.83784994374759,157.48691107429312,156.3569873554179,156.68116877497263,1887727
2026-09-09,157.62438883069615,158.02885771236117,157.2094855466967,157.46692190878738,1558230
2026-09-10,159.0240035017295,159.44398127951476,157.68792432832765,158.86513836336616,1848045
2026-09-11,161.84774374627742,162.04133212973505,161.39072578991014,161.68605768858885,1163226
2026-09-14,162.26575608562905,162.6873119149936,160.8055296814482,162.10365243319586,546718
2026-09-15,164.8402233813593,164.8308630825547,163.91446723023057,164.6755478335258,630251
2026-09-16,159.7722625214168,160.18115644144868,159.455628784264,159.61264987154527,1478474
2026-09-17,166.9550148257562,167.0004017785926,165.8055639317137,166.78822659915704,251393
2026-09-18,166.2194492792831,166.34741454191752,165.59294608424213,166.05339588339973,1246924
2026-09-21,164.4653701981715,164.6439607262713,164.11914307165,164.30106912904247,1434477
2026-09-22,168.9555470042557,169.7606620643419,168.50399635913288,168.7867602440117,1015683
2026-09-23,170.89824365154388,171.30517978128637,170.6270030971227,170.72751613540848,521157
2026-09-24,173.971168488809,174.4679347208894,173.79084152098588,173.79737111769134,831722
2026-09-25,172.21945053639186,173.80059647840875,171.46537105269982,172.04740313325863,1822003
